Input,Angle
0.009999999776482582,-0.0
0.009999999776482582,-0.0
0.009999999776482582,-0.0
0.009999999776482582,-0.0
0.009999999776482582,-0.0
0.009999999776482582,-0.0
0.009999999776482582,-0.0
0.009999999776482582,-0.0
0.009999999776482582,-0.0
0.009999999776482582,-0.0
0.009999999776482582,-0.0
0.009999999776482582,-0.0
0.009999999776482582,-0.0
0.009999999776482582,-0.0
0.009999999776482582,-0.0
0.009999999776482582,-0.0
-0.03674795478582382,-0.0
-0.03674795478582382,-0.0
-0.03674795478582382,-0.0
-0.03674795478582382,-0.015707964077591896
-0.03674795478582382,-0.015707964077591896
-0.03674795478582382,-0.015707964077591896
-0.03674795478582382,-0.03141592815518379
-0.03674795478582382,-0.03141592815518379
-0.03674795478582382,-0.04712389037013054
-0.03674795478582382,-0.04712389037013054
-0.03674795478582382,-0.06283185631036758
-0.03674795478582382,-0.07853981852531433
-0.03674795478582382,-0.07853981852531433
-0.03674795478582382,-0.09424778074026108
-0.03674795478582382,-0.10995574295520782
-0.03674795478582382,-0.12566371262073517
-0.03674795478582382,-0.14137166738510132
-0.03674795478582382,-0.15707963705062866
-0.03674795478582382,-0.1727875918149948
-0.03674795478582382,-0.18849556148052216
-0.03674795478582382,-0.2042035162448883
-0.03674795478582382,-0.21991148591041565
-0.03674795478582382,-0.25132742524147034
-0.03674795478582382,-0.2670353651046753
-0.03674795478582382,-0.28274333477020264
-0.03674795478582382,-0.29845130443573
-0.03674795478582382,-0.3298672139644623
-0.03674795478582382,-0.3455751836299896
-0.03674795478582382,-0.36128315329551697
-0.03674795478582382,-0.39269909262657166
-0.03674795478582382,-0.4084070324897766
-0.03674795478582382,-0.4398229718208313
-0.03133338689804077,-0.45553094148635864
-0.03133338689804077,-0.48694685101509094
-0.03133338689804077,-0.5026548504829407
-0.03133338689804077,-0.5340707302093506
-0.03133338689804077,-0.5654866695404053
-0.03133338689804077,-0.5811946392059326
-0.03133338689804077,-0.6126105785369873
-0.03133338689804077,-0.644026517868042
-0.03133338689804077,-0.6597344279289246
-0.06787537038326263,-0.6911503672599792
-0.06787537038326263,-0.7225663065910339
-0.06787537038326263,-0.7539822459220886
-0.06787537038326263,-0.7853981852531433
-0.06787537038326263,-0.8168140649795532
-0.06787537038326263,-0.8639379739761353
-0.06787537038326263,-0.8953539133071899
-0.06787537038326263,-0.942477822303772
-0.06787537038326263,-0.9896016716957092
-0.06787537038326263,-1.0367255210876465
-0.06787537038326263,-1.0838494300842285
-0.06787537038326263,-1.146681308746338
-0.06787537038326263,-1.19380521774292
-0.06787537038326263,-1.240929126739502
-0.06787537038326263,-1.3037610054016113
-0.06787537038326263,-1.3665927648544312
-0.06787537038326263,-1.4294246435165405
-0.06787537038326263,-1.49225652217865
-0.06787537038326263,-1.5550884008407593
-0.06787537038326263,-1.617920160293579
-0.06787537038326263,-1.6807520389556885
-0.06787537038326263,-1.7592918872833252
-0.06787537038326263,-1.8221237659454346
-0.06787537038326263,-1.9006636142730713
-0.06787537038326263,-1.9792033433914185
-0.06787537038326263,-2.0420353412628174
-0.06787537038326263,-2.120574951171875
-0.06787537038326263,-2.1991147994995117
-0.06787537038326263,-2.293362617492676
-0.06787537038326263,-2.3719024658203125
-0.06787537038326263,-2.450442314147949
-0.06787537038326263,-2.528982162475586
-0.06787537038326263,-2.62322998046875
-0.06787537038326263,-2.7017695903778076
-0.06787537038326263,-2.7960174083709717
-0.06787537038326263,-2.8902652263641357
-0.06787537038326263,-2.9688050746917725
-0.06787537038326263,-3.0630528926849365
-0.06787537038326263,-3.1573007106781006
-0.06787537038326263,-3.2515482902526855
-0.06787537038326263,-3.3457961082458496
-0.06787537038326263,-3.455751895904541
-0.06787537038326263,-3.549999713897705
-0.06787537038326263,-3.644247531890869
-0.06787537038326263,-3.738495349884033
-0.06787537038326263,-3.8484508991241455
-0.06787537038326263,-3.9426987171173096
-0.06787537038326263,-4.05265474319458
-0.06787537038326263,-4.162610054016113
-0.06787537038326263,-4.256857872009277
-0.012546047568321228,-4.366813659667969
-0.012546047568321228,-4.47676944732666
-0.012546047568321228,-4.571017265319824
-0.012546047568321228,-4.680973052978516
-0.012546047568321228,-4.77522087097168
-0.012546047568321228,-4.885176658630371
-0.012546047568321228,-4.979424476623535
-0.012546047568321228,-5.089380264282227
-0.012546047568321228,-5.183628082275391
-0.012546047568321228,-5.293583393096924
-0.012546047568321228,-5.387831211090088
-0.012546047568321228,-5.482079029083252
-0.07046376168727875,-5.592034816741943
-0.07046376168727875,-5.686282634735107
-0.07046376168727875,-5.7805304527282715
-0.07046376168727875,-5.890486240386963
-0.07046376168727875,-6.000442028045654
-0.07046376168727875,-6.094689846038818
-0.07046376168727875,-6.20464563369751
-0.07046376168727875,-6.314601421356201
-0.07046376168727875,-6.424557209014893
-0.07046376168727875,-6.534512519836426
-0.07046376168727875,-6.644468307495117
0.030491702258586884,-6.754424095153809
0.030491702258586884,-6.8643798828125
0.030491702258586884,-6.958627700805664
0.030491702258586884,-7.052875518798828
0.030491702258586884,-7.1628313064575195
0.030491702258586884,-7.241371154785156
0.030491702258586884,-7.33561897277832
0.030491702258586884,-7.429866790771484
0.030491702258586884,-7.508406639099121
0.030491702258586884,-7.586946487426758
0.030491702258586884,-7.665485858917236
0.030491702258586884,-7.728317737579346
0.030491702258586884,-7.806857585906982
0.030491702258586884,-7.869689464569092
0.030491702258586884,-7.932521343231201
0.030491702258586884,-7.9953532218933105
0.030491702258586884,-8.058185577392578
0.030491702258586884,-8.10530948638916
0.030491702258586884,-8.16814136505127
0.030491702258586884,-8.215264320373535
0.030491702258586884,-8.262388229370117
0.030491702258586884,-8.3095121383667
0.030491702258586884,-8.356636047363281
0.030491702258586884,-8.388051986694336
0.030491702258586884,-8.41946792602539
0.030491702258586884,-8.466591835021973
0.030491702258586884,-8.498007774353027
0.030491702258586884,-8.529423713684082
0.030491702258586884,-8.560839653015137
0.030491702258586884,-8.576547622680664
0.030491702258586884,-8.607963562011719
0.030491702258586884,-8.623671531677246
0.030491702258586884,-8.6550874710083
0.030491702258586884,-8.670795440673828
0.030491702258586884,-8.686503410339355
0.030491702258586884,-8.702211380004883
0.030491702258586884,-8.702211380004883
0.030491702258586884,-8.71791934967041
0.030491702258586884,-8.71791934967041
0.030491702258586884,-8.733627319335938
0.030491702258586884,-8.733627319335938
0.030491702258586884,-8.733627319335938
0.030491702258586884,-8.733627319335938
0.030491702258586884,-8.733627319335938
0.030491702258586884,-8.733627319335938
-0.04560254514217377,-8.733627319335938
-0.04560254514217377,-8.733627319335938
-0.04560254514217377,-8.733627319335938
-0.04560254514217377,-8.733627319335938
-0.04560254514217377,-8.733627319335938
-0.04560254514217377,-8.733627319335938
-0.04560254514217377,-8.749335289001465
-0.04560254514217377,-8.749335289001465
-0.04560254514217377,-8.765043258666992
-0.0545160211622715,-8.78075122833252
-0.0545160211622715,-8.796459197998047
-0.0545160211622715,-8.812167167663574
-0.0545160211622715,-8.827875137329102
-0.0545160211622715,-8.843583106994629
-0.0545160211622715,-8.859291076660156
-0.0545160211622715,-8.890707015991211
-0.0545160211622715,-8.906414985656738
-0.0545160211622715,-8.937830924987793
-0.0545160211622715,-8.969246864318848
-0.0545160211622715,-9.000662803649902
-0.0545160211622715,-9.032078742980957
-0.0545160211622715,-9.063494682312012
-0.0545160211622715,-9.094910621643066
-0.0545160211622715,-9.142034530639648
-0.0545160211622715,-9.173450469970703
-0.0545160211622715,-9.204866409301758
-0.0545160211622715,-9.25199031829834
-0.0545160211622715,-9.299114227294922
-0.0545160211622715,-9.346238136291504
-0.0545160211622715,-9.377654075622559
-0.0545160211622715,-9.42477798461914
-0.0545160211622715,-9.471901893615723
-0.0545160211622715,-9.534733772277832
-0.0545160211622715,-9.581857681274414
-0.0545160211622715,-9.628981590270996
-0.0545160211622715,-9.676105499267578
-0.0545160211622715,-9.738937377929688
-0.0545160211622715,-9.78606128692627
-0.0545160211622715,-9.848893165588379
-0.0545160211622715,-9.911725044250488
-0.0545160211622715,-9.95884895324707
-0.0545160211622715,-10.02168083190918
-0.0545160211622715,-10.084512710571289
-0.0915946438908577,-10.147344589233398
-0.0915946438908577,-10.210176467895508
-0.0915946438908577,-10.273008346557617
-0.0915946438908577,-10.351548194885254
-0.0915946438908577,-10.43008804321289
-0.0915946438908577,-10.508627891540527
-0.0915946438908577,-10.587166786193848
-0.0915946438908577,-10.665706634521484
-0.0915946438908577,-10.759954452514648
-0.0915946438908577,-10.838494300842285
-0.0915946438908577,-10.93274211883545
-0.0915946438908577,-11.026989936828613
-0.0915946438908577,-11.136945724487305
-0.0915946438908577,-11.231193542480469
-0.0915946438908577,-11.325441360473633
-0.0915946438908577,-11.435397148132324
-0.0915946438908577,-11.545352935791016
-0.0915946438908577,-11.655308723449707
-0.0915946438908577,-11.765264511108398
-0.0915946438908577,-11.87522029876709
-0.0915946438908577,-12.000884056091309
-0.0915946438908577,-12.11083984375
-0.0915946438908577,-12.236503601074219
-0.0915946438908577,-12.362167358398438
-0.0915946438908577,-12.487831115722656
-0.0915946438908577,-12.613494873046875
-0.0915946438908577,-12.739158630371094
-0.0915946438908577,-12.864822387695312
-0.0915946438908577,-13.006193161010742
-0.0915946438908577,-13.131856918334961
-0.0915946438908577,-13.273228645324707
-0.0915946438908577,-13.414600372314453
-0.0915946438908577,-13.5559720993042
-0.0915946438908577,-13.697343826293945
-0.0915946438908577,-13.838715553283691
-0.0915946438908577,-13.980087280273438
-0.0915946438908577,-14.137166976928711
-0.08487915247678757,-14.278538703918457
-0.08487915247678757,-14.43561840057373
-0.08487915247678757,-14.576990127563477
-0.08487915247678757,-14.73406982421875
-0.08487915247678757,-14.891149520874023
-0.08487915247678757,-15.048229217529297
-0.08487915247678757,-15.189600944519043
0.03471934050321579,-15.3466796875
0.03471934050321579,-15.503759384155273
0.03471934050321579,-15.64513111114502
0.03471934050321579,-15.786502838134766
0.03471934050321579,-15.927874565124512
0.03471934050321579,-16.053539276123047
0.03471934050321579,-16.179203033447266
0.03471934050321579,-16.304866790771484
0.03471934050321579,-16.43052864074707
0.03471934050321579,-16.540485382080078
0.03471934050321579,-16.650440216064453
0.03471934050321579,-16.76039695739746
0.03471934050321579,-16.870351791381836
0.03471934050321579,-16.964599609375
0.03471934050321579,-17.074556350708008
0.03471934050321579,-17.153095245361328
0.03471934050321579,-17.247343063354492
0.03471934050321579,-17.341590881347656
0.09079065173864365,-17.42013168334961
0.09079065173864365,-17.48296356201172
0.09079065173864365,-17.56150245666504
0.09079065173864365,-17.62433433532715
0.09079065173864365,-17.671459197998047
0.09079065173864365,-17.718582153320312
0.09079065173864365,-17.76570701599121
0.09079065173864365,-17.797122955322266
0.09079065173864365,-17.82853889465332
0.09079065173864365,-17.84424591064453
0.09079065173864365,-17.875661849975586
0.09079065173864365,-17.875661849975586
-0.006239406764507294,-17.89137077331543
-0.006239406764507294,-17.89137077331543
-0.006239406764507294,-17.90707778930664
-0.006239406764507294,-17.90707778930664
-0.006239406764507294,-17.922786712646484
-0.006239406764507294,-17.922786712646484
-0.006239406764507294,-17.922786712646484
-0.006239406764507294,-17.922786712646484
-0.006239406764507294,-17.938493728637695
-0.006239406764507294,-17.938493728637695
-0.006239406764507294,-17.938493728637695
-0.006239406764507294,-17.938493728637695
-0.006239406764507294,-17.938493728637695
-0.006239406764507294,-17.938493728637695
-0.006239406764507294,-17.938493728637695
-0.006239406764507294,-17.938493728637695
-0.006239406764507294,-17.938493728637695
-0.006239406764507294,-17.938493728637695
-0.006239406764507294,-17.938493728637695
-0.006239406764507294,-17.938493728637695
-0.006239406764507294,-17.938493728637695
-0.006239406764507294,-17.938493728637695
-0.006239406764507294,-17.938493728637695
-0.006239406764507294,-17.938493728637695
-0.006239406764507294,-17.938493728637695
-0.006239406764507294,-17.938493728637695
-0.006239406764507294,-17.922786712646484
-0.006239406764507294,-17.922786712646484
-0.006239406764507294,-17.922786712646484
-0.006239406764507294,-17.922786712646484
-0.006239406764507294,-17.922786712646484
-0.006239406764507294,-17.922786712646484
-0.006239406764507294,-17.922786712646484
-0.006239406764507294,-17.922786712646484
-0.006239406764507294,-17.922786712646484
-0.006239406764507294,-17.922786712646484
-0.006239406764507294,-17.922786712646484
-0.006239406764507294,-17.922786712646484
-0.006239406764507294,-17.922786712646484
0.0019887909293174744,-17.922786712646484
0.0019887909293174744,-17.922786712646484
0.0019887909293174744,-17.922786712646484
0.0019887909293174744,-17.922786712646484
0.0019887909293174744,-17.922786712646484
0.0019887909293174744,-17.922786712646484
0.0019887909293174744,-17.922786712646484
0.0019887909293174744,-17.922786712646484
0.0019887909293174744,-17.922786712646484
0.0019887909293174744,-17.922786712646484
0.0019887909293174744,-17.922786712646484
0.0019887909293174744,-17.922786712646484
0.0019887909293174744,-17.922786712646484
0.0019887909293174744,-17.922786712646484
0.0019887909293174744,-17.922786712646484
0.0019887909293174744,-17.922786712646484
0.0019887909293174744,-17.922786712646484
0.0019887909293174744,-17.922786712646484
0.0019887909293174744,-17.922786712646484
0.0019887909293174744,-17.922786712646484
0.0019887909293174744,-17.922786712646484
0.0019887909293174744,-17.922786712646484
0.0019887909293174744,-17.922786712646484
0.0019887909293174744,-17.922786712646484
0.0019887909293174744,-17.922786712646484
0.0019887909293174744,-17.922786712646484
0.0019887909293174744,-17.922786712646484
0.0019887909293174744,-17.922786712646484
0.0019887909293174744,-17.922786712646484
0.0019887909293174744,-17.922786712646484
0.0019887909293174744,-17.922786712646484
0.0019887909293174744,-17.922786712646484
0.0019887909293174744,-17.922786712646484
0.0019887909293174744,-17.922786712646484
0.07431838661432266,-17.922786712646484
0.07431838661432266,-17.922786712646484
0.07431838661432266,-17.90707778930664
0.07431838661432266,-17.89137077331543
0.07431838661432266,-17.875661849975586
0.07431838661432266,-17.859954833984375
0.07431838661432266,-17.84424591064453
0.07431838661432266,-17.812829971313477
0.07431838661432266,-17.781414031982422
0.07431838661432266,-17.749998092651367
0.07431838661432266,-17.718582153320312
0.07431838661432266,-17.671459197998047
0.07431838661432266,-17.640043258666992
0.07431838661432266,-17.592918395996094
0.07431838661432266,-17.545795440673828
0.07431838661432266,-17.49867057800293
0.09863895922899246,-17.451547622680664
0.09863895922899246,-17.388715744018555
0.09863895922899246,-17.341590881347656
0.09863895922899246,-17.278759002685547
0.09863895922899246,-17.200220108032227
0.09863895922899246,-17.137388229370117
0.09863895922899246,-17.058847427368164
0.09863895922899246,-16.980308532714844
0.09863895922899246,-16.90176773071289
0.09863895922899246,-16.82322883605957
0.09863895922899246,-16.728981018066406
0.09863895922899246,-16.634733200073242
0.09863895922899246,-16.540485382080078
0.09863895922899246,-16.446237564086914
0.09863895922899246,-16.35198974609375
0.09863895922899246,-16.242034912109375
0.09863895922899246,-16.132078170776367
0.09863895922899246,-16.022123336791992
0.09863895922899246,-15.912166595458984
0.09863895922899246,-15.802210807800293
0.09863895922899246,-15.692255020141602
0.09863895922899246,-15.566591262817383
0.09863895922899246,-15.440927505493164
0.09863895922899246,-15.315263748168945
0.09863895922899246,-15.189600944519043
0.09863895922899246,-15.063937187194824
0.09863895922899246,-14.922565460205078
0.09863895922899246,-14.79690170288086
0.09863895922899246,-14.655529975891113
0.09863895922899246,-14.514158248901367
0.09863895922899246,-14.372786521911621
0.09863895922899246,-14.231414794921875
0.09863895922899246,-14.090043067932129
0.09863895922899246,-13.932963371276855
0.09863895922899246,-13.79159164428711
0.09863895922899246,-13.634511947631836
0.09863895922899246,-13.477432250976562
0.09863895922899246,-13.320352554321289
0.09863895922899246,-13.163272857666016
0.09863895922899246,-13.006193161010742
0.09863895922899246,-12.849114418029785
0.09863895922899246,-12.676326751708984
0.09863895922899246,-12.519247055053711
0.06695031374692917,-12.34645938873291
0.06695031374692917,-12.189379692077637
0.06695031374692917,-12.016592025756836
0.06695031374692917,-11.859512329101562
0.06695031374692917,-11.686724662780762
0.06695031374692917,-11.513936996459961
0.06695031374692917,-11.356857299804688
0.06695031374692917,-11.184069633483887
0.06695031374692917,-11.026989936828613
0.06695031374692917,-10.854202270507812
0.06695031374692917,-10.697122573852539
0.06695031374692917,-10.524335861206055
0.06695031374692917,-10.367256164550781
0.06695031374692917,-10.19446849822998
0.06695031374692917,-10.037388801574707
0.06695031374692917,-9.864601135253906
0.06695031374692917,-9.707521438598633
0.06695031374692917,-9.534733772277832
0.06695031374692917,-9.377654075622559
0.06695031374692917,-9.204866409301758
-0.07994993031024933,-9.047786712646484
-0.07994993031024933,-8.890707015991211
-0.07994993031024933,-8.749335289001465
-0.07994993031024933,-8.607963562011719
-0.07994993031024933,-8.4822998046875
-0.07994993031024933,-8.356636047363281
-0.07994993031024933,-8.230972290039062
-0.07994993031024933,-8.121017456054688
-0.07994993031024933,-8.026769638061523
-0.07994993031024933,-7.916813373565674
-0.07994993031024933,-7.82256555557251
-0.01609838753938675,-7.744025707244873
-0.01609838753938675,-7.649777889251709
-0.01609838753938675,-7.5712385177612305
-0.01609838753938675,-7.492698669433594
-0.01609838753938675,-7.414158821105957
-0.01609838753938675,-7.33561897277832
-0.01609838753938675,-7.257079124450684
-0.01609838753938675,-7.178539276123047
-0.01609838753938675,-7.09999942779541
-0.01609838753938675,-7.037167549133301
-0.01609838753938675,-6.958627700805664
-0.01609838753938675,-6.895795822143555
-0.01609838753938675,-6.832963943481445
-0.01609838753938675,-6.770132064819336
-0.01609838753938675,-6.707300186157227
-0.01609838753938675,-6.644468307495117
-0.01609838753938675,-6.581636428833008
-0.01609838753938675,-6.518804550170898
-0.01609838753938675,-6.471680641174316
-0.01609838753938675,-6.408849239349365
-0.01609838753938675,-6.361725330352783
-0.01609838753938675,-6.298893451690674
-0.01609838753938675,-6.251769542694092
-0.01609838753938675,-6.20464563369751
-0.01609838753938675,-6.157521724700928
-0.01609838753938675,-6.110397815704346
-0.01609838753938675,-6.063273906707764
-0.01609838753938675,-6.016149997711182
-0.01609838753938675,-5.9690260887146
-0.01609838753938675,-5.937610149383545
-0.01609838753938675,-5.890486240386963
-0.01609838753938675,-5.843362331390381
-0.01609838753938675,-5.811946392059326
-0.01609838753938675,-5.7805304527282715
-0.01609838753938675,-5.7334065437316895
-0.01609838753938675,-5.701990604400635
-0.01609838753938675,-5.67057466506958
-0.01609838753938675,-5.639158725738525
-0.01609838753938675,-5.607742786407471
-0.01609838753938675,-5.576326847076416
-0.01609838753938675,-5.544910907745361
-0.01609838753938675,-5.513494968414307
-0.01609838753938675,-5.482079029083252
-0.01609838753938675,-5.466371059417725
-0.01609838753938675,-5.43495512008667
-0.01609838753938675,-5.403539180755615
-0.01609838753938675,-5.387831211090088
-0.01609838753938675,-5.356415271759033
-0.01609838753938675,-5.340707302093506
0.0426795557141304,-5.309291362762451
0.0426795557141304,-5.293583393096924
0.0426795557141304,-5.262167930603027
0.0426795557141304,-5.2464599609375
0.0426795557141304,-5.215044021606445
0.0426795557141304,-5.183628082275391
0.0426795557141304,-5.152212142944336
0.0426795557141304,-5.120796203613281
0.0426795557141304,-5.105088233947754
0.0426795557141304,-5.073672294616699
0.0426795557141304,-5.026548385620117
0.0426795557141304,-4.9951324462890625
0.0426795557141304,-4.963716506958008
0.0426795557141304,-4.932300567626953
0.0426795557141304,-4.900884628295898
0.0426795557141304,-4.869468688964844
0.0426795557141304,-4.822344779968262
0.0426795557141304,-4.790928840637207
0.0426795557141304,-4.743804931640625
0.0426795557141304,-4.71238899230957
0.0426795557141304,-4.665265083312988
0.0426795557141304,-4.633849143981934
0.0426795557141304,-4.586725234985352
0.0426795557141304,-4.5396013259887695
0.0426795557141304,-4.508185386657715
0.0426795557141304,-4.461061477661133
0.0426795557141304,-4.413937568664551
0.0426795557141304,-4.366813659667969
0.0426795557141304,-4.335397720336914
0.0426795557141304,-4.288273811340332
0.0426795557141304,-4.24114990234375
0.003307148814201355,-4.194025993347168
0.003307148814201355,-4.146902084350586
0.003307148814201355,-4.099778175354004
0.003307148814201355,-4.05265474319458
0.003307148814201355,-4.005530834197998
0.003307148814201355,-3.958406686782837
0.003307148814201355,-3.9269907474517822
0.003307148814201355,-3.8798668384552
0.003307148814201355,-3.832742929458618
0.003307148814201355,-3.8013272285461426
0.003307148814201355,-3.7542033195495605
0.003307148814201355,-3.7070794105529785
0.003307148814201355,-3.675663471221924
0.003307148814201355,-3.628539562225342
0.003307148814201355,-3.597123622894287
0.003307148814201355,-3.549999713897705
0.003307148814201355,-3.5185837745666504
0.003307148814201355,-3.4714598655700684
0.003307148814201355,-3.4400439262390137
0.003307148814201355,-3.408627986907959
0.003307148814201355,-3.361504077911377
0.003307148814201355,-3.3300881385803223
0.003307148814201355,-3.2986721992492676
0.003307148814201355,-3.267256259918213
0.003307148814201355,-3.235840320587158
0.003307148814201355,-3.1887166500091553
0.003307148814201355,-3.1573007106781006
0.003307148814201355,-3.125884771347046
0.003307148814201355,-3.094468832015991
0.003307148814201355,-3.0630528926849365
0.003307148814201355,-3.031636953353882
0.003307148814201355,-3.000221014022827
0.003307148814201355,-2.9688050746917725
0.003307148814201355,-2.9373891353607178
0.003307148814201355,-2.9216811656951904
0.003307148814201355,-2.8902652263641357
0.003307148814201355,-2.858849287033081
0.003307148814201355,-2.8274333477020264
0.003307148814201355,-2.811725378036499
0.003307148814201355,-2.7803094387054443
0.003307148814201355,-2.7488934993743896
0.003307148814201355,-2.7331855297088623
0.003307148814201355,-2.7017695903778076
0.003307148814201355,-2.670353651046753
0.08750907331705093,-2.6546456813812256
0.08750907331705093,-2.62322998046875
0.08750907331705093,-2.5918140411376953
0.08750907331705093,-2.5603981018066406
0.08750907331705093,-2.5132741928100586
0.08750907331705093,-2.4661502838134766
0.08750907331705093,-2.4190263748168945
0.08750907331705093,-2.3719024658203125
0.08750907331705093,-2.3247785568237305
0.08750907331705093,-2.261946678161621
0.08750907331705093,-2.214822769165039
0.08750907331705093,-2.1519908905029297
0.08750907331705093,-2.073451042175293
0.08750907331705093,-2.0106194019317627
0.08750907331705093,-1.9477874040603638
0.08750907331705093,-1.8692476749420166
0.08750907331705093,-1.7907078266143799
0.08750907331705093,-1.7121679782867432
0.08750907331705093,-1.6336281299591064
0.08750907331705093,-1.539380431175232
0.08750907331705093,-1.4608405828475952
0.08750907331705093,-1.3665927648544312
0.08750907331705093,-1.2723450660705566
0.08750907331705093,-1.1780972480773926
0.08750907331705093,-1.0838494300842285
0.08750907331705093,-0.9896016716957092
0.08750907331705093,-0.8796459436416626
0.08750907331705093,-0.7853981852531433
-0.09977792203426361,-0.6754423975944519
-0.09977792203426361,-0.5811946392059326
-0.09977792203426361,-0.5026548504829407
-0.09977792203426361,-0.4084070324897766
-0.09977792203426361,-0.3455751836299896
-0.09977792203426361,-0.28274333477020264
-0.09977792203426361,-0.21991148591041565
-0.07146459817886353,-0.15707963705062866
-0.07146459817886353,-0.10995574295520782
-0.07146459817886353,-0.07853981852531433
-0.07146459817886353,-0.03141592815518379
-0.07146459817886353,-0.0
-0.07146459817886353,0.015707964077591896
-0.07146459817886353,0.04712389037013054
-0.07146459817886353,0.06283185631036758
-0.07146459817886353,0.07853981852531433
-0.07146459817886353,0.09424778074026108
-0.07146459817886353,0.09424778074026108
-0.07146459817886353,0.09424778074026108
-0.07146459817886353,0.09424778074026108
-0.07146459817886353,0.07853981852531433
-0.07146459817886353,0.06283185631036758
-0.07146459817886353,0.04712389037013054
-0.07146459817886353,0.03141592815518379
-0.07146459817886353,-0.0
-0.07146459817886353,-0.015707964077591896
-0.07146459817886353,-0.04712389037013054
-0.07146459817886353,-0.07853981852531433
-0.07146459817886353,-0.10995574295520782
-0.07146459817886353,-0.14137166738510132
-0.07146459817886353,-0.18849556148052216
-0.07146459817886353,-0.21991148591041565
-0.07146459817886353,-0.2670353651046753
-0.07146459817886353,-0.3141592741012573
-0.07146459817886353,-0.36128315329551697
-0.07146459817886353,-0.4084070324897766
-0.07146459817886353,-0.471238911151886
-0.07146459817886353,-0.5183627605438232
-0.07146459817886353,-0.5811946392059326
-0.07146459817886353,-0.644026517868042
-0.07146459817886353,-0.6911503672599792
-0.07146459817886353,-0.769690215587616
-0.07146459817886353,-0.8325220346450806
-0.07146459817886353,-0.8953539133071899
-0.07146459817886353,-0.9581857323646545
-0.07146459817886353,-1.0367255210876465
-0.07146459817886353,-1.1152653694152832
-0.07146459817886353,-1.1780972480773926
-0.07146459817886353,-1.2566370964050293
-0.07146459817886353,-1.3351768255233765
-0.07146459817886353,-1.4137166738510132
-0.07146459817886353,-1.49225652217865
-0.0384129174053669,-1.586504340171814
-0.0384129174053669,-1.6650440692901611
-0.0384129174053669,-1.7435839176177979
-0.0384129174053669,-1.8221237659454346
-0.0384129174053669,-1.9006636142730713
-0.0384129174053669,-1.9949113130569458
-0.0384129174053669,-2.073451042175293
-0.0384129174053669,-2.1519908905029297
-0.0384129174053669,-2.2305307388305664
-0.0384129174053669,-2.309070587158203
-0.0384129174053669,-2.38761043548584
-0.0384129174053669,-2.4661502838134766
-0.0384129174053669,-2.5446901321411133
-0.0384129174053669,-2.62322998046875
-0.0384129174053669,-2.7017695903778076
-0.0384129174053669,-2.7960174083709717
-0.0384129174053669,-2.858849287033081
-0.0384129174053669,-2.953097105026245
-0.0384129174053669,-3.0159289836883545
-0.0384129174053669,-3.1101768016815186
-0.0384129174053669,-3.173008680343628
-0.0384129174053669,-3.2515482902526855
-0.0384129174053669,-3.3300881385803223
-0.0384129174053669,-3.408627986907959
-0.0384129174053669,-3.4871678352355957
-0.0384129174053669,-3.5657076835632324
-0.0384129174053669,-3.644247531890869
-0.0384129174053669,-3.722787380218506
-0.0384129174053669,-3.8013272285461426
-0.0384129174053669,-3.8798668384552
-0.0384129174053669,-3.958406686782837
-0.0384129174053669,-4.021238803863525
-0.0384129174053669,-4.099778175354004
-0.0384129174053669,-4.178318023681641
-0.0384129174053669,-4.256857872009277
-0.0384129174053669,-4.335397720336914
-0.0384129174053669,-4.413937568664551
-0.0384129174053669,-4.47676944732666
-0.0384129174053669,-4.555309295654297
-0.0384129174053669,-4.633849143981934
-0.0384129174053669,-4.71238899230957
-0.0384129174053669,-4.77522087097168
-0.0384129174053669,-4.853760719299316
-0.0384129174053669,-4.932300567626953
-0.0384129174053669,-5.01084041595459
0.07559382170438766,-5.073672294616699
0.07559382170438766,-5.136504173278809
0.07559382170438766,-5.199336051940918
0.07559382170438766,-5.262167930603027
0.07559382170438766,-5.309291362762451
0.07559382170438766,-5.356415271759033
0.07559382170438766,-5.387831211090088
0.07559382170438766,-5.43495512008667
0.07559382170438766,-5.450663089752197
0.07559382170438766,-5.482079029083252
0.07559382170438766,-5.497786998748779
0.07559382170438766,-5.513494968414307
0.07559382170438766,-5.529202938079834
0.07559382170438766,-5.529202938079834
0.07559382170438766,-5.529202938079834
0.07559382170438766,-5.529202938079834
0.07559382170438766,-5.513494968414307
0.07559382170438766,-5.497786998748779
0.07559382170438766,-5.482079029083252
0.07559382170438766,-5.466371059417725
0.07559382170438766,-5.43495512008667
0.07559382170438766,-5.403539180755615
0.07559382170438766,-5.387831211090088
0.07559382170438766,-5.340707302093506
0.07559382170438766,-5.309291362762451
0.07559382170438766,-5.2778754234313965
0.07559382170438766,-5.230751991271973
0.07559382170438766,-5.183628082275391
0.07559382170438766,-5.136504173278809
-0.09065992385149002,-5.089380264282227
-0.09065992385149002,-5.057964324951172
-0.09065992385149002,-5.026548385620117
-0.09065992385149002,-4.9951324462890625
-0.09065992385149002,-4.963716506958008
-0.09065992385149002,-4.9480085372924805
-0.09065992385149002,-4.9480085372924805
-0.09065992385149002,-4.9480085372924805
-0.09065992385149002,-4.9480085372924805
-0.09065992385149002,-4.9480085372924805
-0.09065992385149002,-4.963716506958008
-0.09065992385149002,-4.979424476623535
-0.09065992385149002,-4.9951324462890625
-0.09065992385149002,-5.026548385620117
-0.09065992385149002,-5.057964324951172
-0.09065992385149002,-5.089380264282227
-0.09065992385149002,-5.136504173278809
-0.09065992385149002,-5.167920112609863
-0.09065992385149002,-5.215044021606445
-0.09065992385149002,-5.262167930603027
-0.09065992385149002,-5.3249993324279785
-0.09065992385149002,-5.3721232414245605
-0.09065992385149002,-5.43495512008667
-0.09065992385149002,-5.497786998748779
-0.09065992385149002,-5.560618877410889
-0.09065992385149002,-5.639158725738525
-0.09065992385149002,-5.701990604400635
-0.09065992385149002,-5.7805304527282715
-0.09065992385149002,-5.859070301055908
-0.09065992385149002,-5.937610149383545
-0.09065992385149002,-6.031857967376709
-0.09065992385149002,-6.110397815704346
-0.09065992385149002,-6.20464563369751
-0.09065992385149002,-6.298893451690674
-0.09065992385149002,-6.393141269683838
-0.09065992385149002,-6.487388610839844
-0.09065992385149002,-6.597344398498535
-0.09065992385149002,-6.691592216491699
-0.09065992385149002,-6.801548004150391
-0.09065992385149002,-6.911503791809082
-0.09065992385149002,-7.021459579467773
-0.09065992385149002,-7.131415367126465
-0.09065992385149002,-7.241371154785156
-0.0798569917678833,-7.367034912109375
-0.0798569917678833,-7.476990699768066
-0.0798569917678833,-7.602654457092285
-0.0798569917678833,-7.728317737579346
-0.0798569917678833,-7.8539814949035645
-0.0798569917678833,-7.963937282562256
-0.0798569917678833,-8.089601516723633
-0.0798569917678833,-8.215264320373535
-0.0798569917678833,-8.356636047363281
-0.0798569917678833,-8.4822998046875
-0.0798569917678833,-8.607963562011719
-0.0798569917678833,-8.733627319335938
-0.0798569917678833,-8.874999046325684
-0.0798569917678833,-9.000662803649902
-0.0798569917678833,-9.142034530639648
-0.0798569917678833,-9.267698287963867
-0.0798569917678833,-9.409070014953613
-0.0798569917678833,-9.55044174194336
-0.0798569917678833,-9.691813468933105
-0.0798569917678833,-9.833185195922852
-0.0798569917678833,-9.974556922912598
-0.0798569917678833,-10.115928649902344
-0.0798569917678833,-10.25730037689209
-0.0798569917678833,-10.398672103881836
-0.0798569917678833,-10.555750846862793
-0.0798569917678833,-10.697122573852539
-0.0798569917678833,-10.838494300842285
-0.0798569917678833,-10.995573997497559
-0.0798569917678833,-11.136945724487305
-0.0798569917678833,-11.294025421142578
-0.0798569917678833,-11.435397148132324
-0.0798569917678833,-11.592476844787598
-0.0798569917678833,-11.749556541442871
-0.0798569917678833,-11.890928268432617
-0.0798569917678833,-12.04800796508789
-0.0798569917678833,-12.205087661743164
-0.0798569917678833,-12.362167358398438
-0.0798569917678833,-12.519247055053711
-0.0798569917678833,-12.676326751708984
-0.0798569917678833,-12.833406448364258
0.0913793072104454,-12.990485191345215
0.0913793072104454,-13.131856918334961
0.0913793072104454,-13.273228645324707
0.0913793072104454,-13.398892402648926
0.0913793072104454,-13.524556159973145
0.0913793072104454,-13.634511947631836
0.0913793072104454,-13.744467735290527
0.0913793072104454,-13.854423522949219
0.0913793072104454,-13.948671340942383
0.0913793072104454,-14.02721118927002
0.0913793072104454,-14.105751037597656
-0.005841203033924103,-14.184290885925293
-0.005841203033924103,-14.26283073425293
-0.005841203033924103,-14.341370582580566
-0.005841203033924103,-14.404202461242676
-0.005841203033924103,-14.482742309570312
-0.005841203033924103,-14.545574188232422
-0.005841203033924103,-14.624114036560059
-0.005841203033924103,-14.702653884887695
-0.005841203033924103,-14.765485763549805
-0.005841203033924103,-14.844025611877441
-0.005841203033924103,-14.90685749053955
-0.005841203033924103,-14.96968936920166
-0.005841203033924103,-15.048229217529297
-0.005841203033924103,-15.111061096191406
-0.005841203033924103,-15.189600944519043
-0.005841203033924103,-15.252431869506836
-0.005841203033924103,-15.315263748168945
-0.005841203033924103,-15.378095626831055
-0.005841203033924103,-15.456635475158691
-0.005841203033924103,-15.5194673538208
-0.005841203033924103,-15.58229923248291
-0.005841203033924103,-15.64513111114502
-0.07032033801078796,-15.707962989807129
-0.07032033801078796,-15.770794868469238
-0.07032033801078796,-15.849334716796875
-0.07032033801078796,-15.912166595458984
-0.07032033801078796,-15.990706443786621
-0.07032033801078796,-16.069246292114258
-0.07032033801078796,-16.132078170776367
-0.07032033801078796,-16.21061897277832
-0.07032033801078796,-16.28915786743164
-0.07032033801078796,-16.383405685424805
-0.07032033801078796,-16.461944580078125
-0.07032033801078796,-16.540485382080078
-0.07032033801078796,-16.634733200073242
-0.07032033801078796,-16.713272094726562
0.07600521296262741,-16.807519912719727
0.07600521296262741,-16.88606071472168
0.07600521296262741,-16.964599609375
0.07600521296262741,-17.02743148803711
0.07600521296262741,-17.09026336669922
0.07600521296262741,-17.153095245361328
0.07600521296262741,-17.200220108032227
0.07600521296262741,-17.247343063354492
0.07600521296262741,-17.29446792602539
0.07600521296262741,-17.325883865356445
0.07600521296262741,-17.3572998046875
0.07600521296262741,-17.388715744018555
0.07600521296262741,-17.404422760009766
0.07600521296262741,-17.42013168334961
0.07600521296262741,-17.43583869934082
0.07600521296262741,-17.43583869934082
0.07600521296262741,-17.451547622680664
0.07600521296262741,-17.43583869934082
0.07600521296262741,-17.43583869934082
0.07600521296262741,-17.42013168334961
0.07600521296262741,-17.42013168334961
0.07600521296262741,-17.388715744018555
0.07600521296262741,-17.37300682067871
0.07600521296262741,-17.341590881347656
0.07600521296262741,-17.325883865356445
0.07600521296262741,-17.29446792602539
0.07600521296262741,-17.263051986694336
0.07600521296262741,-17.215927124023438
0.07600521296262741,-17.184511184692383
0.07600521296262741,-17.137388229370117
0.07600521296262741,-17.09026336669922
0.07600521296262741,-17.043140411376953
0.07600521296262741,-16.996015548706055
0.07600521296262741,-16.94889259338379
0.07600521296262741,-16.88606071472168
0.07600521296262741,-16.83893585205078
0.07600521296262741,-16.776103973388672
0.07600521296262741,-16.713272094726562
0.07600521296262741,-16.650440216064453
0.07600521296262741,-16.587608337402344
0.07600521296262741,-16.509069442749023
0.07600521296262741,-16.446237564086914
0.07600521296262741,-16.367698669433594
0.07600521296262741,-16.28915786743164
0.07600521296262741,-16.21061897277832
0.07600521296262741,-16.132078170776367
0.07600521296262741,-16.053539276123047
0.07600521296262741,-15.974998474121094
0.07600521296262741,-15.896458625793457
-0.05339629948139191,-15.802210807800293
-0.05339629948139191,-15.723670959472656
-0.05339629948139191,-15.660839080810547
-0.05339629948139191,-15.58229923248291
-0.05339629948139191,-15.5194673538208
-0.05339629948139191,-15.456635475158691
0.09345332533121109,-15.393803596496582
0.09345332533121109,-15.330971717834473
0.09345332533121109,-15.268139839172363
0.09345332533121109,-15.189600944519043
0.09345332533121109,-15.126769065856934
0.09345332533121109,-15.048229217529297
0.09345332533121109,-14.96968936920166
0.09345332533121109,-14.875441551208496
0.09345332533121109,-14.79690170288086
0.09345332533121109,-14.702653884887695
0.09345332533121109,-14.608406066894531
0.09345332533121109,-14.514158248901367
0.09345332533121109,-14.419910430908203
0.09345332533121109,-14.325662612915039
0.09345332533121109,-14.215706825256348
0.09345332533121109,-14.105751037597656
0.09345332533121109,-14.011503219604492
0.09345332533121109,-13.885839462280273
0.09345332533121109,-13.775883674621582
0.09345332533121109,-13.66592788696289
0.09345332533121109,-13.540264129638672
0.09345332533121109,-13.414600372314453
0.09345332533121109,-13.304644584655762
0.09345332533121109,-13.178980827331543
0.09345332533121109,-13.037609100341797
0.09345332533121109,-12.911945343017578
0.09345332533121109,-12.786282539367676
0.09345332533121109,-12.64491081237793
-0.046836305409669876,-12.519247055053711
-0.046836305409669876,-12.377875328063965
-0.046836305409669876,-12.267919540405273
-0.046836305409669876,-12.142255783081055
-0.046836305409669876,-12.032299995422363
-0.046836305409669876,-11.922344207763672
-0.046836305409669876,-11.81238842010498
-0.046836305409669876,-11.718140602111816
-0.046836305409669876,-11.623892784118652
-0.046836305409669876,-11.529644966125488
-0.046836305409669876,-11.435397148132324
-0.046836305409669876,-11.356857299804688
-0.046836305409669876,-11.27831745147705
-0.046836305409669876,-11.199777603149414
-0.046836305409669876,-11.136945724487305
-0.046836305409669876,-11.058405876159668
-0.046836305409669876,-10.995573997497559
-0.046836305409669876,-10.948450088500977
-0.046836305409669876,-10.885618209838867
-0.046836305409669876,-10.838494300842285
-0.046836305409669876,-10.791370391845703
-0.046836305409669876,-10.744246482849121
-0.046836305409669876,-10.697122573852539
-0.046836305409669876,-10.665706634521484
-0.046836305409669876,-10.63429069519043
-0.046836305409669876,-10.602874755859375
-0.046836305409669876,-10.57145881652832
-0.046836305409669876,-10.540042877197266
-0.046836305409669876,-10.524335861206055
-0.046836305409669876,-10.508627891540527
-0.046836305409669876,-10.492919921875
-0.046836305409669876,-10.477211952209473
-0.046836305409669876,-10.477211952209473
-0.046836305409669876,-10.461503982543945
-0.046836305409669876,-10.461503982543945
-0.046836305409669876,-10.461503982543945
-0.046836305409669876,-10.461503982543945
-0.046836305409669876,-10.461503982543945
-0.046836305409669876,-10.477211952209473
-0.046836305409669876,-10.477211952209473
-0.046836305409669876,-10.492919921875
-0.046836305409669876,-10.508627891540527
-0.046836305409669876,-10.508627891540527
-0.046836305409669876,-10.524335861206055
-0.046836305409669876,-10.540042877197266
-0.046836305409669876,-10.57145881652832
-0.046836305409669876,-10.587166786193848
-0.046836305409669876,-10.602874755859375
-0.046836305409669876,-10.63429069519043
0.059252358973026276,-10.649998664855957
0.059252358973026276,-10.665706634521484
0.059252358973026276,-10.681414604187012
0.059252358973026276,-10.697122573852539
0.059252358973026276,-10.697122573852539
0.059252358973026276,-10.712830543518066
0.059252358973026276,-10.712830543518066
0.059252358973026276,-10.712830543518066
0.059252358973026276,-10.697122573852539
0.059252358973026276,-10.697122573852539
0.059252358973026276,-10.681414604187012
0.059252358973026276,-10.665706634521484
0.059252358973026276,-10.649998664855957
0.059252358973026276,-10.63429069519043
0.059252358973026276,-10.602874755859375
0.059252358973026276,-10.587166786193848
0.059252358973026276,-10.555750846862793
0.059252358973026276,-10.540042877197266
0.059252358973026276,-10.508627891540527
0.059252358973026276,-10.477211952209473
0.059252358973026276,-10.445796012878418
0.059252358973026276,-10.414380073547363
0.059252358973026276,-10.367256164550781
0.059252358973026276,-10.335840225219727
0.059252358973026276,-10.288716316223145
-0.06183905154466629,-10.25730037689209
-0.06183905154466629,-10.225884437561035
-0.06183905154466629,-10.19446849822998
-0.06183905154466629,-10.163052558898926
-0.06183905154466629,-10.147344589233398
-0.06183905154466629,-10.131636619567871
-0.06183905154466629,-10.115928649902344
-0.06183905154466629,-10.100220680236816
-0.0064237043261528015,-10.100220680236816
-0.0064237043261528015,-10.084512710571289
-0.0064237043261528015,-10.084512710571289
-0.0064237043261528015,-10.068804740905762
-0.0064237043261528015,-10.068804740905762
-0.0064237043261528015,-10.068804740905762
-0.0064237043261528015,-10.068804740905762
-0.0064237043261528015,-10.053096771240234
-0.0064237043261528015,-10.053096771240234
-0.0064237043261528015,-10.053096771240234
-0.0064237043261528015,-10.053096771240234
-0.0064237043261528015,-10.053096771240234
-0.0064237043261528015,-10.053096771240234
-0.0064237043261528015,-10.053096771240234
-0.0064237043261528015,-10.053096771240234
-0.0064237043261528015,-10.053096771240234
-0.0064237043261528015,-10.053096771240234
-0.0064237043261528015,-10.053096771240234
-0.0064237043261528015,-10.053096771240234
-0.0064237043261528015,-10.053096771240234
-0.0064237043261528015,-10.053096771240234
-0.0064237043261528015,-10.053096771240234
-0.0064237043261528015,-10.053096771240234
-0.0064237043261528015,-10.068804740905762
-0.0064237043261528015,-10.068804740905762
-0.0064237043261528015,-10.068804740905762
-0.0064237043261528015,-10.068804740905762
-0.0064237043261528015,-10.068804740905762
-0.0064237043261528015,-10.068804740905762
-0.0064237043261528015,-10.068804740905762
-0.0064237043261528015,-10.068804740905762
-0.0064237043261528015,-10.068804740905762
-0.0064237043261528015,-10.068804740905762
-0.0064237043261528015,-10.084512710571289
-0.0064237043261528015,-10.084512710571289
-0.0064237043261528015,-10.084512710571289
-0.0064237043261528015,-10.084512710571289
-0.0064237043261528015,-10.084512710571289
-0.0064237043261528015,-10.068804740905762
-0.0064237043261528015,-10.068804740905762
-0.0064237043261528015,-10.068804740905762
-0.0064237043261528015,-10.068804740905762
-0.0064237043261528015,-10.068804740905762
-0.0064237043261528015,-10.068804740905762
-0.0064237043261528015,-10.068804740905762
-0.0064237043261528015,-10.068804740905762
-0.0064237043261528015,-10.068804740905762
-0.0064237043261528015,-10.068804740905762
-0.0064237043261528015,-10.068804740905762
-0.00941835343837738,-10.068804740905762
-0.00941835343837738,-10.068804740905762
-0.00941835343837738,-10.068804740905762
-0.00941835343837738,-10.068804740905762
-0.00941835343837738,-10.068804740905762
-0.00941835343837738,-10.068804740905762
-0.00941835343837738,-10.068804740905762
-0.00941835343837738,-10.068804740905762
-0.00941835343837738,-10.068804740905762
-0.00941835343837738,-10.068804740905762
-0.00941835343837738,-10.068804740905762
-0.00941835343837738,-10.068804740905762
-0.00941835343837738,-10.068804740905762
-0.00941835343837738,-10.068804740905762
-0.00941835343837738,-10.068804740905762
-0.00941835343837738,-10.068804740905762
-0.00941835343837738,-10.068804740905762
-0.00941835343837738,-10.068804740905762
-0.00941835343837738,-10.068804740905762
-0.00941835343837738,-10.068804740905762
-0.00941835343837738,-10.068804740905762
-0.00941835343837738,-10.068804740905762
-0.00941835343837738,-10.068804740905762
0.02979288250207901,-10.068804740905762
0.02979288250207901,-10.068804740905762
0.02979288250207901,-10.068804740905762
0.02979288250207901,-10.068804740905762
0.02979288250207901,-10.053096771240234
0.02979288250207901,-10.053096771240234
0.02979288250207901,-10.053096771240234
0.02979288250207901,-10.037388801574707
0.02979288250207901,-10.037388801574707
0.02979288250207901,-10.02168083190918
0.02979288250207901,-10.02168083190918
0.02979288250207901,-10.005972862243652
0.02979288250207901,-10.005972862243652
0.02979288250207901,-9.990264892578125
0.02979288250207901,-9.974556922912598
0.02979288250207901,-9.974556922912598
0.02979288250207901,-9.95884895324707
0.02979288250207901,-9.943140983581543
0.02979288250207901,-9.927433013916016
0.02979288250207901,-9.927433013916016
0.02979288250207901,-9.911725044250488
0.02979288250207901,-9.896017074584961
0.02979288250207901,-9.880309104919434
0.02979288250207901,-9.864601135253906
0.02979288250207901,-9.848893165588379
0.02979288250207901,-9.833185195922852
0.02979288250207901,-9.817477226257324
0.02979288250207901,-9.801769256591797
0.02979288250207901,-9.78606128692627
0.02979288250207901,-9.770353317260742
0.02979288250207901,-9.754645347595215
0.02979288250207901,-9.738937377929688
0.02979288250207901,-9.72322940826416
0.02979288250207901,-9.707521438598633
0.02979288250207901,-9.676105499267578
0.02979288250207901,-9.66039752960205
0.02979288250207901,-9.644689559936523
0.02979288250207901,-9.628981590270996
0.02979288250207901,-9.613273620605469
0.02979288250207901,-9.581857681274414
0.06356368213891983,-9.566149711608887
0.06356368213891983,-9.534733772277832
0.06356368213891983,-9.519025802612305
0.06356368213891983,-9.48760986328125
0.06356368213891983,-9.456193923950195
0.06356368213891983,-9.42477798461914
0.06356368213891983,-9.393362045288086
0.06356368213891983,-9.346238136291504
0.06356368213891983,-9.31482219696045
0.06356368213891983,-9.267698287963867
0.06356368213891983,-9.236282348632812
0.06356368213891983,-9.18915843963623
0.06356368213891983,-9.142034530639648
0.06356368213891983,-9.094910621643066
0.06356368213891983,-9.047786712646484
0.06356368213891983,-8.984954833984375
0.06356368213891983,-8.937830924987793
0.06356368213891983,-8.890707015991211
0.06356368213891983,-8.827875137329102
0.06356368213891983,-8.765043258666992
0.06356368213891983,-8.702211380004883
0.06356368213891983,-8.6550874710083
0.06356368213891983,-8.576547622680664
0.06356368213891983,-8.513715744018555
0.06356368213891983,-8.450883865356445
0.06356368213891983,-8.388051986694336
0.06356368213891983,-8.325220108032227
-0.016464442014694214,-8.24668025970459
-0.016464442014694214,-8.183849334716797
-0.016464442014694214,-8.121017456054688
-0.016464442014694214,-8.058185577392578
-0.016464442014694214,-7.9953532218933105
-0.016464442014694214,-7.932521343231201
-0.016464442014694214,-7.869689464569092
-0.016464442014694214,-7.82256555557251
-0.016464442014694214,-7.7597336769104
-0.016464442014694214,-7.696901798248291
-0.016464442014694214,-7.649777889251709
-0.016464442014694214,-7.602654457092285
-0.016464442014694214,-7.555530548095703
-0.016464442014694214,-7.492698669433594
-0.016464442014694214,-7.445574760437012
-0.016464442014694214,-7.414158821105957
-0.016464442014694214,-7.367034912109375
-0.016464442014694214,-7.319911003112793
-0.016464442014694214,-7.272787094116211
-0.016464442014694214,-7.225663185119629
-0.016464442014694214,-7.194247245788574
-0.016464442014694214,-7.147123336791992
-0.016464442014694214,-7.1157073974609375
-0.016464442014694214,-7.0685834884643555
-0.016464442014694214,-7.037167549133301
-0.016464442014694214,-7.005751609802246
-0.016464442014694214,-6.974335670471191
-0.016464442014694214,-6.942919731140137
-0.016464442014694214,-6.911503791809082
-0.016464442014694214,-6.880087852478027
-0.016464442014694214,-6.848671913146973
-0.016464442014694214,-6.817255973815918
-0.016464442014694214,-6.785840034484863
-0.016464442014694214,-6.770132064819336
-0.016464442014694214,-6.738716125488281
-0.016464442014694214,-6.723008155822754
-0.016464442014694214,-6.691592216491699
-0.016464442014694214,-6.675884246826172
-0.016464442014694214,-6.644468307495117
0.07958830147981644,-6.62876033782959
0.07958830147981644,-6.597344398498535
0.07958830147981644,-6.5659284591674805
0.07958830147981644,-6.534512519836426
0.07958830147981644,-6.503096580505371
0.07958830147981644,-6.471680641174316
0.07958830147981644,-6.424557209014893
0.07958830147981644,-6.3774333000183105
0.07958830147981644,-6.3303093910217285
0.07958830147981644,-6.2831854820251465
0.07958830147981644,-6.2360615730285645
0.07958830147981644,-6.173229694366455
0.07958830147981644,-6.110397815704346
0.07958830147981644,-6.063273906707764
0.07958830147981644,-6.000442028045654
0.07958830147981644,-5.921902179718018
0.07958830147981644,-5.859070301055908
0.07958830147981644,-5.796238422393799
0.07958830147981644,-5.717698574066162
0.07958830147981644,-5.639158725738525
0.07958830147981644,-5.560618877410889
0.07958830147981644,-5.482079029083252
0.07958830147981644,-5.403539180755615
0.07958830147981644,-5.3249993324279785
0.07958830147981644,-5.230751991271973
0.07958830147981644,-5.152212142944336
0.07958830147981644,-5.057964324951172
0.07958830147981644,-4.963716506958008
0.07958830147981644,-4.869468688964844
0.07958830147981644,-4.77522087097168
0.07958830147981644,-4.680973052978516
0.07958830147981644,-4.571017265319824
0.07958830147981644,-4.47676944732666
0.07958830147981644,-4.366813659667969
0.07958830147981644,-4.272565841674805
0.07958830147981644,-4.162610054016113
0.07958830147981644,-4.05265474319458
0.07958830147981644,-3.9426987171173096
0.07958830147981644,-3.832742929458618
0.07958830147981644,-3.722787380218506
0.07958830147981644,-3.6128315925598145
0.07958830147981644,-3.4871678352355957
0.07958830147981644,-3.3772120475769043
0.07958830147981644,-3.2515482902526855
0.07958830147981644,-3.1415927410125732
0.07958830147981644,-3.0159289836883545
0.07958830147981644,-2.8902652263641357
0.07958830147981644,-2.764601469039917
0.07958830147981644,-2.6389377117156982
0.05992870777845383,-2.5132741928100586
0.05992870777845383,-2.38761043548584
0.05992870777845383,-2.261946678161621
0.05992870777845383,-2.1362829208374023
0.05992870777845383,-2.0106194019317627
0.05992870777845383,-1.884955644607544
0.05992870777845383,-1.7592918872833252
0.05992870777845383,-1.6336281299591064
0.05992870777845383,-1.5079644918441772
0.05992870777845383,-1.3665927648544312
0.05992870777845383,-1.240929126739502
0.08742272108793259,-1.1152653694152832
0.08742272108793259,-0.9896016716957092
0.08742272108793259,-0.8482300043106079
0.08742272108793259,-0.7225663065910339
0.08742272108793259,-0.5811946392059326
0.08742272108793259,-0.45553094148635864
0.08742272108793259,-0.3141592741012573
0.08742272108793259,-0.1727875918149948
0.08742272108793259,-0.03141592815518379
0.08742272108793259,0.10995574295520782
0.08742272108793259,0.25132742524147034
0.08742272108793259,0.39269909262657166
0.08742272108793259,0.5497786998748779
0.08742272108793259,0.6911503672599792
0.08742272108793259,0.8482300043106079
0.08742272108793259,0.9896016716957092
0.08742272108793259,1.146681308746338
0.08742272108793259,1.3037610054016113
0.08742272108793259,1.4608405828475952
0.08742272108793259,1.6022123098373413
0.08742272108793259,1.7592918872833252
0.08742272108793259,1.9320794343948364
0.08742272108793259,2.0891590118408203
0.08742272108793259,2.2462387084960938
0.08742272108793259,2.403318405151367
0.08742272108793259,2.576106071472168
0.08742272108793259,2.7331855297088623
0.08742272108793259,2.905973196029663
0.08742272108793259,3.0630528926849365
0.08742272108793259,3.235840320587158
0.08742272108793259,3.3929200172424316
0.04467158764600754,3.5657076835632324
0.04467158764600754,3.738495349884033
0.04467158764600754,3.8955748081207275
0.04467158764600754,4.068362712860107
0.04467158764600754,4.24114990234375
0.04467158764600754,4.398229598999023
0.04467158764600754,4.555309295654297
0.04467158764600754,4.728096961975098
0.04467158764600754,4.885176658630371
0.04467158764600754,5.057964324951172
0.04467158764600754,5.215044021606445
0.04467158764600754,5.3721232414245605
0.04467158764600754,5.544910907745361
0.04467158764600754,5.701990604400635
0.04467158764600754,5.859070301055908
0.04467158764600754,6.016149997711182
0.04467158764600754,6.188937664031982
0.04467158764600754,6.346017360687256
0.04467158764600754,6.503096580505371
0.04467158764600754,6.6601762771606445
0.04467158764600754,6.817255973815918
0.04467158764600754,6.974335670471191
0.04467158764600754,7.131415367126465
0.04467158764600754,7.288495063781738
0.04467158764600754,7.445574760437012
0.04467158764600754,7.602654457092285
0.04467158764600754,7.744025707244873
0.04467158764600754,7.9011054039001465
-0.02469579130411148,8.058185577392578
-0.02469579130411148,8.199556350708008
-0.02469579130411148,8.340928077697754
-0.02469579130411148,8.4822998046875
-0.02469579130411148,8.623671531677246
-0.02469579130411148,8.765043258666992
-0.02469579130411148,8.890707015991211
-0.02469579130411148,9.01637077331543
-0.02469579130411148,9.142034530639648
-0.02469579130411148,9.25199031829834
-0.02469579130411148,9.377654075622559
-0.02469579130411148,9.48760986328125
-0.02469579130411148,9.597565650939941
0.06316036731004715,9.707521438598633
0.06316036731004715,9.817477226257324
0.06316036731004715,9.927433013916016
0.06316036731004715,10.037388801574707
0.06316036731004715,10.147344589233398
0.06316036731004715,10.25730037689209
0.06316036731004715,10.367256164550781
0.06316036731004715,10.477211952209473
0.06316036731004715,10.587166786193848
0.06316036731004715,10.697122573852539
0.06316036731004715,10.822786331176758
0.06316036731004715,10.93274211883545
0.06316036731004715,11.04269790649414
0.06316036731004715,11.16836166381836
0.06316036731004715,11.27831745147705
0.06316036731004715,11.388273239135742
0.06316036731004715,11.513936996459961
0.06316036731004715,11.623892784118652
0.06316036731004715,11.749556541442871
0.06316036731004715,11.859512329101562
0.06316036731004715,11.985176086425781
0.06316036731004715,12.11083984375
0.06316036731004715,12.220795631408691
0.06316036731004715,12.34645938873291
0.06316036731004715,12.472123146057129
0.06316036731004715,12.58207893371582
0.06316036731004715,12.707742691040039
0.06316036731004715,12.833406448364258
0.06316036731004715,12.95906925201416
0.06316036731004715,13.084733009338379
0.06316036731004715,13.19468879699707
0.06316036731004715,13.320352554321289
0.06316036731004715,13.446016311645508
0.06316036731004715,13.571680068969727
0.09579945355653763,13.697343826293945
0.09579945355653763,13.823007583618164
0.09579945355653763,13.948671340942383
0.09579945355653763,14.090043067932129
0.09579945355653763,14.231414794921875
0.09579945355653763,14.357078552246094
0.09579945355653763,14.49845027923584
0.09579945355653763,14.639822006225586
0.09579945355653763,14.781193733215332
0.09579945355653763,14.922565460205078
0.09579945355653763,15.079645156860352
0.09579945355653763,15.221015930175781
0.09579945355653763,15.362387657165527
0.09579945355653763,15.5194673538208
0.09579945355653763,15.676547050476074
0.09579945355653763,15.833626747131348
0.09579945355653763,15.990706443786621
0.09579945355653763,16.14778709411621
0.09579945355653763,16.304866790771484
0.09579945355653763,16.461944580078125
0.09579945355653763,16.634733200073242
0.09579945355653763,16.791812896728516
0.09579945355653763,16.964599609375
0.09579945355653763,17.121679306030273
0.09579945355653763,17.29446792602539
0.09579945355653763,17.467254638671875
0.09579945355653763,17.640043258666992
0.09579945355653763,17.812829971313477
-0.0954020768404007,17.985618591308594
-0.0954020768404007,18.142698287963867
-0.0954020768404007,18.29977798461914
-0.0954020768404007,18.44114875793457
-0.0954020768404007,18.582521438598633
-0.0954020768404007,18.70818519592285
-0.0954020768404007,18.833847045898438
-0.0954020768404007,18.943803787231445
-0.0954020768404007,19.05375862121582
-0.0954020768404007,19.163715362548828
-0.0954020768404007,19.24225425720215
-0.0954020768404007,19.336502075195312
-0.0954020768404007,19.415042877197266
-0.0954020768404007,19.477874755859375
-0.0954020768404007,19.540706634521484
-0.0954020768404007,19.603538513183594
-0.0954020768404007,19.65066146850586
-0.0954020768404007,19.697786331176758
-0.0954020768404007,19.729202270507812
-0.0954020768404007,19.760618209838867
-0.0954020768404007,19.792034149169922
-0.0954020768404007,19.807741165161133
-0.0954020768404007,19.823450088500977
-0.0954020768404007,19.823450088500977
-0.0954020768404007,19.823450088500977
-0.0954020768404007,19.823450088500977
-0.0954020768404007,19.807741165161133
-0.0954020768404007,19.792034149169922
-0.0954020768404007,19.776325225830078
-0.0954020768404007,19.744909286499023
-0.0954020768404007,19.71349334716797
-0.0954020768404007,19.682077407836914
-0.0954020768404007,19.63495445251465
-0.0954020768404007,19.603538513183594
-0.0954020768404007,19.556413650512695
-0.0954020768404007,19.493581771850586
-0.0954020768404007,19.44645881652832
-0.0954020768404007,19.38362693786621
-0.0954020768404007,19.3207950592041
-0.0954020768404007,19.257963180541992
-0.0954020768404007,19.195131301879883
-0.0954020768404007,19.11659049987793
-0.0954020768404007,19.03805160522461
0.09916671365499496,18.9752197265625
0.09916671365499496,18.896678924560547
0.09916671365499496,18.833847045898438
0.09916671365499496,18.786724090576172
0.09916671365499496,18.739599227905273
0.09916671365499496,18.692476272583008
0.09916671365499496,18.661060333251953
0.09916671365499496,18.645353317260742
0.09916671365499496,18.613937377929688
0.09916671365499496,18.598228454589844
0.09916671365499496,18.598228454589844
0.09916671365499496,18.598228454589844
0.09916671365499496,18.598228454589844
0.0037555471062660217,18.598228454589844
0.0037555471062660217,18.613937377929688
0.0037555471062660217,18.613937377929688
0.0037555471062660217,18.6296443939209
0.0037555471062660217,18.6296443939209
0.0037555471062660217,18.645353317260742
0.0037555471062660217,18.661060333251953
0.0037555471062660217,18.661060333251953
0.0037555471062660217,18.661060333251953
0.0037555471062660217,18.676769256591797
0.0037555471062660217,18.676769256591797
0.0037555471062660217,18.692476272583008
0.0037555471062660217,18.692476272583008
0.0037555471062660217,18.692476272583008
0.0037555471062660217,18.692476272583008
0.0037555471062660217,18.70818519592285
0.0037555471062660217,18.70818519592285
0.0037555471062660217,18.70818519592285
0.0037555471062660217,18.70818519592285
0.0037555471062660217,18.70818519592285
0.0037555471062660217,18.70818519592285
0.0037555471062660217,18.70818519592285
0.0037555471062660217,18.70818519592285
0.0037555471062660217,18.70818519592285
0.0037555471062660217,18.70818519592285
0.0037555471062660217,18.70818519592285
0.0037555471062660217,18.70818519592285
0.0037555471062660217,18.70818519592285
0.0037555471062660217,18.70818519592285
0.0037555471062660217,18.70818519592285
0.0037555471062660217,18.70818519592285
0.0037555471062660217,18.692476272583008
0.0037555471062660217,18.692476272583008
0.0037555471062660217,18.692476272583008
0.0037555471062660217,18.692476272583008
0.0037555471062660217,18.692476272583008
0.0037555471062660217,18.692476272583008
0.0037555471062660217,18.692476272583008
0.0037555471062660217,18.692476272583008
0.0037555471062660217,18.692476272583008
0.0037555471062660217,18.692476272583008
0.0037555471062660217,18.676769256591797
0.0037555471062660217,18.676769256591797
-0.06723176687955856,18.676769256591797
-0.06723176687955856,18.676769256591797
-0.06723176687955856,18.676769256591797
-0.06723176687955856,18.661060333251953
-0.06723176687955856,18.645353317260742
-0.06723176687955856,18.6296443939209
-0.06723176687955856,18.613937377929688
-0.06723176687955856,18.598228454589844
-0.06723176687955856,18.56681251525879
-0.06723176687955856,18.551105499267578
0.038129858672618866,18.519689559936523
0.038129858672618866,18.50398063659668
0.038129858672618866,18.472564697265625
0.038129858672618866,18.456857681274414
0.038129858672618866,18.44114875793457
0.038129858672618866,18.42544174194336
0.038129858672618866,18.42544174194336
0.038129858672618866,18.409732818603516
0.038129858672618866,18.409732818603516
0.038129858672618866,18.394025802612305
0.038129858672618866,18.394025802612305
0.038129858672618866,18.409732818603516
0.038129858672618866,18.409732818603516
0.038129858672618866,18.409732818603516
0.038129858672618866,18.42544174194336
-0.04704330116510391,18.42544174194336
-0.04704330116510391,18.42544174194336
-0.04704330116510391,18.44114875793457
-0.04704330116510391,18.44114875793457
-0.04704330116510391,18.42544174194336
-0.04704330116510391,18.42544174194336
-0.04704330116510391,18.42544174194336
-0.04704330116510391,18.409732818603516
-0.04704330116510391,18.409732818603516
-0.04704330116510391,18.394025802612305
-0.04704330116510391,18.37831687927246
-0.04704330116510391,18.36260986328125
-0.04704330116510391,18.346900939941406
-0.04704330116510391,18.331193923950195
-0.04704330116510391,18.31548500061035
-0.04242587089538574,18.29977798461914
-0.04242587089538574,18.268362045288086
-0.04242587089538574,18.252653121948242
-0.04242587089538574,18.221237182617188
-0.04242587089538574,18.205530166625977
-0.04242587089538574,18.174114227294922
-0.007238917052745819,18.158405303955078
-0.007238917052745819,18.126989364624023
-0.007238917052745819,18.09557342529297
-0.007238917052745819,18.079866409301758
-0.007238917052745819,18.048450469970703
-0.007238917052745819,18.03274154663086
-0.007238917052745819,18.001325607299805
-0.007238917052745819,17.985618591308594
-0.007238917052745819,17.96990966796875
-0.007238917052745819,17.938493728637695
-0.007238917052745819,17.922786712646484
-0.007238917052745819,17.90707778930664
-0.007238917052745819,17.875661849975586
-0.007238917052745819,17.859954833984375
-0.007238917052745819,17.84424591064453
-0.007238917052745819,17.82853889465332
-0.007238917052745819,17.812829971313477
-0.007238917052745819,17.797122955322266
-0.007238917052745819,17.781414031982422
-0.007238917052745819,17.76570701599121
-0.007238917052745819,17.749998092651367
-0.007238917052745819,17.734291076660156
-0.007238917052745819,17.718582153320312
-0.007238917052745819,17.7028751373291
-0.007238917052745819,17.687166213989258
-0.007238917052745819,17.687166213989258
-0.007238917052745819,17.671459197998047
-0.007238917052745819,17.655750274658203
-0.007238917052745819,17.640043258666992
-0.007238917052745819,17.640043258666992
-0.007238917052745819,17.62433433532715
-0.007238917052745819,17.62433433532715
-0.007238917052745819,17.608627319335938
-0.007238917052745819,17.592918395996094
-0.007238917052745819,17.592918395996094
-0.007238917052745819,17.592918395996094
-0.007238917052745819,17.577211380004883
-0.007238917052745819,17.577211380004883
-0.007238917052745819,17.56150245666504
-0.007238917052745819,17.56150245666504
0.0006817802786827087,17.56150245666504
0.0006817802786827087,17.56150245666504
0.0006817802786827087,17.545795440673828
0.0006817802786827087,17.545795440673828
0.0006817802786827087,17.545795440673828
0.0006817802786827087,17.545795440673828
0.0006817802786827087,17.545795440673828
0.0006817802786827087,17.545795440673828
0.0006817802786827087,17.545795440673828
0.0006817802786827087,17.545795440673828
0.0006817802786827087,17.545795440673828
0.0006817802786827087,17.545795440673828
0.0006817802786827087,17.545795440673828
0.0006817802786827087,17.56150245666504
0.0006817802786827087,17.56150245666504
0.0006817802786827087,17.56150245666504
0.0006817802786827087,17.56150245666504
0.0006817802786827087,17.56150245666504
0.0006817802786827087,17.56150245666504
-0.0045350417494773865,17.56150245666504
-0.0045350417494773865,17.577211380004883
-0.0045350417494773865,17.577211380004883
-0.0045350417494773865,17.577211380004883
-0.0045350417494773865,17.577211380004883
-0.0045350417494773865,17.577211380004883
-0.0045350417494773865,17.577211380004883
-0.0045350417494773865,17.577211380004883
-0.0045350417494773865,17.577211380004883
-0.0045350417494773865,17.577211380004883
-0.0045350417494773865,17.577211380004883
-0.0045350417494773865,17.577211380004883
-0.0045350417494773865,17.577211380004883
-0.0045350417494773865,17.577211380004883
-0.0045350417494773865,17.577211380004883
-0.0045350417494773865,17.577211380004883
-0.0045350417494773865,17.577211380004883
-0.0045350417494773865,17.577211380004883
-0.0045350417494773865,17.577211380004883
-0.0045350417494773865,17.577211380004883
-0.0045350417494773865,17.577211380004883
-0.0045350417494773865,17.577211380004883
-0.0045350417494773865,17.577211380004883
-0.0045350417494773865,17.577211380004883
-0.0045350417494773865,17.577211380004883
-0.0045350417494773865,17.577211380004883
-0.0045350417494773865,17.577211380004883
-0.0045350417494773865,17.577211380004883
-0.0045350417494773865,17.577211380004883
-0.0045350417494773865,17.577211380004883
-0.0045350417494773865,17.577211380004883
-0.0045350417494773865,17.577211380004883
-0.0045350417494773865,17.577211380004883
0.030114106833934784,17.577211380004883
0.030114106833934784,17.577211380004883
0.030114106833934784,17.577211380004883
0.030114106833934784,17.592918395996094
0.030114106833934784,17.592918395996094
0.030114106833934784,17.592918395996094
0.030114106833934784,17.608627319335938
0.030114106833934784,17.608627319335938
0.030114106833934784,17.62433433532715
0.030114106833934784,17.62433433532715
0.030114106833934784,17.640043258666992
0.030114106833934784,17.640043258666992
0.030114106833934784,17.655750274658203
0.030114106833934784,17.655750274658203
0.030114106833934784,17.671459197998047
0.030114106833934784,17.687166213989258
0.030114106833934784,17.687166213989258
0.030114106833934784,17.7028751373291
0.030114106833934784,17.718582153320312
0.030114106833934784,17.734291076660156
0.030114106833934784,17.749998092651367
0.030114106833934784,17.76570701599121
0.030114106833934784,17.781414031982422
0.030114106833934784,17.797122955322266
0.030114106833934784,17.812829971313477
0.030114106833934784,17.82853889465332
0.030114106833934784,17.84424591064453
0.030114106833934784,17.859954833984375
0.030114106833934784,17.875661849975586
0.030114106833934784,17.89137077331543
0.030114106833934784,17.90707778930664
0.030114106833934784,17.922786712646484
0.030114106833934784,17.95420265197754
0.030114106833934784,17.96990966796875
0.030114106833934784,17.985618591308594
0.030114106833934784,18.001325607299805
0.030114106833934784,18.03274154663086
0.030114106833934784,18.048450469970703
0.030114106833934784,18.064157485961914
0.030114106833934784,18.09557342529297
0.030114106833934784,18.111282348632812
0.030114106833934784,18.126989364624023
0.030114106833934784,18.158405303955078
0.03808676451444626,18.174114227294922
0.03808676451444626,18.205530166625977
0.03808676451444626,18.221237182617188
0.03808676451444626,18.252653121948242
0.03808676451444626,18.268362045288086
0.03808676451444626,18.29977798461914
0.03808676451444626,18.331193923950195
0.03808676451444626,18.346900939941406
0.03808676451444626,18.37831687927246
0.03808676451444626,18.409732818603516
0.03808676451444626,18.44114875793457
0.03808676451444626,18.472564697265625
0.03808676451444626,18.50398063659668
0.03808676451444626,18.535396575927734
0.03808676451444626,18.56681251525879
0.03808676451444626,18.598228454589844
0.03808676451444626,18.6296443939209
0.03808676451444626,18.661060333251953
0.03808676451444626,18.692476272583008
0.03808676451444626,18.723892211914062
0.03808676451444626,18.755308151245117
0.03808676451444626,18.802431106567383
0.03808676451444626,18.833847045898438
0.03808676451444626,18.865262985229492
0.03808676451444626,18.91238784790039
0.03808676451444626,18.943803787231445
0.03808676451444626,18.9752197265625
0.03808676451444626,19.022342681884766
0.03808676451444626,19.05375862121582
0.03808676451444626,19.10088348388672
0.03808676451444626,19.132299423217773
0.03808676451444626,19.17942237854004
0.03808676451444626,19.226547241210938
0.03808676451444626,19.257963180541992
0.03808676451444626,19.305086135864258
0.03808676451444626,19.352210998535156
0.03808676451444626,19.38362693786621
0.03808676451444626,19.430749893188477
0.03808676451444626,19.477874755859375
0.03808676451444626,19.52499771118164
0.03808676451444626,19.556413650512695
0.03808676451444626,19.603538513183594
0.03808676451444626,19.65066146850586
0.08729294687509537,19.697786331176758
0.08729294687509537,19.744909286499023
0.08729294687509537,19.792034149169922
0.08729294687509537,19.85486602783203
0.08729294687509537,19.91769790649414
0.08729294687509537,19.98052978515625
0.08729294687509537,20.04336166381836
0.08729294687509537,20.10619354248047
0.08729294687509537,20.18473243713379
0.08729294687509537,20.2475643157959
0.08729294687509537,20.32610511779785
0.08729294687509537,20.404644012451172
0.08729294687509537,20.483184814453125
0.08729294687509537,20.57743263244629
0.08729294687509537,20.65597152709961
0.08729294687509537,20.750219345092773
0.08729294687509537,20.844467163085938
0.08729294687509537,20.9387149810791
0.08729294687509537,21.032962799072266
0.08729294687509537,21.12721061706543
0.08729294687509537,21.237165451049805
0.08729294687509537,21.33141326904297
0.08729294687509537,21.441370010375977
0.08729294687509537,21.55132484436035
0.08729294687509537,21.66128158569336
0.08729294687509537,21.771236419677734
-0.08044832944869995,21.881193161010742
-0.08044832944869995,21.991147994995117
-0.08044832944869995,22.08539581298828
-0.08044832944869995,22.179643630981445
-0.08044832944869995,22.2581844329834
-0.08044832944869995,22.33672332763672
-0.08044832944869995,22.399555206298828
-0.012351736426353455,22.47809600830078
-0.012351736426353455,22.54092788696289
-0.012351736426353455,22.603759765625
-0.012351736426353455,22.66659164428711
-0.012351736426353455,22.72942352294922
-0.012351736426353455,22.776546478271484
-0.012351736426353455,22.839378356933594
-0.012351736426353455,22.902210235595703
-0.012351736426353455,22.9493350982666
-0.012351736426353455,22.996458053588867
-0.012351736426353455,23.059289932250977
-0.012351736426353455,23.106414794921875
-0.012351736426353455,23.15353775024414
-0.012351736426353455,23.20066261291504
-0.012351736426353455,23.247785568237305
-0.012351736426353455,23.294910430908203
-0.012351736426353455,23.34203338623047
-0.012351736426353455,23.373449325561523
-0.012351736426353455,23.42057228088379
-0.012351736426353455,23.467697143554688
-0.012351736426353455,23.499113082885742
-0.012351736426353455,23.530529022216797
-0.012351736426353455,23.577651977539062
-0.012351736426353455,23.609067916870117
-0.012351736426353455,23.640483856201172
-0.012351736426353455,23.671899795532227
-0.012351736426353455,23.719024658203125
-0.012351736426353455,23.75044059753418
-0.012351736426353455,23.781856536865234
-0.012351736426353455,23.797563552856445
-0.012351736426353455,23.8289794921875
-0.012351736426353455,23.860395431518555
-0.07286522537469864,23.89181137084961
-0.07286522537469864,23.907520294189453
-0.07286522537469864,23.923227310180664
-0.07286522537469864,23.938936233520508
-0.07286522537469864,23.938936233520508
-0.07286522537469864,23.938936233520508
-0.07286522537469864,23.938936233520508
-0.07286522537469864,23.938936233520508
-0.07286522537469864,23.923227310180664
-0.07286522537469864,23.907520294189453
-0.07286522537469864,23.89181137084961
-0.07286522537469864,23.8761043548584
-0.07286522537469864,23.844688415527344
-0.07286522537469864,23.8289794921875
-0.07286522537469864,23.797563552856445
-0.07286522537469864,23.76614761352539
-0.07286522537469864,23.734731674194336
-0.07286522537469864,23.68760871887207
-0.07286522537469864,23.656192779541016
-0.07286522537469864,23.609067916870117
-0.07286522537469864,23.56194496154785
-0.07286522537469864,23.514820098876953
-0.07286522537469864,23.451988220214844
-0.07286522537469864,23.404865264892578
-0.07286522537469864,23.34203338623047
-0.07286522537469864,23.294910430908203
-0.07286522537469864,23.232078552246094
-0.07286522537469864,23.169246673583984
-0.07286522537469864,23.106414794921875
-0.07286522537469864,23.027873992919922
-0.07286522537469864,22.965042114257812
-0.07286522537469864,22.886503219604492
-0.07286522537469864,22.80796241760254
-0.07286522537469864,22.74513053894043
-0.07286522537469864,22.66659164428711
-0.07286522537469864,22.588050842285156
-0.03603731840848923,22.493803024291992
-0.03603731840848923,22.415264129638672
-0.03603731840848923,22.33672332763672
-0.03603731840848923,22.2581844329834
-0.03603731840848923,22.179643630981445
-0.03603731840848923,22.101104736328125
-0.03603731840848923,22.022563934326172
-0.03603731840848923,21.94402503967285
-0.03603731840848923,21.8654842376709
-0.03603731840848923,21.786945343017578
-0.03603731840848923,21.708404541015625
-0.03603731840848923,21.629865646362305
-0.03603731840848923,21.55132484436035
-0.03603731840848923,21.47278594970703
-0.03603731840848923,21.409954071044922
-0.03603731840848923,21.33141326904297
-0.03603731840848923,21.25287437438965
-0.03603731840848923,21.174333572387695
-0.03603731840848923,21.095794677734375
-0.03603731840848923,21.032962799072266
-0.03603731840848923,20.954423904418945
-0.03603731840848923,20.875883102416992
-0.03603731840848923,20.797344207763672
-0.03603731840848923,20.734512329101562
-0.03603731840848923,20.65597152709961
-0.03603731840848923,20.5931396484375
-0.03603731840848923,20.51460075378418
-0.03603731840848923,20.436059951782227
-0.03603731840848923,20.373228073120117
-0.03603731840848923,20.294689178466797
-0.03603731840848923,20.231857299804688
-0.03603731840848923,20.153316497802734
-0.03603731840848923,20.090484619140625
-0.03603731840848923,20.011945724487305
-0.03603731840848923,19.949113845825195
-0.03603731840848923,19.870573043823242
-0.03603731840848923,19.807741165161133
-0.03603731840848923,19.729202270507812
-0.03603731840848923,19.666370391845703
-0.03603731840848923,19.603538513183594
-0.03603731840848923,19.52499771118164
-0.03603731840848923,19.46216583251953
-0.03603731840848923,19.38362693786621
-0.03603731840848923,19.3207950592041
-0.03603731840848923,19.257963180541992
-0.03603731840848923,19.195131301879883
-0.03603731840848923,19.11659049987793
-0.03603731840848923,19.05375862121582
-0.03603731840848923,18.99092674255371
-0.03603731840848923,18.91238784790039
0.008116446435451508,18.84955596923828
0.008116446435451508,18.786724090576172
0.008116446435451508,18.723892211914062
0.008116446435451508,18.661060333251953
0.008116446435451508,18.598228454589844
0.008116446435451508,18.551105499267578
0.008116446435451508,18.48827362060547
0.008116446435451508,18.44114875793457
0.008116446435451508,18.37831687927246
0.008116446435451508,18.331193923950195
0.008116446435451508,18.284069061279297
0.008116446435451508,18.221237182617188
0.008116446435451508,18.174114227294922
0.008116446435451508,18.126989364624023
0.008116446435451508,18.079866409301758
0.008116446435451508,18.03274154663086
0.008116446435451508,18.001325607299805
0.008116446435451508,17.95420265197754
0.008116446435451508,17.90707778930664
0.008116446435451508,17.875661849975586
0.008116446435451508,17.82853889465332
0.008116446435451508,17.797122955322266
0.008116446435451508,17.76570701599121
0.008116446435451508,17.718582153320312
0.008116446435451508,17.687166213989258
0.008116446435451508,17.655750274658203
0.008116446435451508,17.62433433532715
0.008116446435451508,17.592918395996094
0.008116446435451508,17.56150245666504
0.008116446435451508,17.530086517333984
0.008116446435451508,17.514379501342773
0.008116446435451508,17.48296356201172
0.008116446435451508,17.451547622680664
0.008116446435451508,17.43583869934082
0.008116446435451508,17.404422760009766
0.008116446435451508,17.388715744018555
0.008116446435451508,17.3572998046875
0.008116446435451508,17.341590881347656
0.008116446435451508,17.325883865356445
0.008116446435451508,17.29446792602539
0.008116446435451508,17.278759002685547
0.008116446435451508,17.263051986694336
0.008116446435451508,17.247343063354492
0.008116446435451508,17.23163604736328
0.008116446435451508,17.215927124023438
0.008116446435451508,17.200220108032227
0.008116446435451508,17.184511184692383
0.008116446435451508,17.168804168701172
-0.07438546419143677,17.153095245361328
-0.07438546419143677,17.137388229370117
-0.07438546419143677,17.105972290039062
-0.07438546419143677,17.09026336669922
-0.07438546419143677,17.058847427368164
-0.07438546419143677,17.02743148803711
-0.07438546419143677,16.996015548706055
-0.07438546419143677,16.964599609375
-0.07438546419143677,16.917476654052734
-0.07438546419143677,16.88606071472168
-0.07438546419143677,16.83893585205078
-0.07438546419143677,16.791812896728516
-0.07438546419143677,16.744688034057617
-0.07438546419143677,16.69756507873535
-0.07438546419143677,16.634733200073242
-0.07438546419143677,16.587608337402344
-0.07438546419143677,16.524776458740234
-0.07438546419143677,16.461944580078125
-0.07438546419143677,16.399112701416016
-0.07438546419143677,16.33628273010254
-0.07438546419143677,16.27345085144043
-0.07438546419143677,16.194910049438477
-0.07438546419143677,16.116371154785156
-0.07438546419143677,16.053539276123047
-0.07438546419143677,15.974998474121094
-0.07438546419143677,15.896458625793457
-0.07438546419143677,15.81791877746582
-0.07438546419143677,15.739378929138184
-0.07438546419143677,15.64513111114502
-0.07438546419143677,15.566591262817383
-0.07438546419143677,15.472343444824219
-0.07438546419143677,15.393803596496582
-0.07438546419143677,15.299555778503418
-0.07438546419143677,15.20530891418457
-0.07438546419143677,15.111061096191406
-0.07438546419143677,15.016813278198242
-0.07438546419143677,14.922565460205078
-0.07438546419143677,14.812609672546387
-0.07438546419143677,14.718361854553223
-0.07438546419143677,14.608406066894531
-0.07438546419143677,14.514158248901367
-0.07438546419143677,14.404202461242676
-0.07438546419143677,14.294246673583984
-0.07438546419143677,14.184290885925293
-0.07438546419143677,14.074335098266602
0.09057461470365524,13.980087280273438
0.09057461470365524,13.870131492614746
0.09057461470365524,13.775883674621582
0.09057461470365524,13.697343826293945
0.09057461470365524,13.618803977966309
0.09057461470365524,13.540264129638672
0.09057461470365524,13.477432250976562
0.09057461470365524,13.414600372314453
0.09057461470365524,13.367476463317871
0.09057461470365524,13.320352554321289
0.09057461470365524,13.273228645324707
0.09057461470365524,13.241812705993652
0.09057461470365524,13.210396766662598
0.09057461470365524,13.19468879699707
0.09057461470365524,13.178980827331543
0.09057461470365524,13.163272857666016
0.09057461470365524,13.163272857666016
0.09057461470365524,13.163272857666016
0.09057461470365524,13.178980827331543
0.09057461470365524,13.19468879699707
0.09057461470365524,13.210396766662598
0.09057461470365524,13.226104736328125
0.09057461470365524,13.25752067565918
0.09057461470365524,13.288936614990234
0.09057461470365524,13.320352554321289
0.09057461470365524,13.351768493652344
0.09057461470365524,13.398892402648926
0.09057461470365524,13.446016311645508
0.09057461470365524,13.49314022064209
0.09057461470365524,13.540264129638672
0.09057461470365524,13.603096008300781
0.09057461470365524,13.650219917297363
0.09057461470365524,13.713051795959473
0.09057461470365524,13.775883674621582
0.09057461470365524,13.854423522949219
0.09057461470365524,13.917255401611328
0.09057461470365524,13.995795249938965
0.09057461470365524,14.074335098266602
-0.07631608098745346,14.152874946594238
-0.07631608098745346,14.231414794921875
-0.07631608098745346,14.294246673583984
-0.07631608098745346,14.357078552246094
-0.07631608098745346,14.404202461242676
-0.07631608098745346,14.451326370239258
-0.07631608098745346,14.49845027923584
-0.07631608098745346,14.545574188232422
-0.07631608098745346,14.576990127563477
-0.07631608098745346,14.608406066894531
-0.07631608098745346,14.624114036560059
-0.07631608098745346,14.655529975891113
-0.07631608098745346,14.67123794555664
-0.07631608098745346,14.67123794555664
-0.07631608098745346,14.686945915222168
-0.07631608098745346,14.686945915222168
-0.07631608098745346,14.686945915222168
-0.07631608098745346,14.67123794555664
-0.07631608098745346,14.655529975891113
-0.07631608098745346,14.639822006225586
-0.07631608098745346,14.624114036560059
-0.07631608098745346,14.608406066894531
-0.07631608098745346,14.592698097229004
-0.07631608098745346,14.56128215789795
-0.07631608098745346,14.529866218566895
-0.03912406042218208,14.49845027923584
-0.03912406042218208,14.467034339904785
-0.03912406042218208,14.43561840057373
-0.03912406042218208,14.388494491577148
-0.03912406042218208,14.357078552246094
-0.03912406042218208,14.325662612915039
-0.03912406042218208,14.294246673583984
-0.03912406042218208,14.247122764587402
-0.03912406042218208,14.215706825256348
-0.03912406042218208,14.184290885925293
-0.03912406042218208,14.137166976928711
-0.03912406042218208,14.105751037597656
-0.03912406042218208,14.058627128601074
-0.03912406042218208,14.02721118927002
-0.08163183182477951,13.980087280273438
-0.08163183182477951,13.948671340942383
-0.08163183182477951,13.9015474319458
-0.08163183182477951,13.838715553283691
-0.08163183182477951,13.79159164428711
-0.08163183182477951,13.728759765625
-0.08163183182477951,13.681635856628418
-0.08163183182477951,13.618803977966309
-0.08163183182477951,13.5559720993042
-0.08163183182477951,13.477432250976562
-0.08163183182477951,13.414600372314453
-0.08163183182477951,13.336060523986816
-0.08163183182477951,13.25752067565918
-0.08163183182477951,13.19468879699707
-0.08163183182477951,13.100440979003906
-0.08163183182477951,13.02190113067627
-0.08163183182477951,12.943361282348633
-0.08163183182477951,12.849114418029785
-0.08163183182477951,12.770574569702148
-0.08163183182477951,12.676326751708984
-0.08163183182477951,12.58207893371582
-0.08163183182477951,12.487831115722656
-0.08163183182477951,12.377875328063965
-0.08163183182477951,12.2836275100708
-0.08163183182477951,12.189379692077637
-0.08163183182477951,12.079423904418945
-0.08163183182477951,11.969468116760254
-0.08163183182477951,11.859512329101562
-0.08163183182477951,11.749556541442871
-0.08163183182477951,11.63960075378418
-0.08163183182477951,11.529644966125488
-0.08163183182477951,11.40398120880127
-0.08163183182477951,11.294025421142578
-0.08163183182477951,11.16836166381836
-0.08163183182477951,11.058405876159668
-0.054490018635988235,10.93274211883545
-0.054490018635988235,10.80707836151123
-0.054490018635988235,10.697122573852539
-0.054490018635988235,10.57145881652832
-0.054490018635988235,10.445796012878418
-0.054490018635988235,10.335840225219727
-0.054490018635988235,10.210176467895508
-0.054490018635988235,10.084512710571289
-0.054490018635988235,9.95884895324707
-0.054490018635988235,9.848893165588379
-0.054490018635988235,9.72322940826416
-0.054490018635988235,9.597565650939941
-0.054490018635988235,9.48760986328125
-0.054490018635988235,9.361946105957031
-0.054490018635988235,9.236282348632812
-0.054490018635988235,9.110618591308594
-0.054490018635988235,9.000662803649902
-0.054490018635988235,8.874999046325684
-0.054490018635988235,8.749335289001465
-0.054490018635988235,8.639379501342773
-0.054490018635988235,8.513715744018555
-0.054490018635988235,8.388051986694336
-0.054490018635988235,8.262388229370117
-0.054490018635988235,8.152433395385742
-0.054490018635988235,8.026769638061523
-0.054490018635988235,7.9011054039001465
-0.054490018635988235,7.791149616241455
-0.054490018635988235,7.665485858917236
-0.054490018635988235,7.539822578430176
-0.054490018635988235,7.429866790771484
-0.054490018635988235,7.304203033447266
0.06980807334184647,7.194247245788574
0.06980807334184647,7.0685834884643555
0.06980807334184647,6.974335670471191
0.06980807334184647,6.8643798828125
0.06980807334184647,6.770132064819336
0.06980807334184647,6.691592216491699
0.06980807334184647,6.597344398498535
0.06980807334184647,6.534512519836426
0.06980807334184647,6.455972671508789
0.06980807334184647,6.393141269683838
0.06980807334184647,6.3303093910217285
0.06980807334184647,6.2831854820251465
0.06980807334184647,6.220353603363037
0.06980807334184647,6.188937664031982
0.06980807334184647,6.1418137550354
0.06980807334184647,6.110397815704346
0.06980807334184647,6.078981876373291
0.06980807334184647,6.047565937042236
0.06980807334184647,6.031857967376709
0.06980807334184647,6.016149997711182
0.06980807334184647,6.000442028045654
0.06980807334184647,6.000442028045654
0.06980807334184647,6.000442028045654
0.06980807334184647,6.000442028045654
0.06980807334184647,6.000442028045654
0.06980807334184647,6.016149997711182
0.06980807334184647,6.031857967376709
0.06980807334184647,6.047565937042236
0.06980807334184647,6.063273906707764
0.06980807334184647,6.094689846038818
0.06980807334184647,6.126105785369873
0.06980807334184647,6.1418137550354
0.06980807334184647,6.173229694366455
0.06980807334184647,6.220353603363037
0.06980807334184647,6.251769542694092
0.06980807334184647,6.298893451690674
0.06980807334184647,6.3303093910217285
0.06980807334184647,6.3774333000183105
0.06980807334184647,6.424557209014893
0.06980807334184647,6.471680641174316
0.06980807334184647,6.518804550170898
0.06980807334184647,6.581636428833008
0.06980807334184647,6.62876033782959
0.06980807334184647,6.691592216491699
0.06980807334184647,6.754424095153809
0.06980807334184647,6.817255973815918
-0.08132828027009964,6.880087852478027
-0.08132828027009964,6.927211761474609
-0.08132828027009964,6.974335670471191
-0.08132828027009964,7.021459579467773
-0.08132828027009964,7.052875518798828
-0.08132828027009964,7.084291458129883
-0.08132828027009964,7.1157073974609375
-0.08132828027009964,7.131415367126465
-0.08132828027009964,7.147123336791992
-0.08132828027009964,7.1628313064575195
-0.08132828027009964,7.1628313064575195
-0.08132828027009964,7.1628313064575195
-0.08132828027009964,7.1628313064575195
-0.08132828027009964,7.1628313064575195
-0.053287018090486526,7.147123336791992
-0.053287018090486526,7.131415367126465
-0.053287018090486526,7.1157073974609375
-0.053287018090486526,7.09999942779541
-0.053287018090486526,7.0685834884643555
-0.053287018090486526,7.052875518798828
-0.053287018090486526,7.037167549133301
-0.053287018090486526,7.005751609802246
-0.053287018090486526,6.974335670471191
-0.053287018090486526,6.942919731140137
-0.053287018090486526,6.911503791809082
-0.053287018090486526,6.880087852478027
-0.053287018090486526,6.848671913146973
-0.053287018090486526,6.817255973815918
-0.053287018090486526,6.770132064819336
-0.053287018090486526,6.738716125488281
-0.053287018090486526,6.691592216491699
-0.053287018090486526,6.6601762771606445
-0.053287018090486526,6.6130523681640625
-0.053287018090486526,6.5659284591674805
-0.053287018090486526,6.518804550170898
-0.053287018090486526,6.471680641174316
-0.053287018090486526,6.424557209014893
-0.053287018090486526,6.3774333000183105
-0.053287018090486526,6.314601421356201
-0.053287018090486526,6.267477512359619
-0.053287018090486526,6.220353603363037
-0.053287018090486526,6.157521724700928
-0.053287018090486526,6.094689846038818
-0.053287018090486526,6.047565937042236
-0.053287018090486526,5.984734058380127
-0.053287018090486526,5.921902179718018
-0.053287018090486526,5.8747782707214355
-0.053287018090486526,5.811946392059326
-0.053287018090486526,5.749114513397217
-0.053287018090486526,5.686282634735107
-0.053287018090486526,5.607742786407471
-0.053287018090486526,5.544910907745361
-0.053287018090486526,5.482079029083252
-0.053287018090486526,5.419247150421143
-0.02464280277490616,5.340707302093506
-0.02464280277490616,5.2778754234313965
-0.02464280277490616,5.215044021606445
-0.02464280277490616,5.152212142944336
-0.02464280277490616,5.073672294616699
-0.02464280277490616,5.01084041595459
-0.02464280277490616,4.9480085372924805
-0.02464280277490616,4.885176658630371
-0.02464280277490616,4.822344779968262
-0.02464280277490616,4.759512901306152
-0.02464280277490616,4.696681022644043
-0.02464280277490616,4.633849143981934
-0.02464280277490616,4.571017265319824
-0.02464280277490616,4.508185386657715
-0.02464280277490616,4.4453535079956055
-0.02464280277490616,4.382521629333496
-0.02464280277490616,4.335397720336914
-0.02464280277490616,4.272565841674805
-0.02464280277490616,4.209733963012695
-0.02464280277490616,4.146902084350586
-0.02464280277490616,4.099778175354004
-0.02464280277490616,4.036946773529053
-0.02464280277490616,3.9741146564483643
-0.02464280277490616,3.9269907474517822
-0.02464280277490616,3.864158868789673
-0.02464280277490616,3.817034959793091
-0.02464280277490616,3.7542033195495605
-0.02464280277490616,3.7070794105529785
-0.02464280277490616,3.644247531890869
-0.02464280277490616,3.597123622894287
-0.02464280277490616,3.5342917442321777
-0.02464280277490616,3.4871678352355957
-0.02464280277490616,3.4400439262390137
-0.02464280277490616,3.3772120475769043
-0.02464280277490616,3.3300881385803223
-0.02464280277490616,3.2829642295837402
-0.02464280277490616,3.235840320587158
-0.02464280277490616,3.173008680343628
-0.02464280277490616,3.125884771347046
-0.02464280277490616,3.078760862350464
0.05159471184015274,3.031636953353882
0.05159471184015274,2.9845130443573
0.05159471184015274,2.953097105026245
0.05159471184015274,2.9216811656951904
0.05159471184015274,2.8902652263641357
0.05159471184015274,2.858849287033081
0.05159471184015274,2.8274333477020264
0.05159471184015274,2.811725378036499
0.05159471184015274,2.7960174083709717
0.05159471184015274,2.7803094387054443
0.05159471184015274,2.764601469039917
0.05159471184015274,2.7488934993743896
0.05159471184015274,2.7488934993743896
0.05159471184015274,2.7488934993743896
0.05159471184015274,2.7488934993743896
0.05159471184015274,2.7488934993743896
0.05159471184015274,2.7488934993743896
0.05159471184015274,2.764601469039917
0.05159471184015274,2.764601469039917
0.05159471184015274,2.7803094387054443
0.05159471184015274,2.7960174083709717
0.05159471184015274,2.811725378036499
0.05159471184015274,2.8274333477020264
0.05159471184015274,2.8431413173675537
0.04538504034280777,2.8745572566986084
0.04538504034280777,2.8902652263641357
0.04538504034280777,2.905973196029663
0.04538504034280777,2.9373891353607178
0.04538504034280777,2.9688050746917725
0.04538504034280777,2.9845130443573
0.04538504034280777,3.0159289836883545
0.04538504034280777,3.047344923019409
0.04538504034280777,3.078760862350464
0.04538504034280777,3.1101768016815186
0.04538504034280777,3.1415927410125732
0.04538504034280777,3.173008680343628
0.04538504034280777,3.220132350921631
-0.02758132666349411,3.2515482902526855
-0.02758132666349411,3.2829642295837402
-0.02758132666349411,3.314380168914795
-0.02758132666349411,3.3457961082458496
-0.02758132666349411,3.361504077911377
-0.02758132666349411,3.3929200172424316
-0.02758132666349411,3.4243359565734863
-0.02758132666349411,3.4400439262390137
-0.02758132666349411,3.455751895904541
-0.02758132666349411,3.4714598655700684
-0.02758132666349411,3.4871678352355957
-0.02758132666349411,3.502875804901123
-0.02758132666349411,3.5185837745666504
-0.02758132666349411,3.5342917442321777
-0.02758132666349411,3.5342917442321777
-0.02758132666349411,3.549999713897705
-0.02758132666349411,3.549999713897705
-0.02758132666349411,3.549999713897705
-0.02758132666349411,3.549999713897705
-0.02758132666349411,3.549999713897705
-0.02758132666349411,3.549999713897705
-0.02758132666349411,3.549999713897705
-0.02758132666349411,3.549999713897705
-0.02758132666349411,3.549999713897705
-0.02758132666349411,3.5342917442321777
-0.02758132666349411,3.5342917442321777
-0.02758132666349411,3.5185837745666504
-0.02758132666349411,3.5185837745666504
-0.02758132666349411,3.5185837745666504
-0.02758132666349411,3.502875804901123
-0.02758132666349411,3.4871678352355957
-0.02758132666349411,3.4871678352355957
-0.02758132666349411,3.4714598655700684
-0.02758132666349411,3.455751895904541
-0.02758132666349411,3.455751895904541
-0.02758132666349411,3.4400439262390137
-0.02758132666349411,3.4243359565734863
-0.02758132666349411,3.4243359565734863
-0.02758132666349411,3.408627986907959
-0.02758132666349411,3.3929200172424316
-0.02758132666349411,3.3772120475769043
-0.02758132666349411,3.361504077911377
-0.02758132666349411,3.361504077911377
-0.02758132666349411,3.3457961082458496
-0.02758132666349411,3.3300881385803223
-0.02758132666349411,3.314380168914795
-0.02758132666349411,3.2986721992492676
-0.02758132666349411,3.2829642295837402
-0.02758132666349411,3.267256259918213
0.02575523406267166,3.267256259918213
0.02575523406267166,3.2515482902526855
0.02575523406267166,3.235840320587158
0.02575523406267166,3.235840320587158
0.02575523406267166,3.220132350921631
0.02575523406267166,3.220132350921631
0.02575523406267166,3.220132350921631
0.02575523406267166,3.2044246196746826
0.02575523406267166,3.2044246196746826
0.02575523406267166,3.2044246196746826
0.02575523406267166,3.220132350921631
0.02575523406267166,3.220132350921631
0.02575523406267166,3.220132350921631
0.02575523406267166,3.235840320587158
0.02575523406267166,3.235840320587158
0.02575523406267166,3.235840320587158
0.02575523406267166,3.2515482902526855
0.02575523406267166,3.267256259918213
0.02575523406267166,3.267256259918213
0.02575523406267166,3.2829642295837402
0.02575523406267166,3.2829642295837402
0.02575523406267166,3.2986721992492676
0.02575523406267166,3.314380168914795
0.02575523406267166,3.314380168914795
0.02575523406267166,3.3300881385803223
0.02575523406267166,3.3457961082458496
0.02575523406267166,3.361504077911377
0.02575523406267166,3.361504077911377
0.02575523406267166,3.3772120475769043
0.02575523406267166,3.3929200172424316
0.02575523406267166,3.408627986907959
0.02575523406267166,3.4243359565734863
0.02575523406267166,3.4243359565734863
0.02575523406267166,3.4400439262390137
0.02575523406267166,3.455751895904541
0.02575523406267166,3.4714598655700684
0.02575523406267166,3.4871678352355957
0.02575523406267166,3.502875804901123
0.02575523406267166,3.5185837745666504
0.02575523406267166,3.5342917442321777
0.02575523406267166,3.549999713897705
0.02575523406267166,3.549999713897705
0.02575523406267166,3.5657076835632324
0.02575523406267166,3.5814156532287598
0.02575523406267166,3.597123622894287
0.02575523406267166,3.6128315925598145
0.02575523406267166,3.628539562225342
0.02575523406267166,3.644247531890869
0.02575523406267166,3.6599555015563965
0.02575523406267166,3.675663471221924
-0.08791185915470123,3.691371440887451
-0.08791185915470123,3.7070794105529785
-0.08791185915470123,3.7070794105529785
-0.08791185915470123,3.7070794105529785
-0.08791185915470123,3.7070794105529785
-0.08791185915470123,3.691371440887451
-0.08791185915470123,3.675663471221924
-0.08791185915470123,3.644247531890869
-0.08791185915470123,3.628539562225342
-0.08791185915470123,3.597123622894287
-0.08791185915470123,3.5657076835632324
-0.08791185915470123,3.5342917442321777
-0.08791185915470123,3.4871678352355957
-0.08791185915470123,3.455751895904541
-0.08791185915470123,3.408627986907959
-0.08791185915470123,3.361504077911377
-0.08791185915470123,3.2986721992492676
-0.08791185915470123,3.2515482902526855
-0.08791185915470123,3.1887166500091553
-0.08791185915470123,3.125884771347046
-0.07243514060974121,3.0630528926849365
-0.07243514060974121,3.000221014022827
-0.07243514060974121,2.9216811656951904
-0.07243514060974121,2.858849287033081
-0.07243514060974121,2.7803094387054443
-0.07243514060974121,2.717477560043335
-0.07243514060974121,2.6389377117156982
-0.07243514060974121,2.5603981018066406
-0.07243514060974121,2.481858253479004
-0.07243514060974121,2.403318405151367
-0.07243514060974121,2.3247785568237305
-0.07243514060974121,2.2305307388305664
-0.07243514060974121,2.1519908905029297
-0.07243514060974121,2.0577430725097656
-0.07243514060974121,1.9792033433914185
-0.07243514060974121,1.884955644607544
-0.07243514060974121,1.7907078266143799
-0.07243514060974121,1.6964600086212158
-0.07243514060974121,1.6022123098373413
-0.07243514060974121,1.5079644918441772
-0.07243514060974121,1.4137166738510132
-0.07243514060974121,1.3194688558578491
-0.07243514060974121,1.2095131874084473
-0.07243514060974121,1.1152653694152832
-0.07243514060974121,1.0053097009658813
-0.07243514060974121,0.9110618829727173
-0.07243514060974121,0.8011061549186707
-0.07243514060974121,0.6911503672599792
-0.07243514060974121,0.5811946392059326
-0.07243514060974121,0.48694685101509094
-0.07243514060974121,0.3769911229610443
-0.07243514060974121,0.2670353651046753
-0.07243514060974121,0.14137166738510132
-0.07243514060974121,0.03141592815518379
-0.07243514060974121,-0.07853981852531433
-0.07243514060974121,-0.18849556148052216
-0.07243514060974121,-0.3141592741012573
-0.07243514060974121,-0.42411500215530396
-0.07243514060974121,-0.5497786998748779
-0.07243514060974121,-0.6597344279289246
-0.07243514060974121,-0.7853981852531433
-0.0326588973402977,-0.8953539133071899
-0.0326588973402977,-1.0210176706314087
-0.0326588973402977,-1.146681308746338
-0.0326588973402977,-1.2566370964050293
-0.0326588973402977,-1.3823007345199585
-0.0326588973402977,-1.49225652217865
-0.0326588973402977,-1.6022123098373413
-0.0326588973402977,-1.7278759479522705
-0.0326588973402977,-1.837831735610962
-0.05362985283136368,-1.9634953737258911
-0.05362985283136368,-2.073451042175293
-0.05362985283136368,-2.1834068298339844
-0.05362985283136368,-2.309070587158203
-0.05362985283136368,-2.4190263748168945
-0.05362985283136368,-2.528982162475586
-0.05362985283136368,-2.6546456813812256
-0.05362985283136368,-2.764601469039917
-0.05362985283136368,-2.8745572566986084
-0.05362985283136368,-3.000221014022827
-0.05362985283136368,-3.1101768016815186
-0.05362985283136368,-3.235840320587158
-0.05362985283136368,-3.3457961082458496
-0.05362985283136368,-3.455751895904541
-0.05362985283136368,-3.5814156532287598
-0.05362985283136368,-3.691371440887451
-0.05362985283136368,-3.817034959793091
-0.05362985283136368,-3.9269907474517822
-0.05362985283136368,-4.036946773529053
-0.05362985283136368,-4.162610054016113
-0.05362985283136368,-4.272565841674805
-0.05362985283136368,-4.398229598999023
-0.05362985283136368,-4.508185386657715
-0.05362985283136368,-4.618141174316406
-0.05362985283136368,-4.743804931640625
-0.05362985283136368,-4.853760719299316
-0.05362985283136368,-4.979424476623535
-0.05362985283136368,-5.089380264282227
-0.05362985283136368,-5.215044021606445
-0.05362985283136368,-5.3249993324279785
-0.05362985283136368,-5.43495512008667
-0.05362985283136368,-5.560618877410889
-0.05362985283136368,-5.67057466506958
-0.05362985283136368,-5.796238422393799
-0.05362985283136368,-5.90619421005249
-0.05362985283136368,-6.031857967376709
-0.05362985283136368,-6.1418137550354
-0.05362985283136368,-6.267477512359619
-0.05362985283136368,-6.3774333000183105
-0.05362985283136368,-6.503096580505371
-0.05362985283136368,-6.6130523681640625
-0.05362985283136368,-6.723008155822754
-0.05362985283136368,-6.848671913146973
-0.05362985283136368,-6.958627700805664
-0.05362985283136368,-7.084291458129883
-0.05362985283136368,-7.194247245788574
-0.05362985283136368,-7.319911003112793
-0.05362985283136368,-7.429866790771484
-0.05362985283136368,-7.555530548095703
-0.05362985283136368,-7.665485858917236
-0.06913958489894867,-7.791149616241455
-0.06913958489894867,-7.9011054039001465
-0.06913958489894867,-8.026769638061523
-0.06913958489894867,-8.152433395385742
-0.06913958489894867,-8.262388229370117
-0.06913958489894867,-8.388051986694336
-0.06913958489894867,-8.513715744018555
-0.06913958489894867,-8.639379501342773
-0.06913958489894867,-8.765043258666992
-0.06913958489894867,-8.890707015991211
-0.06913958489894867,-9.01637077331543
-0.06913958489894867,-9.142034530639648
-0.06913958489894867,-9.267698287963867
-0.06913958489894867,-9.393362045288086
-0.06913958489894867,-9.519025802612305
-0.06913958489894867,-9.66039752960205
-0.06913958489894867,-9.78606128692627
-0.06913958489894867,-9.927433013916016
-0.06913958489894867,-10.053096771240234
-0.06913958489894867,-10.178760528564453
-0.06913958489894867,-10.3201322555542
-0.06913958489894867,-10.461503982543945
-0.06913958489894867,-10.587166786193848
-0.06913958489894867,-10.728538513183594
-0.06913958489894867,-10.86991024017334
-0.06913958489894867,-10.995573997497559
-0.06913958489894867,-11.136945724487305
-0.06913958489894867,-11.27831745147705
-0.06913958489894867,-11.419689178466797
-0.06913958489894867,-11.561060905456543
-0.06913958489894867,-11.686724662780762
-0.06913958489894867,-11.828096389770508
-0.06913958489894867,-11.969468116760254
-0.06913958489894867,-12.11083984375
-0.06913958489894867,-12.252211570739746
-0.06913958489894867,-12.393583297729492
-0.022555872797966003,-12.534955024719238
-0.022555872797966003,-12.692034721374512
-0.022555872797966003,-12.81769847869873
-0.022555872797966003,-12.95906925201416
-0.022555872797966003,-13.100440979003906
-0.022555872797966003,-13.241812705993652
-0.022555872797966003,-13.383184432983398
-0.022555872797966003,-13.524556159973145
-0.022555872797966003,-13.66592788696289
-0.022555872797966003,-13.79159164428711
-0.022555872797966003,-13.932963371276855
-0.022555872797966003,-14.074335098266602
-0.022555872797966003,-14.19999885559082
-0.022555872797966003,-14.341370582580566
-0.022555872797966003,-14.467034339904785
-0.022555872797966003,-14.608406066894531
-0.022555872797966003,-14.73406982421875
-0.022555872797966003,-14.875441551208496
-0.022555872797966003,-15.001105308532715
-0.022555872797966003,-15.126769065856934
-0.022555872797966003,-15.268139839172363
-0.022555872797966003,-15.393803596496582
-0.022555872797966003,-15.5194673538208
-0.046203769743442535,-15.64513111114502
-0.046203769743442535,-15.786502838134766
-0.046203769743442535,-15.912166595458984
-0.046203769743442535,-16.037830352783203
-0.046203769743442535,-16.163494110107422
-0.046203769743442535,-16.28915786743164
-0.046203769743442535,-16.41482162475586
-0.046203769743442535,-16.540485382080078
-0.046203769743442535,-16.666149139404297
-0.046203769743442535,-16.791812896728516
-0.046203769743442535,-16.917476654052734
-0.046203769743442535,-17.043140411376953
-0.046203769743442535,-17.168804168701172
-0.046203769743442535,-17.29446792602539
-0.046203769743442535,-17.42013168334961
-0.046203769743442535,-17.545795440673828
-0.046203769743442535,-17.655750274658203
-0.046203769743442535,-17.781414031982422
0.08720219880342484,-17.90707778930664
0.08720219880342484,-18.01703453063965
0.08720219880342484,-18.126989364624023
0.08720219880342484,-18.221237182617188
0.08720219880342484,-18.31548500061035
0.08720219880342484,-18.394025802612305
0.08720219880342484,-18.472564697265625
0.08720219880342484,-18.535396575927734
0.08720219880342484,-18.613937377929688
0.08720219880342484,-18.661060333251953
0.08720219880342484,-18.723892211914062
0.08720219880342484,-18.771015167236328
0.08720219880342484,-18.802431106567383
0.08720219880342484,-18.833847045898438
0.08720219880342484,-18.865262985229492
0.08720219880342484,-18.880971908569336
0.08720219880342484,-18.91238784790039
0.08720219880342484,-18.91238784790039
0.08720219880342484,-18.9280948638916
0.08720219880342484,-18.9280948638916
0.08720219880342484,-18.9280948638916
0.08720219880342484,-18.91238784790039
0.08720219880342484,-18.896678924560547
0.08720219880342484,-18.880971908569336
0.08720219880342484,-18.865262985229492
0.08720219880342484,-18.833847045898438
0.08720219880342484,-18.802431106567383
0.08720219880342484,-18.771015167236328
0.08720219880342484,-18.739599227905273
0.08720219880342484,-18.692476272583008
0.08720219880342484,-18.645353317260742
0.08720219880342484,-18.598228454589844
0.08720219880342484,-18.551105499267578
0.08720219880342484,-18.50398063659668
0.08720219880342484,-18.44114875793457
0.08720219880342484,-18.37831687927246
0.08720219880342484,-18.31548500061035
0.08720219880342484,-18.252653121948242
0.08720219880342484,-18.189821243286133
0.08720219880342484,-18.111282348632812
0.08720219880342484,-18.03274154663086
0.08720219880342484,-17.95420265197754
0.08720219880342484,-17.875661849975586
0.08720219880342484,-17.797122955322266
0.08720219880342484,-17.718582153320312
0.08720219880342484,-17.62433433532715
0.08720219880342484,-17.530086517333984
0.08720219880342484,-17.43583869934082
-0.04426614195108414,-17.341590881347656
-0.04426614195108414,-17.263051986694336
-0.04426614195108414,-17.168804168701172
-0.04426614195108414,-17.09026336669922
-0.04426614195108414,-17.0117244720459
-0.04426614195108414,-16.94889259338379
-0.04426614195108414,-16.870351791381836
-0.04426614195108414,-16.807519912719727
-0.04426614195108414,-16.744688034057617
-0.04426614195108414,-16.681856155395508
-0.04426614195108414,-16.634733200073242
0.09332475811243057,-16.587608337402344
0.09332475811243057,-16.524776458740234
0.09332475811243057,-16.461944580078125
0.09332475811243057,-16.399112701416016
0.09332475811243057,-16.33628273010254
0.09332475811243057,-16.257741928100586
0.09332475811243057,-16.179203033447266
0.09332475811243057,-16.100662231445312
0.09332475811243057,-16.022123336791992
0.01216336339712143,-15.943582534790039
0.01216336339712143,-15.865042686462402
0.01216336339712143,-15.786502838134766
0.01216336339712143,-15.692255020141602
0.01216336339712143,-15.613715171813965
0.01216336339712143,-15.535175323486328
0.01216336339712143,-15.456635475158691
0.01216336339712143,-15.378095626831055
0.01216336339712143,-15.299555778503418
0.01216336339712143,-15.221015930175781
0.01216336339712143,-15.142477035522461
0.01216336339712143,-15.079645156860352
0.01216336339712143,-15.001105308532715
0.01216336339712143,-14.922565460205078
0.01216336339712143,-14.844025611877441
0.01216336339712143,-14.765485763549805
0.01216336339712143,-14.702653884887695
0.01216336339712143,-14.624114036560059
0.01216336339712143,-14.56128215789795
0.01216336339712143,-14.482742309570312
0.01216336339712143,-14.404202461242676
0.01216336339712143,-14.341370582580566
0.01216336339712143,-14.26283073425293
0.01216336339712143,-14.19999885559082
0.01216336339712143,-14.137166976928711
0.01216336339712143,-14.058627128601074
0.01216336339712143,-13.995795249938965
0.01216336339712143,-13.932963371276855
0.0406227633357048,-13.854423522949219
0.0406227633357048,-13.79159164428711
0.0406227633357048,-13.728759765625
0.0406227633357048,-13.650219917297363
0.0406227633357048,-13.587388038635254
0.0406227633357048,-13.524556159973145
0.0406227633357048,-13.461724281311035
0.0406227633357048,-13.383184432983398
0.0406227633357048,-13.320352554321289
0.0406227633357048,-13.25752067565918
0.0406227633357048,-13.19468879699707
0.0406227633357048,-13.116148948669434
0.0406227633357048,-13.053317070007324
0.0406227633357048,-12.990485191345215
0.0406227633357048,-12.911945343017578
0.0406227633357048,-12.849114418029785
0.0406227633357048,-12.786282539367676
0.0406227633357048,-12.723450660705566
0.0406227633357048,-12.64491081237793
0.0406227633357048,-12.58207893371582
0.0406227633357048,-12.519247055053711
0.0406227633357048,-12.456415176391602
0.0406227633357048,-12.377875328063965
0.0406227633357048,-12.315043449401855
0.0406227633357048,-12.252211570739746
0.0406227633357048,-12.189379692077637
0.0406227633357048,-12.11083984375
0.0406227633357048,-12.04800796508789
0.0406227633357048,-11.985176086425781
0.0406227633357048,-11.922344207763672
0.0406227633357048,-11.843804359436035
0.0406227633357048,-11.780972480773926
0.0406227633357048,-11.718140602111816
0.0406227633357048,-11.655308723449707
0.0406227633357048,-11.57676887512207
0.0406227633357048,-11.513936996459961
0.0406227633357048,-11.451105117797852
0.0406227633357048,-11.388273239135742
0.0406227633357048,-11.309733390808105
0.0406227633357048,-11.246901512145996
0.0406227633357048,-11.184069633483887
0.0406227633357048,-11.121237754821777
0.0406227633357048,-11.058405876159668
0.0406227633357048,-10.979866027832031
0.0406227633357048,-10.917034149169922
0.0406227633357048,-10.854202270507812
0.0406227633357048,-10.791370391845703
-0.06387192010879517,-10.728538513183594
-0.06387192010879517,-10.665706634521484
-0.06387192010879517,-10.602874755859375
-0.06387192010879517,-10.555750846862793
-0.06387192010879517,-10.508627891540527
-0.06387192010879517,-10.477211952209473
-0.06387192010879517,-10.43008804321289
-0.06387192010879517,-10.398672103881836
-0.06387192010879517,-10.367256164550781
-0.06387192010879517,-10.351548194885254
-0.06387192010879517,-10.335840225219727
-0.06387192010879517,-10.3201322555542
-0.06387192010879517,-10.304424285888672
-0.06387192010879517,-10.288716316223145
-0.06387192010879517,-10.288716316223145
-0.06387192010879517,-10.288716316223145
-0.06387192010879517,-10.288716316223145
-0.06387192010879517,-10.304424285888672
-0.06387192010879517,-10.304424285888672
-0.06387192010879517,-10.3201322555542
-0.06387192010879517,-10.335840225219727
-0.06387192010879517,-10.351548194885254
-0.06387192010879517,-10.367256164550781
-0.06387192010879517,-10.398672103881836
-0.06387192010879517,-10.414380073547363
-0.06387192010879517,-10.445796012878418
-0.06387192010879517,-10.477211952209473
-0.06387192010879517,-10.508627891540527
-0.06387192010879517,-10.540042877197266
-0.06387192010879517,-10.587166786193848
-0.06387192010879517,-10.618582725524902
0.08242139965295792,-10.649998664855957
0.08242139965295792,-10.681414604187012
0.08242139965295792,-10.712830543518066
0.08242139965295792,-10.728538513183594
0.08242139965295792,-10.744246482849121
0.08242139965295792,-10.759954452514648
0.08242139965295792,-10.759954452514648
0.08242139965295792,-10.759954452514648
0.08242139965295792,-10.759954452514648
0.08242139965295792,-10.744246482849121
0.08242139965295792,-10.728538513183594
0.08242139965295792,-10.712830543518066
0.08242139965295792,-10.681414604187012
0.08242139965295792,-10.665706634521484
0.08242139965295792,-10.63429069519043
0.08242139965295792,-10.602874755859375
0.08242139965295792,-10.555750846862793
0.08242139965295792,-10.524335861206055
0.08242139965295792,-10.477211952209473
0.08242139965295792,-10.43008804321289
0.08242139965295792,-10.382964134216309
0.08242139965295792,-10.3201322555542
0.08242139965295792,-10.273008346557617
0.08242139965295792,-10.210176467895508
0.08242139965295792,-10.147344589233398
0.08242139965295792,-10.084512710571289
0.08242139965295792,-10.02168083190918
0.08242139965295792,-9.943140983581543
0.08242139965295792,-9.864601135253906
0.08242139965295792,-9.801769256591797
0.08242139965295792,-9.72322940826416
0.08242139965295792,-9.644689559936523
0.08242139965295792,-9.55044174194336
0.08242139965295792,-9.471901893615723
0.08242139965295792,-9.377654075622559
0.08242139965295792,-9.299114227294922
0.08242139965295792,-9.204866409301758
0.08242139965295792,-9.110618591308594
0.08242139965295792,-9.01637077331543
0.08242139965295792,-8.922122955322266
0.08242139965295792,-8.812167167663574
0.08242139965295792,-8.71791934967041
0.08242139965295792,-8.607963562011719
0.08242139965295792,-8.498007774353027
0.08242139965295792,-8.388051986694336
0.08242139965295792,-8.293804168701172
0.08242139965295792,-8.16814136505127
0.0746484324336052,-8.058185577392578
0.0746484324336052,-7.9482293128967285
0.0746484324336052,-7.838273525238037
0.0746484324336052,-7.712609767913818
0.0746484324336052,-7.602654457092285
0.0746484324336052,-7.476990699768066
0.0746484324336052,-7.351326942443848
0.0746484324336052,-7.225663185119629
0.0746484324336052,-7.1157073974609375
0.0746484324336052,-6.990043640136719
0.0746484324336052,-6.8643798828125
0.0746484324336052,-6.738716125488281
0.0746484324336052,-6.6130523681640625
0.0746484324336052,-6.471680641174316
0.0746484324336052,-6.346017360687256
0.0746484324336052,-6.220353603363037
0.0746484324336052,-6.094689846038818
0.0746484324336052,-5.953318119049072
0.0746484324336052,-5.8276543617248535
0.0746484324336052,-5.686282634735107
0.0746484324336052,-5.560618877410889
0.0746484324336052,-5.419247150421143
0.0746484324336052,-5.2778754234313965
0.0746484324336052,-5.136504173278809
0.0746484324336052,-5.01084041595459
0.0746484324336052,-4.869468688964844
0.0746484324336052,-4.728096961975098
0.0746484324336052,-4.586725234985352
0.0746484324336052,-4.4453535079956055
0.0746484324336052,-4.303981781005859
0.0746484324336052,-4.162610054016113
0.0746484324336052,-4.021238803863525
0.0746484324336052,-3.864158868789673
0.0746484324336052,-3.722787380218506
0.0746484324336052,-3.5814156532287598
0.0746484324336052,-3.4243359565734863
0.0746484324336052,-3.2829642295837402
-0.04421665146946907,-3.1415927410125732
-0.04421665146946907,-3.000221014022827
-0.04421665146946907,-2.858849287033081
-0.04421665146946907,-2.7331855297088623
-0.04421665146946907,-2.6075220108032227
-0.04421665146946907,-2.481858253479004
-0.04421665146946907,-2.3719024658203125
-0.04421665146946907,-2.261946678161621
-0.04421665146946907,-2.1519908905029297
-0.04421665146946907,-2.0420353412628174
-0.04421665146946907,-1.9477874040603638
-0.04421665146946907,-1.8535397052764893
-0.04421665146946907,-1.7592918872833252
-0.04421665146946907,-1.6807520389556885
0.09219484776258469,-1.586504340171814
0.09219484776258469,-1.5079644918441772
0.09219484776258469,-1.4137166738510132
0.09219484776258469,-1.3194688558578491
0.09219484776258469,-1.2095131874084473
0.09219484776258469,-1.1152653694152832
0.09219484776258469,-1.0053097009658813
0.09219484776258469,-0.9110618829727173
0.09219484776258469,-0.8011061549186707
0.09219484776258469,-0.6911503672599792
0.09219484776258469,-0.5811946392059326
0.09219484776258469,-0.45553094148635864
0.09219484776258469,-0.3455751836299896
0.09219484776258469,-0.21991148591041565
0.09219484776258469,-0.09424778074026108
-0.01699676364660263,0.03141592815518379
-0.01699676364660263,0.14137166738510132
-0.01699676364660263,0.2670353651046753
-0.01699676364660263,0.3769911229610443
-0.01699676364660263,0.5026548504829407
-0.01699676364660263,0.6126105785369873
-0.01699676364660263,0.7225663065910339
-0.01699676364660263,0.8168140649795532
-0.01699676364660263,0.9267698526382446
-0.01699676364660263,1.0210176706314087
-0.01699676364660263,1.1309733390808105
-0.01699676364660263,1.2252211570739746
-0.01699676364660263,1.3194688558578491
-0.01699676364660263,1.4137166738510132
-0.01699676364660263,1.49225652217865
-0.01699676364660263,1.586504340171814
-0.01699676364660263,1.6650440692901611
-0.01699676364660263,1.7592918872833252
-0.01699676364660263,1.837831735610962
-0.01699676364660263,1.916371464729309
-0.01699676364660263,1.9949113130569458
-0.01699676364660263,2.073451042175293
-0.01699676364660263,2.1519908905029297
-0.01699676364660263,2.2305307388305664
-0.01699676364660263,2.293362617492676
-0.01699676364660263,2.356194496154785
-0.01699676364660263,2.434734344482422
-0.01699676364660263,2.4975662231445312
-0.01699676364660263,2.5603981018066406
-0.01699676364660263,2.62322998046875
-0.01699676364660263,2.6860616207122803
-0.01699676364660263,2.7488934993743896
-0.01699676364660263,2.811725378036499
-0.01699676364660263,2.858849287033081
-0.01699676364660263,2.9216811656951904
-0.01699676364660263,2.9688050746917725
-0.01699676364660263,3.0159289836883545
-0.01699676364660263,3.078760862350464
-0.01699676364660263,3.125884771347046
-0.01699676364660263,3.173008680343628
-0.01699676364660263,3.220132350921631
-0.01699676364660263,3.267256259918213
-0.01699676364660263,3.314380168914795
-0.01699676364660263,3.361504077911377
0.011761665344238281,3.3929200172424316
0.011761665344238281,3.4400439262390137
0.011761665344238281,3.4871678352355957
0.011761665344238281,3.5185837745666504
0.011761665344238281,3.5657076835632324
0.011761665344238281,3.597123622894287
0.011761665344238281,3.644247531890869
0.011761665344238281,3.675663471221924
0.011761665344238281,3.722787380218506
0.011761665344238281,3.7542033195495605
0.011761665344238281,3.8013272285461426
0.011761665344238281,3.832742929458618
0.011761665344238281,3.864158868789673
0.011761665344238281,3.8955748081207275
0.011761665344238281,3.9426987171173096
0.011761665344238281,3.9741146564483643
0.011761665344238281,4.005530834197998
0.011761665344238281,4.036946773529053
0.011761665344238281,4.068362712860107
0.011761665344238281,4.099778175354004
0.011761665344238281,4.131194114685059
0.011761665344238281,4.162610054016113
0.011761665344238281,4.194025993347168
0.011761665344238281,4.225441932678223
0.011761665344238281,4.256857872009277
0.011761665344238281,4.288273811340332
0.011761665344238281,4.319689750671387
0.011761665344238281,4.351105690002441
0.011761665344238281,4.382521629333496
0.011761665344238281,4.398229598999023
0.011761665344238281,4.429645538330078
0.011761665344238281,4.461061477661133
0.011761665344238281,4.47676944732666
0.011761665344238281,4.508185386657715
0.011761665344238281,4.523893356323242
0.011761665344238281,4.555309295654297
0.011761665344238281,4.571017265319824
0.011761665344238281,4.602433204650879
0.011761665344238281,4.618141174316406
0.011761665344238281,4.649557113647461
0.011761665344238281,4.665265083312988
0.011761665344238281,4.696681022644043
0.011761665344238281,4.71238899230957
0.011761665344238281,4.728096961975098
-0.013213276863098145,4.743804931640625
-0.013213276863098145,4.77522087097168
-0.013213276863098145,4.790928840637207
-0.013213276863098145,4.806636810302734
-0.013213276863098145,4.822344779968262
-0.013213276863098145,4.838052749633789
-0.013213276863098145,4.853760719299316
-0.013213276863098145,4.869468688964844
-0.013213276863098145,4.885176658630371
-0.013213276863098145,4.885176658630371
-0.013213276863098145,4.900884628295898
-0.013213276863098145,4.916592597961426
-0.013213276863098145,4.932300567626953
-0.013213276863098145,4.932300567626953
-0.013213276863098145,4.9480085372924805
-0.013213276863098145,4.9480085372924805
-0.013213276863098145,4.963716506958008
-0.013213276863098145,4.963716506958008
-0.013213276863098145,4.979424476623535
-0.013213276863098145,4.979424476623535
-0.013213276863098145,4.9951324462890625
-0.013213276863098145,4.9951324462890625
-0.013213276863098145,4.9951324462890625
-0.013213276863098145,5.01084041595459
-0.013213276863098145,5.01084041595459
-0.013213276863098145,5.01084041595459
-0.013213276863098145,5.01084041595459
-0.013213276863098145,5.026548385620117
-0.013213276863098145,5.026548385620117
-0.013213276863098145,5.026548385620117
-0.013213276863098145,5.026548385620117
-0.013213276863098145,5.026548385620117
-0.013213276863098145,5.026548385620117
-0.013213276863098145,5.026548385620117
-0.013213276863098145,5.026548385620117
-0.013213276863098145,5.026548385620117
-0.013213276863098145,5.026548385620117
-0.013213276863098145,5.026548385620117
-0.013213276863098145,5.026548385620117
-0.013213276863098145,5.01084041595459
-0.013213276863098145,5.01084041595459
-0.013213276863098145,5.01084041595459
-0.013213276863098145,5.01084041595459
-0.013213276863098145,5.01084041595459
-0.013213276863098145,5.01084041595459
-0.013213276863098145,5.01084041595459
-0.013213276863098145,5.01084041595459
-0.013213276863098145,4.9951324462890625
0.08547457307577133,4.9951324462890625
0.08547457307577133,5.01084041595459
0.08547457307577133,5.01084041595459
0.08547457307577133,5.026548385620117
0.08547457307577133,5.0422563552856445
0.08547457307577133,5.073672294616699
0.08547457307577133,5.089380264282227
0.08547457307577133,5.120796203613281
0.08547457307577133,5.152212142944336
0.08547457307577133,5.183628082275391
0.08547457307577133,5.230751991271973
0.08547457307577133,5.262167930603027
0.08547457307577133,5.309291362762451
0.08547457307577133,5.3721232414245605
0.08547457307577133,5.419247150421143
0.08547457307577133,5.466371059417725
0.08547457307577133,5.529202938079834
0.08547457307577133,5.592034816741943
0.08547457307577133,5.654866695404053
0.08547457307577133,5.717698574066162
0.08547457307577133,5.796238422393799
0.08547457307577133,5.8747782707214355
0.08547457307577133,5.937610149383545
0.08547457307577133,6.031857967376709
0.08547457307577133,6.110397815704346
0.08547457307577133,6.188937664031982
0.08547457307577133,6.2831854820251465
0.08547457307577133,6.361725330352783
0.08547457307577133,6.455972671508789
0.08547457307577133,6.550220489501953
0.08547457307577133,6.644468307495117
0.08547457307577133,6.754424095153809
0.08547457307577133,6.848671913146973
-0.04596793279051781,6.942919731140137
-0.04596793279051781,7.037167549133301
-0.04596793279051781,7.131415367126465
-0.04596793279051781,7.225663185119629
-0.04596793279051781,7.304203033447266
-0.04596793279051781,7.382742881774902
-0.04596793279051781,7.461282730102539
-0.04596793279051781,7.539822578430176
0.027920715510845184,7.602654457092285
0.027920715510845184,7.665485858917236
0.027920715510845184,7.728317737579346
0.027920715510845184,7.806857585906982
0.027920715510845184,7.869689464569092
0.027920715510845184,7.932521343231201
0.027920715510845184,7.9953532218933105
0.027920715510845184,8.073893547058105
0.027920715510845184,8.136725425720215
0.027920715510845184,8.199556350708008
0.027920715510845184,8.262388229370117
0.027920715510845184,8.325220108032227
0.027920715510845184,8.388051986694336
0.027920715510845184,8.450883865356445
0.027920715510845184,8.513715744018555
0.027920715510845184,8.576547622680664
0.027920715510845184,8.639379501342773
0.027920715510845184,8.702211380004883
0.027920715510845184,8.749335289001465
0.027920715510845184,8.812167167663574
0.027920715510845184,8.874999046325684
0.027920715510845184,8.937830924987793
0.027920715510845184,9.000662803649902
0.027920715510845184,9.047786712646484
0.027920715510845184,9.110618591308594
0.027920715510845184,9.173450469970703
0.027920715510845184,9.220574378967285
0.027920715510845184,9.283406257629395
0.027920715510845184,9.330530166625977
0.027920715510845184,9.393362045288086
0.027920715510845184,9.456193923950195
0.027920715510845184,9.503317832946777
0.027920715510845184,9.566149711608887
0.027920715510845184,9.613273620605469
0.027920715510845184,9.66039752960205
0.027920715510845184,9.72322940826416
0.027920715510845184,9.770353317260742
0.011204123497009277,9.833185195922852
0.011204123497009277,9.880309104919434
0.011204123497009277,9.927433013916016
0.011204123497009277,9.974556922912598
0.011204123497009277,10.037388801574707
0.011204123497009277,10.084512710571289
0.011204123497009277,10.131636619567871
0.011204123497009277,10.178760528564453
0.011204123497009277,10.225884437561035
0.011204123497009277,10.273008346557617
0.011204123497009277,10.3201322555542
0.011204123497009277,10.367256164550781
0.011204123497009277,10.414380073547363
0.011204123497009277,10.461503982543945
0.011204123497009277,10.508627891540527
0.011204123497009277,10.555750846862793
0.011204123497009277,10.602874755859375
0.011204123497009277,10.63429069519043
0.011204123497009277,10.681414604187012
0.011204123497009277,10.728538513183594
0.011204123497009277,10.759954452514648
0.011204123497009277,10.80707836151123
0.011204123497009277,10.854202270507812
0.011204123497009277,10.885618209838867
0.011204123497009277,10.93274211883545
0.011204123497009277,10.964158058166504
0.011204123497009277,11.011281967163086
0.011204123497009277,11.04269790649414
0.011204123497009277,11.089821815490723
0.011204123497009277,11.121237754821777
0.011204123497009277,11.152653694152832
0.011204123497009277,11.199777603149414
0.011204123497009277,11.231193542480469
0.011204123497009277,11.262609481811523
0.011204123497009277,11.294025421142578
0.011204123497009277,11.34114933013916
0.011204123497009277,11.372565269470215
0.011204123497009277,11.40398120880127
-0.028952009975910187,11.435397148132324
-0.028952009975910187,11.466813087463379
-0.028952009975910187,11.498229026794434
-0.028952009975910187,11.513936996459961
-0.028952009975910187,11.545352935791016
-0.028952009975910187,11.561060905456543
-0.028952009975910187,11.57676887512207
-0.028952009975910187,11.608184814453125
-0.028952009975910187,11.623892784118652
-0.028952009975910187,11.63960075378418
-0.028952009975910187,11.655308723449707
-0.028952009975910187,11.655308723449707
-0.028952009975910187,11.671016693115234
-0.028952009975910187,11.671016693115234
-0.028952009975910187,11.686724662780762
-0.028952009975910187,11.686724662780762
-0.028952009975910187,11.686724662780762
-0.028952009975910187,11.686724662780762
-0.028952009975910187,11.702432632446289
-0.028952009975910187,11.702432632446289
-0.028952009975910187,11.686724662780762
-0.028952009975910187,11.686724662780762
-0.028952009975910187,11.686724662780762
-0.028952009975910187,11.686724662780762
-0.028952009975910187,11.671016693115234
-0.028952009975910187,11.671016693115234
-0.028952009975910187,11.655308723449707
-0.028952009975910187,11.655308723449707
-0.028952009975910187,11.63960075378418
-0.028952009975910187,11.63960075378418
-0.028952009975910187,11.623892784118652
-0.028952009975910187,11.623892784118652
-0.028952009975910187,11.608184814453125
-0.02378067374229431,11.592476844787598
-0.02378067374229431,11.592476844787598
-0.02378067374229431,11.57676887512207
-0.02378067374229431,11.561060905456543
-0.02378067374229431,11.561060905456543
-0.02378067374229431,11.545352935791016
0.06435202807188034,11.529644966125488
0.06435202807188034,11.529644966125488
0.06435202807188034,11.529644966125488
0.06435202807188034,11.529644966125488
0.06435202807188034,11.529644966125488
0.06435202807188034,11.545352935791016
0.06435202807188034,11.561060905456543
0.06435202807188034,11.57676887512207
0.06435202807188034,11.592476844787598
0.06435202807188034,11.608184814453125
0.06435202807188034,11.623892784118652
0.06435202807188034,11.655308723449707
0.06435202807188034,11.686724662780762
0.06435202807188034,11.702432632446289
0.06435202807188034,11.733848571777344
0.06435202807188034,11.765264511108398
0.06435202807188034,11.81238842010498
0.06435202807188034,11.843804359436035
0.06435202807188034,11.87522029876709
0.06435202807188034,11.922344207763672
0.07310730963945389,11.969468116760254
0.07310730963945389,12.016592025756836
0.07310730963945389,12.063715934753418
0.07310730963945389,12.11083984375
0.07310730963945389,12.157963752746582
0.07310730963945389,12.220795631408691
0.07310730963945389,12.2836275100708
0.07310730963945389,12.34645938873291
0.07310730963945389,12.40929126739502
0.07310730963945389,12.472123146057129
0.08898176997900009,12.534955024719238
0.08898176997900009,12.597786903381348
0.08898176997900009,12.676326751708984
0.08898176997900009,12.754866600036621
0.08898176997900009,12.833406448364258
0.08898176997900009,12.911945343017578
0.08898176997900009,13.006193161010742
0.08898176997900009,13.084733009338379
0.08898176997900009,13.178980827331543
0.08898176997900009,13.273228645324707
0.08898176997900009,13.367476463317871
0.08898176997900009,13.477432250976562
0.08898176997900009,13.571680068969727
0.08898176997900009,13.681635856628418
0.08898176997900009,13.775883674621582
0.08898176997900009,13.885839462280273
0.08898176997900009,13.995795249938965
0.08898176997900009,14.121459007263184
0.08898176997900009,14.231414794921875
0.08898176997900009,14.341370582580566
0.08898176997900009,14.467034339904785
0.08898176997900009,14.592698097229004
0.08898176997900009,14.718361854553223
0.03258547931909561,14.844025611877441
0.03258547931909561,14.96968936920166
0.03258547931909561,15.095353126525879
0.03258547931909561,15.20530891418457
0.03258547931909561,15.330971717834473
0.03258547931909561,15.456635475158691
0.03258547931909561,15.58229923248291
0.03258547931909561,15.707962989807129
0.03258547931909561,15.81791877746582
0.03258547931909561,15.943582534790039
0.03258547931909561,16.053539276123047
0.03258547931909561,16.179203033447266
0.02334851771593094,16.304866790771484
0.02334851771593094,16.41482162475586
0.02334851771593094,16.540485382080078
0.02334851771593094,16.650440216064453
0.02334851771593094,16.76039695739746
0.02334851771593094,16.88606071472168
0.02334851771593094,16.996015548706055
0.02334851771593094,17.105972290039062
0.02334851771593094,17.23163604736328
0.02334851771593094,17.341590881347656
0.02334851771593094,17.451547622680664
0.02334851771593094,17.56150245666504
0.02334851771593094,17.671459197998047
0.02334851771593094,17.781414031982422
0.02334851771593094,17.90707778930664
0.02334851771593094,18.01703453063965
0.02334851771593094,18.126989364624023
0.02334851771593094,18.23694610595703
0.02334851771593094,18.346900939941406
0.02334851771593094,18.44114875793457
0.02334851771593094,18.551105499267578
0.02334851771593094,18.661060333251953
0.02334851771593094,18.771015167236328
0.02334851771593094,18.880971908569336
0.02334851771593094,18.9752197265625
0.02334851771593094,19.085174560546875
0.02334851771593094,19.195131301879883
0.02334851771593094,19.289379119873047
0.02334851771593094,19.399333953857422
0.02334851771593094,19.50929069519043
0.02334851771593094,19.603538513183594
0.02334851771593094,19.71349334716797
0.02334851771593094,19.807741165161133
0.02334851771593094,19.91769790649414
0.02334851771593094,20.011945724487305
0.02334851771593094,20.10619354248047
0.02334851771593094,20.216148376464844
0.02334851771593094,20.310396194458008
0.02334851771593094,20.404644012451172
0.02334851771593094,20.498891830444336
0.02334851771593094,20.608848571777344
0.02334851771593094,20.703096389770508
0.02334851771593094,20.797344207763672
0.02334851771593094,20.891592025756836
0.02334851771593094,20.98583984375
0.02334851771593094,21.08008575439453
0.02334851771593094,21.174333572387695
-0.0010418593883514404,21.26858139038086
-0.0010418593883514404,21.362829208374023
-0.0010418593883514404,21.457077026367188
-0.0010418593883514404,21.55132484436035
-0.0010418593883514404,21.629865646362305
-0.0010418593883514404,21.72411346435547
-0.0010418593883514404,21.818361282348633
-0.0010418593883514404,21.912609100341797
-0.0010418593883514404,21.991147994995117
-0.0010418593883514404,22.08539581298828
-0.0010418593883514404,22.179643630981445
-0.0010418593883514404,22.2581844329834
-0.0010418593883514404,22.352432250976562
-0.0010418593883514404,22.430971145629883
-0.0010418593883514404,22.525218963623047
-0.0010418593883514404,22.603759765625
-0.0010418593883514404,22.68229866027832
-0.0010418593883514404,22.776546478271484
-0.0010418593883514404,22.855087280273438
-0.0010418593883514404,22.9493350982666
-0.0010418593883514404,23.027873992919922
-0.0010418593883514404,23.106414794921875
-0.0010418593883514404,23.184953689575195
-0.0010418593883514404,23.27920150756836
-0.0010418593883514404,23.357742309570312
-0.0010418593883514404,23.436281204223633
-0.0010418593883514404,23.514820098876953
-0.0010418593883514404,23.593360900878906
-0.0010418593883514404,23.671899795532227
-0.0010418593883514404,23.75044059753418
-0.0010418593883514404,23.8289794921875
-0.0010418593883514404,23.907520294189453
-0.0010418593883514404,23.986059188842773
-0.0010418593883514404,24.064599990844727
-0.0010418593883514404,24.143138885498047
-0.0010418593883514404,24.2216796875
-0.0010418593883514404,24.28451156616211
-0.0010418593883514404,24.36305046081543
-0.0010418593883514404,24.441591262817383
-0.0010418593883514404,24.504423141479492
-0.0010418593883514404,24.582962036132812
-0.0010418593883514404,24.661502838134766
-0.0010418593883514404,24.724334716796875
-0.0010418593883514404,24.802873611450195
-0.0010418593883514404,24.88141441345215
-0.0010418593883514404,24.944246292114258
0.03620757907629013,25.022785186767578
0.03620757907629013,25.085617065429688
0.03620757907629013,25.16415786743164
0.03620757907629013,25.22698974609375
0.03620757907629013,25.28982162475586
0.03620757907629013,25.36836051940918
0.03620757907629013,25.43119239807129
0.03620757907629013,25.509733200073242
0.03620757907629013,25.57256507873535
0.03620757907629013,25.63539695739746
0.03620757907629013,25.71393585205078
0.03620757907629013,25.77676773071289
0.03620757907629013,25.839599609375
0.03620757907629013,25.91813850402832
0.03620757907629013,25.98097038269043
0.03620757907629013,26.04380226135254
0.03620757907629013,26.10663414001465
0.03620757907629013,26.1851749420166
0.03620757907629013,26.24800682067871
0.03620757907629013,26.31083869934082
0.03620757907629013,26.37367057800293
0.03620757907629013,26.45220947265625
0.03620757907629013,26.51504135131836
0.03620757907629013,26.57787322998047
0.03620757907629013,26.640705108642578
0.03620757907629013,26.703536987304688
0.03620757907629013,26.766368865966797
0.03620757907629013,26.829200744628906
0.03620757907629013,26.892032623291016
0.03620757907629013,26.97057342529297
0.03620757907629013,27.033405303955078
0.03620757907629013,27.096237182617188
0.07716584950685501,27.159069061279297
0.07716584950685501,27.221900939941406
0.07716584950685501,27.300439834594727
0.07716584950685501,27.363271713256836
0.07716584950685501,27.44181251525879
0.07716584950685501,27.52035140991211
0.07716584950685501,27.598892211914062
0.07716584950685501,27.677431106567383
0.07716584950685501,27.755971908569336
0.07716584950685501,27.8502197265625
0.07716584950685501,27.92875862121582
0.07716584950685501,28.023006439208984
0.07716584950685501,28.11725425720215
0.07716584950685501,28.211502075195312
0.07716584950685501,28.305749893188477
-0.021033860743045807,28.39999771118164
-0.021033860743045807,28.494245529174805
-0.021033860743045807,28.58849334716797
-0.021033860743045807,28.66703224182129
-0.021033860743045807,28.761280059814453
-0.021033860743045807,28.839820861816406
-0.021033860743045807,28.918359756469727
-0.021033860743045807,28.99690055847168
-0.021033860743045807,29.075439453125
-0.021033860743045807,29.13827133178711
-0.021033860743045807,29.216812133789062
-0.021033860743045807,29.279644012451172
-0.021033860743045807,29.34247589111328
-0.021033860743045807,29.4210147857666
-0.021033860743045807,29.48384666442871
-0.021033860743045807,29.53097152709961
-0.021033860743045807,29.59380340576172
-0.021033860743045807,29.656635284423828
-0.021033860743045807,29.703758239746094
-0.021033860743045807,29.750883102416992
-0.021033860743045807,29.8137149810791
-0.021033860743045807,29.860837936401367
-0.021033860743045807,29.907962799072266
-0.021033860743045807,29.95508575439453
-0.021033860743045807,30.00221061706543
-0.021033860743045807,30.033626556396484
-0.021033860743045807,30.08074951171875
-0.021033860743045807,30.112165451049805
-0.021033860743045807,30.159290313720703
-0.021033860743045807,30.190706253051758
-0.021033860743045807,30.222122192382812
-0.021033860743045807,30.253538131713867
-0.021033860743045807,30.284954071044922
-0.021033860743045807,30.316370010375977
-0.021033860743045807,30.34778594970703
0.07408856600522995,30.363492965698242
0.07408856600522995,30.394908905029297
0.07408856600522995,30.442031860351562
0.07408856600522995,30.473447799682617
0.07408856600522995,30.504863739013672
0.07408856600522995,30.55198860168457
0.07408856600522995,30.599111557006836
0.07408856600522995,30.646236419677734
0.07408856600522995,30.693359375
0.07408856600522995,30.7404842376709
0.07408856600522995,30.803316116333008
0.07408856600522995,30.866147994995117
0.07408856600522995,30.913270950317383
0.07408856600522995,30.976102828979492
0.07408856600522995,31.0389347076416
0.07408856600522995,31.117475509643555
0.07408856600522995,31.180307388305664
0.07408856600522995,31.243139266967773
0.07408856600522995,31.321678161621094
0.07408856600522995,31.400218963623047
0.008084319531917572,31.478757858276367
0.008084319531917572,31.541589736938477
0.008084319531917572,31.62013053894043
0.008084319531917572,31.69866943359375
0.008084319531917572,31.777210235595703
0.008084319531917572,31.840042114257812
0.008084319531917572,31.918581008911133
0.008084319531917572,31.981412887573242
0.008084319531917572,32.05995178222656
0.008084319531917572,32.138492584228516
-0.04299932345747948,32.201324462890625
-0.04299932345747948,32.264156341552734
-0.04299932345747948,32.326988220214844
-0.04299932345747948,32.38982009887695
-0.04299932345747948,32.43694305419922
-0.04299932345747948,32.48406982421875
-0.04299932345747948,32.531192779541016
-0.04299932345747948,32.57831573486328
-0.04299932345747948,32.62543869018555
-0.04299932345747948,32.656856536865234
-0.04299932345747948,32.688270568847656
-0.04299932345747948,32.719688415527344
-0.04299932345747948,32.751102447509766
-0.04299932345747948,32.78252029418945
-0.04299932345747948,32.79822540283203
-0.04299932345747948,32.82964324951172
-0.04299932345747948,32.84535217285156
-0.04299932345747948,32.86105728149414
-0.04299932345747948,32.86105728149414
-0.04299932345747948,32.876766204833984
-0.04299932345747948,32.876766204833984
-0.04299932345747948,32.89247512817383
-0.04299932345747948,32.89247512817383
-0.04299932345747948,32.876766204833984
-0.04299932345747948,32.876766204833984
-0.04299932345747948,32.876766204833984
-0.04299932345747948,32.86105728149414
-0.04299932345747948,32.86105728149414
-0.04299932345747948,32.84535217285156
-0.04299932345747948,32.82964324951172
-0.04299932345747948,32.813934326171875
-0.04299932345747948,32.79822540283203
-0.04299932345747948,32.78252029418945
-0.04299932345747948,32.76681137084961
-0.04299932345747948,32.73539733886719
-0.04299932345747948,32.719688415527344
-0.04299932345747948,32.7039794921875
-0.04299932345747948,32.67256546020508
-0.04299932345747948,32.656856536865234
-0.04299932345747948,32.62543869018555
-0.04299932345747948,32.594024658203125
-0.04299932345747948,32.57831573486328
-0.04299932345747948,32.54690170288086
-0.04299932345747948,32.51548385620117
-0.04299932345747948,32.48406982421875
-0.04299932345747948,32.45265197753906
-0.04299932345747948,32.42123794555664
-0.04299932345747948,32.38982009887695
-0.04299932345747948,32.35840606689453
-0.04299932345747948,32.326988220214844
-0.061756931245326996,32.29557418823242
-0.061756931245326996,32.24844741821289
-0.061756931245326996,32.21703338623047
-0.061756931245326996,32.1699104309082
-0.061756931245326996,32.12278366088867
-0.061756931245326996,32.075660705566406
-0.061756931245326996,32.02853775024414
-0.061756931245326996,31.981412887573242
-0.061756931245326996,31.934289932250977
-0.061756931245326996,31.887165069580078
-0.061756931245326996,31.82433319091797
-0.061756931245326996,31.777210235595703
-0.061756931245326996,31.714378356933594
-0.061756931245326996,31.651546478271484
-0.061756931245326996,31.588714599609375
-0.061756931245326996,31.541589736938477
-0.061756931245326996,31.463050842285156
-0.061756931245326996,31.400218963623047
-0.061756931245326996,31.337387084960938
-0.061756931245326996,31.274555206298828
-0.061756931245326996,31.196014404296875
-0.061756931245326996,31.133182525634766
-0.061756931245326996,31.054643630981445
-0.061756931245326996,30.976102828979492
-0.061756931245326996,30.913270950317383
-0.061756931245326996,30.834732055664062
-0.061756931245326996,30.75619125366211
-0.061756931245326996,30.67765235900879
-0.061756931245326996,30.599111557006836
-0.061756931245326996,30.520572662353516
-0.061756931245326996,30.42632484436035
-0.061756931245326996,30.34778594970703
-0.061756931245326996,30.269245147705078
-0.061756931245326996,30.174997329711914
-0.061756931245326996,30.096458435058594
-0.061756931245326996,30.00221061706543
-0.061756931245326996,29.923669815063477
-0.061756931245326996,29.829421997070312
-0.061756931245326996,29.73517417907715
-0.061756931245326996,29.640926361083984
-0.061756931245326996,29.54667854309082
-0.061756931245326996,29.452430725097656
-0.061756931245326996,29.358182907104492
-0.061756931245326996,29.263935089111328
-0.061756931245326996,29.169687271118164
-0.061756931245326996,29.075439453125
-0.061756931245326996,28.981191635131836
-0.061756931245326996,28.886943817138672
-0.061756931245326996,28.776988983154297
0.06794620305299759,28.682741165161133
0.06794620305299759,28.58849334716797
0.06794620305299759,28.509952545166016
0.06794620305299759,28.41570472717285
0.06794620305299759,28.352872848510742
0.06794620305299759,28.274333953857422
0.06794620305299759,28.211502075195312
0.06794620305299759,28.148670196533203
0.06794620305299759,28.101545333862305
0.06794620305299759,28.038715362548828
0.06794620305299759,27.99159049987793
0.06794620305299759,27.960174560546875
0.06794620305299759,27.92875862121582
0.06794620305299759,27.897342681884766
0.06794620305299759,27.86592674255371
0.06794620305299759,27.834510803222656
0.06794620305299759,27.818803787231445
0.06794620305299759,27.8030948638916
0.06794620305299759,27.8030948638916
0.06794620305299759,27.78738784790039
-0.07471919059753418,27.78738784790039
-0.07471919059753418,27.78738784790039
-0.07471919059753418,27.771678924560547
-0.07471919059753418,27.755971908569336
-0.07471919059753418,27.740262985229492
-0.07471919059753418,27.72455596923828
-0.07471919059753418,27.693140029907227
-0.07471919059753418,27.677431106567383
-0.07471919059753418,27.646015167236328
-0.07471919059753418,27.614599227905273
-0.07471919059753418,27.567476272583008
-0.07471919059753418,27.536060333251953
-0.07471919059753418,27.488935470581055
-0.07471919059753418,27.45751953125
-0.07471919059753418,27.410396575927734
-0.07471919059753418,27.363271713256836
-0.07471919059753418,27.31614875793457
-0.07471919059753418,27.25331687927246
-0.07471919059753418,27.206192016601562
-0.07471919059753418,27.143360137939453
-0.07471919059753418,27.080528259277344
-0.07471919059753418,27.017696380615234
-0.07471919059753418,26.954864501953125
-0.07471919059753418,26.892032623291016
-0.07471919059753418,26.813493728637695
-0.07471919059753418,26.750661849975586
-0.07471919059753418,26.672121047973633
-0.07471919059753418,26.593582153320312
-0.07471919059753418,26.51504135131836
-0.07471919059753418,26.43650245666504
-0.07471919059753418,26.357961654663086
-0.07471919059753418,26.279422760009766
-0.07471919059753418,26.200881958007812
0.011848926544189453,26.10663414001465
0.011848926544189453,26.028095245361328
0.011848926544189453,25.949554443359375
0.011848926544189453,25.871015548706055
0.011848926544189453,25.7924747467041
0.011848926544189453,25.71393585205078
0.011848926544189453,25.63539695739746
0.011848926544189453,25.57256507873535
0.011848926544189453,25.4940242767334
0.011848926544189453,25.43119239807129
0.011848926544189453,25.35265350341797
0.011848926544189453,25.28982162475586
0.011848926544189453,25.22698974609375
0.011848926544189453,25.16415786743164
0.011848926544189453,25.10132598876953
0.011848926544189453,25.038494110107422
0.011848926544189453,24.991369247436523
0.011848926544189453,24.928537368774414
0.011848926544189453,24.88141441345215
0.011848926544189453,24.81858253479004
0.011848926544189453,24.77145767211914
0.011848926544189453,24.724334716796875
0.011848926544189453,24.677209854125977
0.011848926544189453,24.63008689880371
0.011848926544189453,24.582962036132812
0.011848926544189453,24.535839080810547
0.011848926544189453,24.48871421813965
0.011848926544189453,24.441591262817383
-0.05576540529727936,24.394466400146484
-0.05576540529727936,24.36305046081543
-0.05576540529727936,24.315927505493164
-0.05576540529727936,24.268802642822266
-0.05576540529727936,24.2216796875
-0.05576540529727936,24.1745548248291
-0.05576540529727936,24.111722946166992
-0.09021054208278656,24.064599990844727
-0.09021054208278656,24.001768112182617
-0.09021054208278656,23.95464324951172
-0.09021054208278656,23.89181137084961
-0.09021054208278656,23.81327247619629
-0.09021054208278656,23.75044059753418
-0.09021054208278656,23.671899795532227
-0.09021054208278656,23.609067916870117
-0.09021054208278656,23.530529022216797
-0.09021054208278656,23.436281204223633
-0.09021054208278656,23.357742309570312
-0.09021054208278656,23.27920150756836
-0.09021054208278656,23.184953689575195
-0.09021054208278656,23.09070587158203
-0.09021054208278656,22.996458053588867
-0.09021054208278656,22.902210235595703
-0.09021054208278656,22.792255401611328
-0.09021054208278656,22.698007583618164
-0.09021054208278656,22.588050842285156
-0.09021054208278656,22.47809600830078
-0.09021054208278656,22.368139266967773
-0.09021054208278656,22.2581844329834
-0.09021054208278656,22.14822769165039
-0.09021054208278656,22.022563934326172
-0.09021054208278656,21.912609100341797
-0.09021054208278656,21.786945343017578
-0.09021054208278656,21.66128158569336
-0.09021054208278656,21.53561782836914
0.09871631115674973,21.409954071044922
0.09871631115674973,21.299997329711914
0.09871631115674973,21.19004249572754
0.09871631115674973,21.095794677734375
0.09871631115674973,21.00154685974121
0.09871631115674973,20.907299041748047
0.09871631115674973,20.828760147094727
0.09871631115674973,20.765928268432617
0.09871631115674973,20.703096389770508
0.09871631115674973,20.6402645111084
0.09871631115674973,20.5931396484375
0.09871631115674973,20.546016693115234
0.09871631115674973,20.51460075378418
0.09871631115674973,20.483184814453125
0.09871631115674973,20.46747589111328
0.09871631115674973,20.45176887512207
0.09871631115674973,20.436059951782227
0.09871631115674973,20.436059951782227
0.09871631115674973,20.436059951782227
0.09871631115674973,20.45176887512207
0.09871631115674973,20.45176887512207
0.09871631115674973,20.483184814453125
0.09871631115674973,20.498891830444336
0.09871631115674973,20.53030776977539
0.09871631115674973,20.561723709106445
0.09871631115674973,20.608848571777344
0.09871631115674973,20.6402645111084
0.09871631115674973,20.687387466430664
0.09871631115674973,20.750219345092773
-0.082367442548275,20.797344207763672
-0.082367442548275,20.844467163085938
-0.082367442548275,20.875883102416992
-0.082367442548275,20.907299041748047
-0.082367442548275,20.9387149810791
-0.082367442548275,20.970130920410156
-0.082367442548275,20.98583984375
-0.082367442548275,21.00154685974121
-0.082367442548275,21.00154685974121
-0.082367442548275,21.00154685974121
-0.082367442548275,21.00154685974121
-0.082367442548275,21.00154685974121
-0.04151470214128494,20.98583984375
-0.04151470214128494,20.970130920410156
-0.04151470214128494,20.954423904418945
-0.04151470214128494,20.9387149810791
-0.04151470214128494,20.92300796508789
-0.04151470214128494,20.891592025756836
-0.04151470214128494,20.875883102416992
-0.04151470214128494,20.86017608642578
-0.04151470214128494,20.828760147094727
-0.04151470214128494,20.813051223754883
-0.04151470214128494,20.781635284423828
-0.04151470214128494,20.750219345092773
-0.04151470214128494,20.734512329101562
-0.04151470214128494,20.703096389770508
-0.04151470214128494,20.671680450439453
-0.04151470214128494,20.6402645111084
-0.04151470214128494,20.608848571777344
-0.04151470214128494,20.57743263244629
-0.04151470214128494,20.546016693115234
-0.04151470214128494,20.51460075378418
-0.04151470214128494,20.483184814453125
-0.04151470214128494,20.45176887512207
-0.04151470214128494,20.420352935791016
-0.04151470214128494,20.373228073120117
-0.04151470214128494,20.341812133789062
-0.04151470214128494,20.294689178466797
0.040611304342746735,20.263273239135742
0.040611304342746735,20.231857299804688
0.040611304342746735,20.200441360473633
0.040611304342746735,20.169025421142578
0.040611304342746735,20.137609481811523
0.040611304342746735,20.12190055847168
0.040611304342746735,20.10619354248047
0.040611304342746735,20.074777603149414
0.040611304342746735,20.05906867980957
0.040611304342746735,20.05906867980957
0.040611304342746735,20.04336166381836
0.040611304342746735,20.027652740478516
0.040611304342746735,20.027652740478516
0.040611304342746735,20.027652740478516
0.040611304342746735,20.027652740478516
0.040611304342746735,20.027652740478516
0.040611304342746735,20.027652740478516
0.040611304342746735,20.027652740478516
0.040611304342746735,20.027652740478516
0.040611304342746735,20.04336166381836
0.040611304342746735,20.04336166381836
0.040611304342746735,20.05906867980957
0.040611304342746735,20.074777603149414
0.040611304342746735,20.090484619140625
0.040611304342746735,20.10619354248047
0.040611304342746735,20.10619354248047
0.040611304342746735,20.12190055847168
0.040611304342746735,20.137609481811523
0.040611304342746735,20.169025421142578
0.040611304342746735,20.18473243713379
0.040611304342746735,20.200441360473633
0.040611304342746735,20.216148376464844
0.040611304342746735,20.2475643157959
0.040611304342746735,20.263273239135742
0.040611304342746735,20.278980255126953
0.040611304342746735,20.310396194458008
0.040611304342746735,20.32610511779785
0.040611304342746735,20.357521057128906
0.040611304342746735,20.38893699645996
0.040611304342746735,20.404644012451172
0.040611304342746735,20.436059951782227
0.040611304342746735,20.46747589111328
0.040611304342746735,20.498891830444336
0.040611304342746735,20.51460075378418
-0.051625385880470276,20.546016693115234
-0.051625385880470276,20.57743263244629
-0.051625385880470276,20.5931396484375
-0.051625385880470276,20.608848571777344
-0.051625385880470276,20.624555587768555
-0.051625385880470276,20.6402645111084
-0.051625385880470276,20.65597152709961
-0.051625385880470276,20.65597152709961
-0.051625385880470276,20.65597152709961
-0.051625385880470276,20.65597152709961
-0.051625385880470276,20.65597152709961
-0.051625385880470276,20.6402645111084
-0.051625385880470276,20.6402645111084
-0.051625385880470276,20.624555587768555
-0.051625385880470276,20.608848571777344
-0.051625385880470276,20.5931396484375
-0.051625385880470276,20.57743263244629
-0.051625385880470276,20.561723709106445
-0.051625385880470276,20.546016693115234
-0.051625385880470276,20.51460075378418
-0.051625385880470276,20.498891830444336
-0.051625385880470276,20.46747589111328
-0.051625385880470276,20.45176887512207
-0.051625385880470276,20.420352935791016
-0.051625385880470276,20.38893699645996
-0.051625385880470276,20.357521057128906
-0.051625385880470276,20.32610511779785
-0.051625385880470276,20.294689178466797
-0.051625385880470276,20.263273239135742
-0.051625385880470276,20.216148376464844
-0.051625385880470276,20.18473243713379
-0.051625385880470276,20.153316497802734
-0.051625385880470276,20.10619354248047
-0.051625385880470276,20.05906867980957
-0.051625385880470276,20.027652740478516
-0.051625385880470276,19.98052978515625
-0.051625385880470276,19.93340492248535
-0.05064007639884949,19.886281967163086
-0.05064007639884949,19.839157104492188
-0.05064007639884949,19.792034149169922
-0.05064007639884949,19.744909286499023
-0.05064007639884949,19.697786331176758
-0.05064007639884949,19.65066146850586
-0.05064007639884949,19.58782958984375
-0.05064007639884949,19.540706634521484
-0.05064007639884949,19.477874755859375
-0.05064007639884949,19.430749893188477
-0.05064007639884949,19.367918014526367
-0.05064007639884949,19.3207950592041
-0.05064007639884949,19.257963180541992
-0.05064007639884949,19.195131301879883
-0.05064007639884949,19.148006439208984
-0.05064007639884949,19.085174560546875
-0.05064007639884949,19.022342681884766
-0.05064007639884949,18.959510803222656
-0.05064007639884949,18.896678924560547
-0.05064007639884949,18.833847045898438
-0.05064007639884949,18.771015167236328
-0.05064007639884949,18.70818519592285
-0.05064007639884949,18.6296443939209
-0.05064007639884949,18.56681251525879
-0.05064007639884949,18.50398063659668
-0.05064007639884949,18.44114875793457
-0.05064007639884949,18.36260986328125
-0.05064007639884949,18.29977798461914
-0.05064007639884949,18.221237182617188
-0.05064007639884949,18.158405303955078
-0.05064007639884949,18.079866409301758
-0.05064007639884949,18.01703453063965
-0.05064007639884949,17.938493728637695
-0.05064007639884949,17.875661849975586
-0.05064007639884949,17.797122955322266
-0.05064007639884949,17.718582153320312
-0.05064007639884949,17.640043258666992
-0.05064007639884949,17.577211380004883
-0.05064007639884949,17.49867057800293
-0.05064007639884949,17.42013168334961
-0.05064007639884949,17.341590881347656
-0.05064007639884949,17.263051986694336
-0.05064007639884949,17.184511184692383
-0.05064007639884949,17.105972290039062
-0.05064007639884949,17.02743148803711
-0.04781674966216087,16.94889259338379
-0.04781674966216087,16.870351791381836
-0.04781674966216087,16.791812896728516
-0.04781674966216087,16.713272094726562
-0.04781674966216087,16.634733200073242
-0.04781674966216087,16.55619239807129
-0.04781674966216087,16.461944580078125
-0.04781674966216087,16.383405685424805
-0.04781674966216087,16.304866790771484
-0.04781674966216087,16.22632598876953
-0.04781674966216087,16.14778709411621
-0.04781674966216087,16.069246292114258
-0.04781674966216087,15.974998474121094
-0.04781674966216087,15.896458625793457
-0.04781674966216087,15.81791877746582
-0.04781674966216087,15.739378929138184
-0.04781674966216087,15.64513111114502
-0.04781674966216087,15.566591262817383
-0.04781674966216087,15.488051414489746
-0.04781674966216087,15.40951156616211
-0.04781674966216087,15.315263748168945
-0.04781674966216087,15.236723899841309
-0.04781674966216087,15.158185005187988
-0.04781674966216087,15.063937187194824
-0.04781674966216087,14.985397338867188
-0.04781674966216087,14.90685749053955
-0.04781674966216087,14.812609672546387
-0.04781674966216087,14.73406982421875
-0.04781674966216087,14.655529975891113
-0.04781674966216087,14.56128215789795
-0.04781674966216087,14.482742309570312
-0.04781674966216087,14.388494491577148
-0.04781674966216087,14.309954643249512
-0.04781674966216087,14.231414794921875
-0.04781674966216087,14.137166976928711
-0.04781674966216087,14.058627128601074
-0.04781674966216087,13.96437931060791
-0.04781674966216087,13.885839462280273
-0.04781674966216087,13.79159164428711
-0.04781674966216087,13.713051795959473
-0.04781674966216087,13.618803977966309
-0.04781674966216087,13.540264129638672
-0.04781674966216087,13.446016311645508
-0.04781674966216087,13.367476463317871
-0.04781674966216087,13.273228645324707
-0.04781674966216087,13.19468879699707
-0.04781674966216087,13.100440979003906
0.07261886447668076,13.02190113067627
0.07261886447668076,12.943361282348633
0.07261886447668076,12.864822387695312
0.07261886447668076,12.801990509033203
0.07261886447668076,12.739158630371094
0.07261886447668076,12.692034721374512
0.07261886447668076,12.629202842712402
0.07261886447668076,12.597786903381348
0.07261886447668076,12.550662994384766
-0.06446459889411926,12.519247055053711
-0.06446459889411926,12.472123146057129
-0.06446459889411926,12.424999237060547
-0.06446459889411926,12.393583297729492
-0.06446459889411926,12.34645938873291
-0.06446459889411926,12.299335479736328
-0.06446459889411926,12.236503601074219
-0.06446459889411926,12.189379692077637
-0.06446459889411926,12.142255783081055
-0.06446459889411926,12.079423904418945
0.0016046985983848572,12.032299995422363
0.0016046985983848572,11.969468116760254
0.0016046985983848572,11.922344207763672
0.0016046985983848572,11.87522029876709
0.0016046985983848572,11.81238842010498
0.0016046985983848572,11.765264511108398
0.0016046985983848572,11.718140602111816
0.0016046985983848572,11.655308723449707
0.0016046985983848572,11.608184814453125
0.0016046985983848572,11.561060905456543
0.0016046985983848572,11.513936996459961
0.0016046985983848572,11.451105117797852
0.0016046985983848572,11.40398120880127
0.0016046985983848572,11.356857299804688
0.0016046985983848572,11.309733390808105
0.0016046985983848572,11.262609481811523
0.0016046985983848572,11.215485572814941
0.0016046985983848572,11.16836166381836
0.0016046985983848572,11.121237754821777
0.0016046985983848572,11.074113845825195
0.0016046985983848572,11.026989936828613
0.0016046985983848572,10.995573997497559
0.0016046985983848572,10.948450088500977
0.0016046985983848572,10.901326179504395
0.0016046985983848572,10.854202270507812
0.0016046985983848572,10.822786331176758
0.07406031340360641,10.775662422180176
0.07406031340360641,10.744246482849121
0.07406031340360641,10.712830543518066
0.07406031340360641,10.681414604187012
0.07406031340360641,10.665706634521484
0.07406031340360641,10.649998664855957
0.07406031340360641,10.63429069519043
0.07406031340360641,10.63429069519043
0.07406031340360641,10.63429069519043
0.07406031340360641,10.63429069519043
0.07406031340360641,10.63429069519043
0.07406031340360641,10.649998664855957
0.07406031340360641,10.665706634521484
-0.07697226107120514,10.681414604187012
-0.07697226107120514,10.681414604187012
-0.07697226107120514,10.681414604187012
-0.07697226107120514,10.681414604187012
-0.07697226107120514,10.681414604187012
-0.07697226107120514,10.681414604187012
-0.07697226107120514,10.665706634521484
-0.07697226107120514,10.649998664855957
-0.07697226107120514,10.618582725524902
-0.07697226107120514,10.602874755859375
-0.07697226107120514,10.57145881652832
-0.07697226107120514,10.540042877197266
-0.07697226107120514,10.508627891540527
-0.07697226107120514,10.477211952209473
-0.07697226107120514,10.43008804321289
-0.07697226107120514,10.398672103881836
-0.07697226107120514,10.351548194885254
-0.07697226107120514,10.304424285888672
-0.07697226107120514,10.25730037689209
-0.07697226107120514,10.19446849822998
0.04210955649614334,10.147344589233398
0.04210955649614334,10.100220680236816
0.04210955649614334,10.053096771240234
0.04210955649614334,10.005972862243652
0.04210955649614334,9.95884895324707
0.04210955649614334,9.927433013916016
0.04210955649614334,9.896017074584961
0.04210955649614334,9.864601135253906
0.016842879354953766,9.833185195922852
0.016842879354953766,9.801769256591797
0.016842879354953766,9.78606128692627
0.016842879354953766,9.754645347595215
0.016842879354953766,9.72322940826416
0.016842879354953766,9.707521438598633
0.016842879354953766,9.676105499267578
0.016842879354953766,9.66039752960205
0.016842879354953766,9.628981590270996
0.016842879354953766,9.613273620605469
0.016842879354953766,9.597565650939941
0.016842879354953766,9.581857681274414
0.016842879354953766,9.55044174194336
0.016842879354953766,9.534733772277832
0.016842879354953766,9.519025802612305
0.016842879354953766,9.503317832946777
0.016842879354953766,9.48760986328125
0.016842879354953766,9.471901893615723
0.016842879354953766,9.456193923950195
0.016842879354953766,9.456193923950195
0.016842879354953766,9.440485954284668
0.09179181605577469,9.42477798461914
0.09179181605577469,9.42477798461914
0.09179181605577469,9.42477798461914
0.09179181605577469,9.42477798461914
0.09179181605577469,9.440485954284668
0.09179181605577469,9.456193923950195
0.09179181605577469,9.471901893615723
0.09179181605577469,9.48760986328125
0.09179181605577469,9.519025802612305
0.09179181605577469,9.55044174194336
0.09179181605577469,9.597565650939941
0.09179181605577469,9.628981590270996
0.09179181605577469,9.676105499267578
0.09179181605577469,9.72322940826416
0.09179181605577469,9.770353317260742
0.09179181605577469,9.817477226257324
0.09179181605577469,9.880309104919434
0.09179181605577469,9.943140983581543
0.09179181605577469,10.005972862243652
0.09179181605577469,10.068804740905762
0.09179181605577469,10.147344589233398
0.09179181605577469,10.210176467895508
0.09179181605577469,10.288716316223145
0.09179181605577469,10.367256164550781
0.09179181605577469,10.445796012878418
0.09179181605577469,10.540042877197266
0.09179181605577469,10.618582725524902
0.09179181605577469,10.712830543518066
0.09179181605577469,10.80707836151123
0.09179181605577469,10.901326179504395
0.09179181605577469,11.011281967163086
0.09179181605577469,11.10552978515625
0.09179181605577469,11.215485572814941
0.09179181605577469,11.309733390808105
0.09179181605577469,11.419689178466797
0.0017075613141059875,11.529644966125488
0.0017075613141059875,11.63960075378418
0.0017075613141059875,11.749556541442871
0.0017075613141059875,11.859512329101562
0.0017075613141059875,11.969468116760254
0.0017075613141059875,12.079423904418945
0.0017075613141059875,12.17367172241211
0.0017075613141059875,12.2836275100708
0.0017075613141059875,12.393583297729492
0.0017075613141059875,12.487831115722656
0.0017075613141059875,12.597786903381348
0.0017075613141059875,12.707742691040039
0.0017075613141059875,12.801990509033203
0.0017075613141059875,12.911945343017578
0.0017075613141059875,13.006193161010742
0.0017075613141059875,13.116148948669434
0.0017075613141059875,13.210396766662598
0.0017075613141059875,13.320352554321289
-0.0804336667060852,13.414600372314453
-0.0804336667060852,13.508848190307617
-0.0804336667060852,13.587388038635254
-0.0804336667060852,13.66592788696289
-0.0804336667060852,13.744467735290527
-0.0804336667060852,13.807299613952637
-0.0804336667060852,13.870131492614746
-0.0804336667060852,13.917255401611328
-0.0804336667060852,13.96437931060791
-0.0804336667060852,14.011503219604492
-0.0804336667060852,14.042919158935547
-0.0804336667060852,14.074335098266602
-0.0804336667060852,14.105751037597656
-0.0804336667060852,14.121459007263184
-0.0804336667060852,14.137166976928711
-0.0804336667060852,14.152874946594238
-0.0804336667060852,14.152874946594238
-0.0804336667060852,14.152874946594238
-0.0804336667060852,14.152874946594238
-0.0804336667060852,14.137166976928711
-0.0804336667060852,14.121459007263184
-0.0804336667060852,14.105751037597656
-0.0804336667060852,14.090043067932129
-0.0804336667060852,14.058627128601074
-0.0804336667060852,14.02721118927002
0.021966539323329926,13.995795249938965
0.021966539323329926,13.980087280273438
0.021966539323329926,13.948671340942383
0.021966539323329926,13.917255401611328
0.021966539323329926,13.9015474319458
0.021966539323329926,13.870131492614746
0.021966539323329926,13.854423522949219
0.021966539323329926,13.838715553283691
0.021966539323329926,13.823007583618164
0.021966539323329926,13.807299613952637
0.021966539323329926,13.79159164428711
0.021966539323329926,13.775883674621582
0.021966539323329926,13.760175704956055
0.021966539323329926,13.760175704956055
0.021966539323329926,13.744467735290527
0.021966539323329926,13.744467735290527
0.021966539323329926,13.728759765625
0.021966539323329926,13.728759765625
0.021966539323329926,13.728759765625
0.021966539323329926,13.728759765625
0.021966539323329926,13.728759765625
0.021966539323329926,13.728759765625
0.021966539323329926,13.728759765625
0.021966539323329926,13.728759765625
0.021966539323329926,13.728759765625
