x1,x2,x3,x4,x5,x6,x7,u,y_meas,y_recon,innovation
-0.00016012614682566387,-0.00010251012279085587,-3.092292446053771e-05,3.5820611884009084e-05,5.946427808175118e-05,-1.0402552599287907e-05,-1.6977628997105588e-05,0.0099999997764825,-0.0,1.982754237382059e-08,-0.00021346284645742866
-4.904121599994988e-07,-0.0006306733772837472,0.00027970356344979687,0.0009735622484832614,0.0008605774601876842,0.00999999957160829,-0.0002441824077275276,0.0099999997764825,-0.0,3.904957036472798e-07,-0.0006333094104940951
-2.2073323099636137e-06,1.9705385947624693e-07,-0.00204008177513025,0.002082895674363836,0.0029893127450275276,0.009999998877541752,0.009999997267066378,0.0099999997764825,-0.0,1.7134050121714534e-06,-0.0011535716352559992
-2.4555898059039663e-06,-2.9834306351725156e-06,5.117893145107777e-07,-0.0027887493928414027,0.006971587738631679,0.009999997720027255,0.009999992674889779,0.0099999997764825,-0.0,3.9196584820087345e-06,-0.001338539574457795
-5.040473301457269e-06,-7.157706131270571e-06,-1.02772958700773e-05,4.415658424776772e-06,0.005236157413927407,0.00999999251415129,0.009999972792130954,0.0099999997764825,-0.0,1.3842196751089942e-05,-0.0024320841159105786
-0.0006116243580307022,-0.00041103954249819863,-0.00013186400569753983,0.00013264038446630623,0.00024720145132674936,0.009999596254692784,0.009998674378825853,0.0099999997764825,-0.0,0.0007691232808534589,-0.0016023677713654632
0.00016231977430153106,-0.0011742244716574247,-0.0006177163662562438,1.4158454618546051e-05,0.00043226215424223253,0.009999533018270064,0.009998010335939488,0.0099999997764825,-0.0,0.0008896535871489346,-0.0018192067772492652
9.653807456944802e-05,-0.0003140209081014342,-0.00175826248063492,-0.0006030674508275708,0.00038274687379037144,0.009999354626892507,0.009997317047636099,0.0099999997764825,-0.0,0.0012296723050417445,-0.0023209590742901175
0.00021338547632218543,-0.0006497856779980764,-0.000753969672259385,-0.002310971575698415,-0.0003591560132015009,0.00999903547021397,0.009995953648686181,0.0099999997764825,-0.0,0.0018379934365347875,-0.0030868509225980513
0.0006724778713439342,-0.0007652285049658141,-0.0013776241718985369,-0.0011352104357790097,-0.0026145480008092094,0.009998679944170499,0.009994262310678476,0.0099999997764825,-0.0,0.0025156355464548397,-0.003916922612716638
0.0009317521510322807,-0.0006792597497482262,-0.0018611729219554845,-0.002063420231907035,-0.0013494301724517978,0.009998053983519268,0.009991572489008766,0.0674651190638542,-0.0,0.0037087332230328536,-0.005670219857111199
0.0052237669074985185,0.002147445444880996,0.0003379116071300142,-0.0010863446739987218,-0.0016197780770110036,0.06746711680894622,0.01000540951498421,0.0674651190638542,0.0157079640775918,0.011900208713115834,0.005546151683514494
0.009867540389324551,0.0034679320598568087,0.0007663241359028594,-0.0007438945150624531,-0.001858871334568028,0.06746217003201305,0.06745615179759536,0.0674651190638542,0.0157079640775918,0.021328897327822657,-0.00795965296347943
0.020769245406622536,0.009385668017804563,0.003060592749041518,0.00046744595459875495,-0.0009633294398510659,0.06746425475967771,0.06745893746788621,0.0674651190638542,0.0314159281551837,0.033063314940287025,-0.0022925356166020802
0.03262846335401148,0.020395848856736155,0.009071622273803379,0.002808985697748659,0.000298160461791105,0.06746441310203272,0.06746160272366909,0.0674651190638542,0.0471238903701305,0.04846947240842478,-0.0018428320606462892
0.0474114363580878,0.031711804637489314,0.019628142102626856,0.0084620011419564,0.002348678401395996,0.06746331612087346,0.06745761255926819,0.0674651190638542,0.0628318563103675,0.06626831366130116,-0.004637065758546499
0.06424850707177204,0.04564993981009676,0.030225400822324458,0.018454344882153195,0.007585484700883505,0.06746154704827187,0.0674498027137903,0.0674651190638542,0.0785398185253143,0.08534817538223977,-0.009108480845418182
0.08276390128296779,0.0620041513191589,0.04374354600934665,0.028708615120403028,0.01733092855110537,0.0674604230965649,0.0674437442941006,-0.0679394602775573,0.094247780740261,0.1031984194922867,-0.011886181966171167
0.10104072301010293,0.08088557277369714,0.06041670615401275,0.04247299306515148,0.02776021250644901,-0.06794347216554804,0.06744518744308117,-0.0679394602775573,0.1099557429552078,0.11760250834056793,-0.010095541366246102
0.11767003363591937,0.10109954502511112,0.08093537930111759,0.0604563228860906,0.042502721822878876,-0.06793933254945701,-0.06794298648796068,-0.0679394602775573,0.1256637126207351,0.12542025945896304,0.00032014073196756643
0.12361390741697825,0.11609777475354956,0.09976784992423274,0.07987484338055564,0.059666683014041294,-0.0679429184321867,-0.06795249341613374,-0.0679394602775573,0.1256637126207351,0.13225504746815364,-0.008643588960065646
0.13336743252802238,0.12458165117396025,0.1169165418106867,0.10041969035337513,0.0803605205950613,-0.06793731179782762,-0.06793473668359233,-0.0679394602775573,0.1413716673851013,0.13727660778573758,0.005358835110804455
0.13814357509116174,0.13412163727146317,0.1252193350289133,0.1174234254473707,0.10079701063594039,-0.06793777542248489,-0.06793089278534155,-0.0679394602775573,0.1413716673851013,0.13816028873323252,0.004196822773336661
0.13942175559548445,0.13924041567509135,0.13504886300132263,0.12595566127391222,0.11797039958693974,-0.06793699898962414,-0.06792839569562899,-0.0679394602775573,0.1413716673851013,0.13668038701681942,0.0061255851701566
0.13500761485082474,0.13796775330289487,0.13801195274469238,0.13407370609903818,0.12523222582999932,-0.06794273245879699,-0.067949471205344,0.0551487579941749,0.1256637126207351,0.13190057723313128,-0.008139211754825737
0.13081560075861368,0.1340647197819748,0.13717139006443663,0.1373802297607691,0.13360533776626182,0.05514663226857969,-0.06795083575507899,0.0551487579941749,0.1256637126207351,0.1297154022336478,-0.005285806611981275
0.1275729707066174,0.12895404664014715,0.13249277821179467,0.13592492828766356,0.13645681663421508,0.05514455674995825,0.05513061607116619,0.0551487579941749,0.1256637126207351,0.1336713960170584,-0.010444964679555913
0.1311191096839864,0.1253555723703908,0.12708192737365553,0.13100863593208073,0.13482593780346316,0.055143750707809434,0.05512546709441821,0.0551487579941749,0.1256637126207351,0.1352077338253305,-0.012447798026455514
0.13485827895034208,0.1308155265717949,0.12509928849996546,0.12687878844617895,0.13085825080101457,0.05514807225299029,0.05514113636438959,0.0551487579941749,0.1413716673851013,0.14267870835083027,-0.0017046427707685663
0.14019426178450003,0.13270003614165793,0.12899363062812658,0.1236553211779231,0.1258099625658167,0.055143882314722364,0.05512948393482161,0.0551487579941749,0.1413716673851013,0.15066484230769817,-0.012120002795450502
0.14939864368470682,0.13909432904057042,0.1317715385712944,0.12825775942963832,0.12311066002715423,0.05514627305126472,0.055134408562865264,0.0551487579941749,0.1570796370506286,0.161816004435275,-0.006177075743590638
0.161129560953784,0.14880233779888988,0.13859096317713485,0.13137260110083485,0.12796248251784276,0.05514741083353029,0.055141137051699506,0.0551487579941749,0.1727875918149948,0.175355315891429,-0.003348774391428694
0.1716004062517352,0.157867685535845,0.14604882541991104,0.13640865355724988,0.12975729465231473,0.05514138889964469,0.055119316436123646,-0.0094029530882835,0.1727875918149948,0.18683328229917562,-0.018318081066579617
0.1842787724995294,0.16938128633991537,0.1559943844393447,0.14456409335659978,0.135309630434358,-0.009407966418484532,0.05512227575302197,-0.0094029530882835,0.1884955614805221,0.19805110239670523,-0.012462073773758603
0.1971503661199213,0.1834962870053547,0.16872072825202772,0.15547082828042624,0.14417653034410025,-0.009404720855715767,-0.0094147059797018,-0.0094029530882835,0.2042035162448883,0.20757292806337443,-0.004394264277581689
0.20442239842133594,0.19441341377134075,0.18118577071902445,0.16688937322292133,0.15411510725096528,-0.009409136434810225,-0.009428294729781466,-0.0094029530882835,0.2042035162448883,0.21598913944658876,-0.015370246659356546
0.21470916525225522,0.2033104382938034,0.19347469182544427,0.18044170793586248,0.16633853548390662,-0.009405465299579098,-0.009418714208794698,-0.0094029530882835,0.2199114859104156,0.22469982756408075,-0.0062446659726550224
0.22511117985100576,0.21506652472107038,0.20361212615824661,0.19371382371640058,0.18061874487525495,-0.009402145695927563,-0.009402387118536073,-0.0094029530882835,0.235619455575943,0.23408054423692926,0.002006935684755934
0.2326522345172804,0.22387033858475397,0.21401898068915903,0.2027817837769103,0.19309908218421365,-0.009405756639363385,-0.009412834252896006,-0.0094029530882835,0.235619455575943,0.2409630986196297,-0.00696872465083459
0.24147734557219966,0.23309898733224607,0.22424749869180854,0.21431794146215144,0.20300312169493087,-0.009401943668250042,-0.009401908210066753,-0.0094029530882835,0.2513274252414703,0.2494034437671713,0.0025090723579205276
0.2483782987012171,0.2405867469770427,0.2323471185899755,0.22365151736869146,0.21387669813597443,-0.009404965411969031,-0.009409615698297727,-0.0094029530882835,0.2513274252414703,0.25516296779355413,-0.005001912197518388
0.2563069365559075,0.24937212727192395,0.24142576716645148,0.23301218384209357,0.22414391037000025,-0.009400707464552736,-0.009396403905917521,-0.0094029530882835,0.2670353651046753,0.26275514645135994,0.0055817800246427685
0.26265944232838345,0.2562237930621058,0.2493019349452972,0.2413701278209023,0.23297099016086598,-0.009403140960166582,-0.009401423732554927,-0.0611617043614387,0.2670353651046753,0.2673934539186562,-0.0004669770502266357
0.26699987036304396,0.26231751433122374,0.2559351267084591,0.249073117773035,0.2412007184639383,-0.061162476996770826,-0.009406086661968408,-0.0611617043614387,0.2670353651046753,0.2685080286303803,-0.0019204667760639449
0.26890264213818793,0.26734269310670605,0.2626069360274497,0.25616454252571136,0.24924297023991207,-0.061160929695524495,-0.06115952355097044,-0.0611617043614387,0.2670353651046753,0.2655588312354231,0.0019255090238463612
0.2635430198498298,0.2671513948804157,0.26586423582257734,0.2614350084944692,0.2552968841392296,-0.0611656616338949,-0.06117601696890973,-0.0611617043614387,0.2513274252414703,0.2588700919630566,-0.009836175249521573
0.2589799270603299,0.26363843966793343,0.267231951218824,0.26592809030048536,0.26148228428649706,-0.061161488741108924,-0.06116483957167504,-0.0611617043614387,0.2513274252414703,0.2509164471488804,0.0005359440497347268
0.2500459928160342,0.25822371550690904,0.2630000229320408,0.26672589870345526,0.26555342583222613,-0.061163413181225375,-0.0611680036953129,-0.0611617043614387,0.235619455575943,0.23887651161158976,-0.004247424221416357
0.2377916349666981,0.24910350105217233,0.25742803565441913,0.26236931336916336,0.26625894279229295,-0.061163834126743886,-0.0611715330110837,-0.0611617043614387,0.2199114859104156,0.22397087531815343,-0.005293719001222386
0.22324967133248433,0.23716508569291705,0.24857454949352137,0.2570087531498491,0.26205889112241515,-0.06116312018848176,-0.06116923203418655,-0.0611617043614387,0.2042035162448883,0.2069021203059907,-0.003519161473259813
0.20662309584677607,0.22300726759075115,0.23696044127928975,0.2484123346566301,0.25688865497724717,-0.061162252127061605,-0.061165208570918145,0.0368438586592674,0.1884955614805221,0.18953961735002423,-0.0013615189191689137
0.1891170814705568,0.20625601596014725,0.22269736793333084,0.23671479416530664,0.24823046623310963,0.036843029159404066,-0.06116541463477825,0.0368438586592674,0.1727875918149948,0.17436864065203483,-0.0020617935747595517
0.1726612611937614,0.1876337882319164,0.20500377622388544,0.2217047594561153,0.23597990220754383,0.03684050682225096,0.03683025012098058,0.0368438586592674,0.1570796370506286,0.16346832769549458,-0.00833128007950601
0.1611070453572766,0.17060988710443212,0.18590195805003054,0.20363101260005875,0.22068841433336217,0.03683922311418033,0.036822833585464836,0.0368438586592674,0.1413716673851013,0.1502071398100409,-0.011522047014954101
0.14677180510707835,0.15812258376051083,0.16809031714752226,0.18390477965098884,0.20215237320860582,0.03683711459090045,0.03681351103173129,0.0368438586592674,0.1256637126207351,0.13851808658729642,-0.01676296334238464
0.13706350795085093,0.14550813375289404,0.1570557553722972,0.16724467816037564,0.18327869883032635,0.03684100310699053,0.036826227661584394,0.0368438586592674,0.1256637126207351,0.13110647133115727,-0.007097721361730647
0.1276586629777694,0.13406820982394915,0.1429794152874101,0.15505132526799725,0.16576066987855873,0.03683709010325119,0.03681519766420089,0.0368438586592674,0.1099557429552078,0.12285679103360282,-0.01682382949205627
0.12082118660052532,0.1258902229809658,0.13257524093241918,0.14179598902483312,0.15417515880890592,0.03683986246769965,0.036821854432208465,0.0470756366848945,0.1099557429552078,0.11757259054020057,-0.009932878631578629
0.11608742573609618,0.11953094335684192,0.12480096179330186,0.13171182018025931,0.14115674317200222,0.047072721087426724,0.036828746613218596,0.0470756366848945,0.1099557429552078,0.1155129493990908,-0.0072469688139576854
0.11398628731772761,0.11476113154360172,0.11841124688592271,0.12391341599621823,0.13105471298334506,0.0470726396220979,0.047061294642477075,0.0470756366848945,0.1099557429552078,0.11566822448602339,-0.0074494578663117095
0.11377506323397799,0.11234159539420131,0.11337263434991073,0.11731063176134587,0.12309855985644962,0.0470719201300895,0.047058470079503686,0.0470756366848945,0.1099557429552078,0.11703959542100972,-0.009237817193327322
0.11764595024024076,0.11430183657658989,0.11278631291517915,0.11372514700830991,0.1175716195534823,0.04707682704888273,0.047076458449622265,0.0470756366848945,0.1256637126207351,0.12339484714835744,0.002958752234618889
0.12223442298092047,0.11663782677628737,0.11345074914527117,0.11211168445527131,0.11322567616246286,0.04707335860095005,0.04706814174507258,0.0470756366848945,0.1256637126207351,0.13000580130606182,-0.005662373844017771
0.13033502185451534,0.12252043474306865,0.11687928630577436,0.11364214601684013,0.11225338787326578,0.047076282993448224,0.04707582268317503,0.0470756366848945,0.1413716673851013,0.14013978606431823,0.0016064555627882116
0.1411855528583959,0.1312435362401919,0.12328742927237056,0.11748725715077364,0.11409226595271144,0.04707768967959169,0.047084110133783226,0.0470756366848945,0.1570796370506286,0.15316657446687254,0.005102895069533431
0.1543205639094496,0.14218808613549083,0.13208990428102996,0.1239583168405215,0.11798395838780916,0.04707790213668319,0.047086326822747375,0.0470756366848945,0.1727875918149948,0.16846958035505732,0.0056309754337481865
0.1691038988823175,0.15487163085073685,0.14265331303487488,0.13245867404618386,0.12423134082806096,0.04707688194591088,0.04708264975379467,0.0900929793715477,0.1884955614805221,0.18612206081007282,0.003095203437443378
0.18553323275561714,0.1685923519842124,0.15443976793248146,0.14231098977875786,0.132205230110861,0.09009182341503726,0.047072474806490294,0.0900929793715477,0.2042035162448883,0.20640680014798743,-0.0028732293923914576
0.2070068109215563,0.18605449468894664,0.16903241662062152,0.1547885924155681,0.14256924699074647,0.09009415728140076,0.09009631425262857,0.0900929793715477,0.235619455575943,0.23337432801698996,0.002927796307925473
0.23120400936336025,0.20512133728170978,0.18446272245586762,0.16777067213988006,0.15385444178275637,0.0900887187151423,0.0900779133252869,0.0900929793715477,0.2513274252414703,0.25944834985226367,-0.010590228139390534
0.2575969927906359,0.2295956349750785,0.20376350037706534,0.1833864106672813,0.16697380926248434,0.0900893448838871,0.09007486205728021,0.0900929793715477,0.2827433347702026,0.2896707650725262,-0.009033831829227568
0.29057049712365207,0.2583786388690747,0.23025552355516624,0.2042865719293684,0.18377367419655127,0.09009474567860849,0.09009607901395243,0.0900929793715477,0.3298672139644623,0.32650058565291123,0.004390308187225966
0.3255947357839363,0.28978353616488783,0.2577142633110937,0.229728895326207,0.20389667516384927,0.09009120105430132,0.0900879657591356,0.0900929793715477,0.3612831532955169,0.3646726733407262,-0.004420160534518824
0.3649722463998056,0.3258549911638002,0.29000325140138683,0.2578884242121569,0.22985783784812294,0.09009356747776333,0.09009344323734941,0.0900929793715477,0.4084070324897766,0.40728608637588065,0.001461788603158265
0.40779136525339316,0.3654112095915874,0.32622557678446157,0.29029700219729054,0.2581059068284371,0.09009397130870553,0.09009734928557477,0.0900929793715477,0.4555309414863586,0.45364028283873636,0.0024655451575506526
0.4543566942035094,0.4084137506988816,0.3659366456666188,0.3266420723433666,0.2906053606597878,0.09009438579300137,0.09009933335770012,-0.0684943124651908,0.5026548504829407,0.4999741737257702,0.003495781538967402
0.501780472715718,0.45592592419725747,0.4097385407540334,0.36698676232320604,0.32741954127587786,-0.06849076643315266,0.09010790520958573,-0.0684943124651908,0.5497786998748779,0.5430198683453658,0.008813967749481955
0.5477001923953442,0.5058465243053134,0.45935860438483817,0.4124595112408932,0.36900127186000775,-0.06848512429693909,-0.0684557361026573,-0.0684943124651908,0.59690260887146,0.5793897154147432,0.02283798278587068
0.5826598552318932,0.550541140385145,0.5082449360478409,0.46125974495424305,0.4138670479363502,-0.06848789269713042,-0.06846064862445474,-0.0684943124651908,0.6283185482025146,0.6160822992594726,0.015956885903114615
0.6193946129648192,0.5855374419678945,0.5529704836334015,0.510170594984659,0.462685434174715,-0.06848780990355097,-0.06846310137016827,-0.0684943124651908,0.6597344279289246,0.6473403722178617,0.016162676468783443
0.6483497806300696,0.6202715408516575,0.5862777702486872,0.5535573170383178,0.5106050655150333,-0.06849233084720288,-0.06848025489028486,-0.0684943124651908,0.6754423975944519,0.6716653809199938,0.004925482017317018
0.6748089356729688,0.6510807573025038,0.6225771115777637,0.5881053188573133,0.554910368869784,-0.06848814120233111,-0.06846880261267044,-0.0684943124651908,0.7068583369255066,0.6950957455150754,0.015339204844098342
0.697259675381653,0.6766888590243451,0.6526678438162947,0.6238351418421355,0.589036719611995,-0.06849006435085336,-0.06847194506343304,-0.0684943124651908,0.7225663065910339,0.7144692874958807,0.010559053714703337
0.7135397096216027,0.6964521006169706,0.6760070806864248,0.652127420987887,0.6234350320478838,-0.06849613736402718,-0.06849702186486575,-0.0684943124651908,0.7225663065910339,0.7260446123877213,-0.004535943081229954
0.7266649015590207,0.7140785884992221,0.6969070379944056,0.6763676942914499,0.6523944064439602,-0.06849309474581702,-0.06849149475072867,-0.0684943124651908,0.7382742762565613,0.7359532706906052,0.0030267462821605973
0.7347964202562947,0.7256598827831608,0.7132301221273608,0.696234487150532,0.6758697616253337,-0.06849658353367247,-0.06850175330292126,0.033632643520832,0.7382742762565613,0.7426029932829141,-0.005644936125162037
0.7430603712108069,0.735193769292579,0.7259953365112691,0.7134960250498621,0.6964313521940266,0.03363354142134313,-0.06849316024506963,0.033632643520832,0.7539822459220886,0.7522708236281862,0.002231808980210026
0.749689180148035,0.7408175573662532,0.7333003199648856,0.7244944627165889,0.7123848316034194,0.03362757537289774,0.03361421886517363,0.033632643520832,0.7539822459220886,0.7636422708981231,-0.012597317779053818
0.7624621773676918,0.7486639688327332,0.7399520438594491,0.7326142564287185,0.7239865257348512,0.033630326822715245,0.033618742850629345,0.033632643520832,0.769690215587616,0.7741059039140215,-0.0057583525093065635
0.7703351762619693,0.759186341549493,0.7458984120110204,0.7377598796960179,0.7309912562400278,0.033625241024821985,0.03360210445296524,0.033632643520832,0.769690215587616,0.7837995701820936,-0.018399540779999835
0.7810096389581419,0.7679114115467514,0.7571401281815432,0.7442764472837928,0.73655903484039,0.03362716647325404,0.03360435951922245,0.033632643520832,0.7853981852531433,0.7958375838429833,-0.013613673027039086
0.7939179034002858,0.7793419083411426,0.7665034643721682,0.7560240956647273,0.7434501765985945,0.033628874904233504,0.03361279844239727,-0.0204621627926826,0.8011061549186707,0.8082892385497747,-0.009367220825788447
0.8042260252792697,0.7903879694467482,0.7763618344097232,0.7641412596886262,0.7542752035374456,-0.02047013948121576,0.033598463398052406,-0.0204621627926826,0.8011061549186707,0.8163099357585188,-0.019826745702465343
0.8145063548665413,0.8026591566448424,0.7890651729205594,0.7753132979567879,0.763364960682667,-0.020465703488693855,-0.02048363855394301,-0.0204621627926826,0.8168140649795532,0.8235627258996686,-0.008800704594767228
0.8202342273236007,0.8116147074545655,0.8002179429607599,0.7871301046870957,0.7738806424283178,-0.020468697127618302,-0.020490615952864992,-0.0204621627926826,0.8168140649795532,0.8292686814389539,-0.016241651728786
0.8284610760930892,0.8195326167160258,0.8110223871706279,0.7997484305321851,0.7867824944246511,-0.02046374824140825,-0.020474741726642022,-0.0204621627926826,0.8325220346450806,0.8355439421518654,-0.003940769227359198
0.8337484952781696,0.826901273921927,0.8182157859056959,0.8099785795406247,0.7989756325781282,-0.02046568752041312,-0.020477186434302196,-0.0204621627926826,0.8325220346450806,0.8392402595967233,-0.008761014058984884
0.8369324421774973,0.8317435689983159,0.8252086562640197,0.816874104641754,0.8089852465681814,-0.02046669337956529,-0.02048296059938748,-0.0204621627926826,0.8325220346450806,0.8411574539364292,-0.011261163530734475
0.8387229446966478,0.834817451835228,0.8299580320259097,0.8237933209750602,0.8158262408551981,-0.02046694209434471,-0.020484914695520474,-0.0204621627926826,0.8325220346450806,0.8416315109316609,-0.011879365515612972
0.8394316984497954,0.8368118481692974,0.833204048010528,0.8286791409115115,0.8228464755906633,-0.020466481349901082,-0.020483406800092904,-0.0204621627926826,0.8325220346450806,0.8407533197480648,-0.01073414555627139
0.8387087643993288,0.8376554822226601,0.8353123142559962,0.832015417756837,0.8277991214502837,-0.02046617655718874,-0.02048178401886962,0.0416488572955131,0.8325220346450806,0.8401723767187874,-0.00997655704388889
0.8411080188629213,0.8395216075244758,0.8383417082652614,0.8358562626308021,0.8324181377399822,0.04165069409940833,-0.020459173654570548,0.0416488572955131,0.8482300043106079,0.8447290071546111,0.004565534129164717
0.8438548507981386,0.8403485917794824,0.8388804768733205,0.837833505495206,0.835480007418965,0.0416471411973118,0.0416441513930159,0.0416488572955131,0.8482300043106079,0.8515009331984252,-0.004265509740795315
0.8493300539575335,0.8419688901479625,0.8387564084006314,0.8376184064948256,0.8368991135839574,0.041644595538525404,0.041630893045157547,0.0416488572955131,0.8482300043106079,0.8563530266605801,-0.010592963695283064
0.8559485542010783,0.8489786667737917,0.8416722387658445,0.8385212627967494,0.8374443130734309,0.04164806325626018,0.04164156822593224,0.0416488572955131,0.8639379739761353,0.8654514339450698,-0.0019736528861388214
0.8627792150542565,0.8536270525800757,0.847018786913843,0.8401187077156491,0.8373710837957121,0.0416436113346526,0.041628062779812874,0.0416488572955131,0.8639379739761353,0.8739369151264395,-0.01303928710682567
0.8725033393673857,0.8615337899657973,0.8525756281374376,0.846185358012433,0.8395016666715459,0.04164604297429547,0.04163288160053428,0.0416488572955131,0.8796459436416626,0.8850101148547922,-0.006995237544330957
0.8810394085574058,0.8690537712434577,0.8586215632283946,0.850267203649682,0.8444762828246773,0.041641062211848275,0.04161632384535246,0.0416488572955131,0.8796459436416626,0.8945035807645798,-0.01937535117594469
0.8920353269946723,0.8788951025098791,0.8672434850915579,0.8571866100946913,0.84920481551032,0.04164401174834807,0.04162258833174784,-0.0782500430941581,0.8953539133071899,0.9045896552870738,-0.012044024413184862
0.9010060981136471,0.888922096332444,0.8762668217371777,0.8651601350493109,0.8556441720017407,-0.07825707814683952,0.04161719027384571,-0.0782500430941581,0.8953539133071899,0.908762911128824,-0.017486228769909573
0.9061458572581461,0.8987325213404581,0.887002676036758,0.8747453616269638,0.8640337002288005,-0.07825518075792606,-0.07827666573544678,-0.0782500430941581,0.8953539133071899,0.905146437314129,-0.012770105364913742
0.9032563698161977,0.9045038530139068,0.8973462931254439,0.8859038594109583,0.8739318369736737,-0.07825375357616687,-0.07826932714788168,-0.0782500430941581,0.8953539133071899,0.902426190861581,-0.00922272230075627
0.8989576582817855,0.9002430672629608,0.9019599344860917,0.8953298142060514,0.8844109303131922,-0.07825685233655194,-0.07827971413815804,-0.0782500430941581,0.8796459436416626,0.892624541039698,-0.016924957870336876
0.8889009562538791,0.8957227780307936,0.8975120863341053,0.8997951774735982,0.8937271052947584,-0.07825735304175045,-0.0782847218610375,-0.0782500430941581,0.8639379739761353,0.8778709288211043,-0.018169503724347225
0.8771481461174179,0.8882730356804526,0.8951926690382465,0.8970918867102715,0.89948407665362,-0.07825146202349327,-0.07826276277764121,0.0956619307398796,0.8639379739761353,0.8666424910886614,-0.0035268709541783627
0.8639202769727541,0.874783210930214,0.8862764879281045,0.8936100725792208,0.8959201887168141,0.09565658663099876,-0.07827183669395792,0.0956619307398796,0.8482300043106079,0.8584160182023077,-0.013283242456521904
0.8552921870634679,0.8612064352745734,0.8724921060525631,0.8844604059123538,0.8922655102040975,0.09565579819739009,0.09563320601972754,0.0956619307398796,0.8482300043106079,0.859918793663955,-0.015242962031520091
0.8568216670267377,0.852601545015592,0.8589349162231734,0.8706915490645686,0.8831273377142626,0.09565585062227594,0.09563261745850117,0.0956619307398796,0.8482300043106079,0.8598188704349522,-0.015112655466852698
0.8555030543163009,0.8530722832656084,0.8494362051105168,0.8564258574142901,0.8688339313787279,0.09565345815459948,0.09562354848605172,0.0956619307398796,0.8482300043106079,0.8643789775606248,-0.021059339736288374
0.8614238014830747,0.8529357324258803,0.8509048747135229,0.847718173024503,0.8551538877113395,0.09565612929221676,0.09563133985817554,0.0956619307398796,0.8639379739761353,0.874995687769641,-0.014419997350842984
0.872398697551295,0.8591676550938905,0.8510310273723689,0.8493950788823788,0.8466003740203456,0.09565683246402826,0.09563669187192365,0.0956619307398796,0.8796459436416626,0.8893633932302539,-0.012672203309036512
0.8863533120413368,0.8697836766099177,0.8569599776018816,0.8492810754478957,0.8480994768690807,0.09565602150536356,0.09563430322507617,0.0956619307398796,0.8953539133071899,0.9066170717142709,-0.014687910848951047
0.9056173512413362,0.8854848005932493,0.8690504537338954,0.8563787764130271,0.8488507748094151,0.09565996814074879,0.09564853900239888,0.0881169810891151,0.9267698526382446,0.9305106188643927,-0.004878209011238366
0.930416634537751,0.9055357019545216,0.8854158698669644,0.8689958146584171,0.8563383235896069,0.08811679658398315,0.09565926470611703,0.0881169810891151,0.9581857323646544,0.9585374040613003,-0.00045860338119596555
0.9584884067765608,0.9303740679365124,0.90549976597941,0.8853873846244269,0.8689747252004356,0.08811688490019925,0.0881164298591453,0.0881169810891151,0.9896016716957092,0.9897850103317468,-0.00023908582690190805
0.988985495580243,0.9577938249075333,0.9297876815201184,0.9050349571286752,0.8850432567233179,0.08811541152342263,0.0881109008559985,0.0881169810891151,1.0210176706314087,1.0240093046538203,-0.003901290581711736
1.0219828981899077,0.987225046274628,0.9563076018925154,0.9286096023691821,0.9041627493277454,0.0881130029535538,0.08810024469150872,0.0881169810891151,1.0524334907531738,1.0600159231088913,-0.00988799823581954
1.0596816051856184,1.0216924580603672,0.986979848185918,0.9561132415890886,0.9284657049301135,0.08811632477359152,0.08811050071925955,0.0881169810891151,1.099557399749756,1.1008083546216754,-0.001631328706454216
1.1011100806857888,1.0599437309977462,1.0219137523706163,0.9871552607656527,0.9562431108090848,0.08811757342199934,0.08811858307101603,0.0881169810891151,1.146681308746338,1.1455523064894666,0.001472294351002601
1.1456952530949807,1.1012342661623447,1.0600485720248634,1.0219968563374917,0.9872167879797956,0.0881172617144412,0.08811864331946419,0.0881169810891151,1.19380521774292,1.193270338395617,0.0006975183944140095
1.1930645143785679,1.1455164425975086,1.1010833090880217,1.0599289134136392,1.0219082653679672,0.0881165770261316,0.08811572120500935,0.0008473992347717,1.240929126739502,1.2416992815501227,-0.0010043333130411725
1.2414902943218629,1.1928829558277914,1.145363165535865,1.1009618115006377,1.0598389609317314,0.000846988961936805,0.08811501284134458,0.0008473992347717,1.288053035736084,1.2888350266888902,-0.0010197684330079948
1.2895301581453475,1.242094192755679,1.193392784624456,1.1457672897284177,1.1012610106444378,0.0008487638806193928,0.0008521917394377258,0.0008473992347717,1.3351768255233765,1.3325757741840794,0.0033919446752270765
1.3367772622671557,1.293180218935284,1.2451756812909727,1.1958353772640504,1.147575698232256,0.0008556473772107144,0.0008802103177874305,0.0008473992347717,1.3980087041854858,1.382287524969661,0.02050146774258743
1.3862744051722937,1.340240881540627,1.296104308065868,1.2474935087000572,1.197551414039513,0.0008552260702043799,0.0008854875612858752,0.0008473992347717,1.445132613182068,1.4302144563437589,0.01945427292703239
1.4342386098322943,1.3897704057727367,1.3431923079386057,1.2984438048101974,1.2492255886787513,0.0008552992431767212,0.0008853452297330008,0.0008473992347717,1.49225652217865,1.4771988957057611,0.01963615064594615
1.4813141126561946,1.43781372220578,1.3927886206533373,1.3455847456736911,1.3002150804109256,0.0008554780142192356,0.0008860999758471087,0.0008473992347717,1.539380431175232,1.5239820623329252,0.02008050145444873
1.528222053155407,1.4849976228661055,1.4409234497239554,1.3952535973878089,1.3474097265633092,0.0008557229637820983,0.0008872126288024116,0.0008473992347717,1.586504340171814,1.5706390909373362,0.020689344669599263
1.575171188939198,1.5321593327300838,1.488321589936206,1.4435582469677841,1.3972043073278915,0.0008562964133731349,0.0008896438823321253,0.0008473992347717,1.6336281299591064,1.616669870527656,0.022114702970521316
1.6185978677917798,1.5768461448304758,1.5335733796934456,1.4894424575510579,1.4443880973871779,0.0008511841785206965,0.0008707266922713734,-0.0755091235041618,1.6650440692901611,1.6578298656752557,0.009407803363157274
1.6618901725746509,1.6221252768229484,1.5798240871482603,1.535933894718326,1.4911900987153006,-0.07550115252126476,0.0008815739316915057,-0.0755091235041618,1.7121679782867432,1.6969750725413317,0.019812563852855014
1.7008703818380304,1.665274239230897,1.6249822052973024,1.5820886785570483,1.5376105174572088,-0.07550147643595931,-0.07547199770834452,-0.0755091235041618,1.743583917617798,1.7290084019091747,0.019007446008319162
1.7330397678918352,1.704372648323675,1.668230955473216,1.6273258951238718,1.5838238629443357,-0.07550120933656419,-0.07547130329383242,-0.0755091235041618,1.7749998569488523,1.7599152426777138,0.019671344537425917
1.761773973453556,1.7346545482243745,1.7057358933127602,1.6693115540664496,1.6281259317953831,-0.07550547454077268,-0.07548729748928554,-0.0755091235041618,1.79070782661438,1.7837528051878786,0.009069812478245565
1.7848422379137392,1.7627204228060973,1.7354535685686747,1.706369249948529,1.669780468738311,-0.0755069847866115,-0.07549732057791829,-0.0755091235041618,1.8064157962799072,1.8023393436545083,0.005315966496945546
1.8036084603126468,1.7859447884530077,1.7636512283575294,1.7361913869193781,1.706915504349722,-0.0755066320404801,-0.07549748596227594,-0.0755091235041618,1.8221237659454343,1.8173749697965764,0.006192747358539252
1.8187916109312876,1.8048391733735856,1.786983792569864,1.7644748120831457,1.736801138946337,-0.07550634242811612,-0.07549602905516835,0.0912238284945488,1.837831735610962,1.8325309305811877,0.006912603808896467
1.8332551986087793,1.8194208218862264,1.805370371744109,1.7874048557070925,1.7647865522176545,0.09122525033979445,-0.07550092157517732,0.0912238284945488,1.8535397052764893,1.8508296303609084,0.0035341187005781816
1.8489102404960265,1.8315877204325048,1.81801308782952,1.804254508158691,1.7865787100926815,0.09122006044839741,0.0912108844837945,0.0912238284945488,1.8692476749420168,1.8764296712857398,-0.00936580293035516
1.8761677984959473,1.8486827373868726,1.8313956556251092,1.817860844496632,1.8041417926229997,0.0912233143995357,0.09121810043659506,0.0912238284945488,1.9006636142730715,1.9016434930633173,-0.0012778273903040205
1.9015440977628306,1.8760814484024002,1.8486098381014633,1.831337870805879,1.817818062676694,0.09122363336687499,0.09122257046595555,0.0912238284945488,1.9320794343948364,1.9324513529392338,-0.00048500662298689434
1.9315925853221538,1.9007980397127324,1.8754516042818914,1.8481105817858139,1.8309682392299134,0.09122214260671867,0.09121720583896618,0.0912238284945488,1.9634953737258911,1.9667087208414626,-0.004190419263798928
1.9646694004244525,1.929820916964405,1.8993023452443558,1.8742660174274557,1.8472328155488877,0.09121982500698779,0.09120687911909453,0.0912238284945488,1.9949113130569456,2.0025420669994474,-0.009951012812470461
2.0022879693671465,1.9644486520167124,1.9296345546743547,1.8991546221057618,1.8741566484824599,0.09122332966331967,0.0912179231890912,0.0912238284945488,2.0420353412628174,2.042986126874185,-0.0012398879418631381
2.040036602968014,1.9997255578248503,1.9622853889247496,1.9279198085555829,1.8978850852158016,0.09121803814293424,0.09120125367111,0.0912238284945488,2.073451042175293,2.0844876066051805,-0.014392417168081373
2.0830044498411713,2.0387481041688753,1.9986377692904147,1.96142313542706,1.9272814268080865,0.09122091683848622,0.0912069373150686,-0.0980254113674163,2.120574951171875,2.126124645192447,-0.007237171676629739
2.123828610994398,2.081009760285247,2.0370641286540025,1.9973029383634862,1.9604348741999054,-0.09802991882209329,0.09120373195215144,-0.0980254113674163,2.1519908905029297,2.1605822191939694,-0.011203666443037719
2.160294205997486,2.12357839829483,2.0807985233745554,2.0368966882376727,1.9971789714490409,-0.09802597677991348,-0.09803207448425577,-0.0980254113674163,2.1834068298339844,2.1844845211159543,-0.001405381412582063
2.185507232640531,2.1611826910202834,2.124328483449324,2.081393090726162,2.0373368847065065,-0.0980234036334511,-0.09801832219823606,-0.0980254113674163,2.214822769165039,2.2109959747421937,0.004990395525705793
2.211323155950507,2.185791472718345,2.1614226548432063,2.1245186947257664,2.0815339163735778,-0.09802476906231959,-0.09802095481457876,-0.0980254113674163,2.2305307388305664,2.2293064882054945,0.0015965045849419823
2.2271053278732325,2.2094108884723447,2.1841770803425744,2.160142980137521,2.1235712691983184,-0.09802973257066444,-0.09804124385618229,-0.0980254113674163,2.2305307388305664,2.238767067336565,-0.010740722490658605
2.2388242428673557,2.2271549993608,2.209452822601193,2.184210320120461,2.16016758968396,-0.09802529912339403,-0.09802930463496617,-0.0980254113674163,2.2462387084960938,2.246024768399502,0.00027899217539051335
2.245486914476528,2.238356979965226,2.2267605222935,2.2091401338567636,2.1839788165224747,-0.09802646725420697,-0.09802932474223668,-0.0980254113674163,2.2462387084960938,2.2482512568474915,-0.0026244974718592218
2.2452348618133713,2.242866408355054,2.2361446717230584,2.2250068997286454,2.2078418142321974,-0.09803133299694418,-0.098049043749734,-0.0980254113674163,2.2305307388305664,2.241817522460429,-0.014718719717428552
2.237852116350955,2.2417898982504214,2.2399580689232828,2.2338393285721354,2.223300105852821,-0.09803319604602843,-0.09806101245612665,-0.0980254113674163,2.214822769165039,2.229660573980356,-0.019349488522199643
2.225765048503303,2.2344678618870986,2.2389328112233664,2.2376933518350848,2.2321626127846987,-0.09803305886001279,-0.09806235247697109,-0.0468799360096454,2.199114799499512,2.2136911241144146,-0.019008500876136925
2.2103831889186623,2.2228912656161635,2.232041729959636,2.2370096977926877,2.2362695472163736,-0.046886429975624616,-0.0980578174156084,-0.0468799360096454,2.1834068298339844,2.1957845019869136,-0.016141311213866416
2.193026177837398,2.207986882984906,2.2208682337580954,2.2304381404380185,2.2358224572841596,-0.0468853510078623,-0.04690707491507029,-0.0468799360096454,2.167698860168457,2.1780199910231524,-0.01345944400096677
2.1764804604774604,2.1916887040736674,2.2068577483467777,2.219973206590344,2.229775494233698,-0.046882958335778185,-0.046896873770658744,-0.0468799360096454,2.1519908905029297,2.1577515246255277,-0.007512251658732261
2.1542403123406846,2.1734300797474346,2.1891134830598777,2.204816456996326,2.2184619072532668,-0.04688682903861189,-0.04690923833808111,-0.0468799360096454,2.120574951171875,2.133713248009409,-0.017133216606050716
2.1323129132579046,2.1530237655200852,2.1724030351867905,2.1882993792734666,2.204213723578363,-0.0468826850738494,-0.04689730997724761,-0.0468799360096454,2.104866981506348,2.1101067711130903,-0.00683303562193549
2.1075167548635187,2.1300628255340004,2.1511241753697696,2.170897293767907,2.187184582011594,-0.0468850205945647,-0.04690207029680991,-0.0468799360096454,2.073451042175293,2.083142396482694,-0.012638173319414303
2.0801995936786954,2.1049601823075577,2.1279044918858157,2.149413336655796,2.1696306497811473,-0.04688571316674245,-0.046907046282045915,-0.0740621387958526,2.0420353412628174,2.053046756590841,-0.014359621059498284
2.0536746350469772,2.0807450657800732,2.1054206858781703,2.128269517625552,2.1496835886991206,-0.07406090617759017,-0.04688101375071897,-0.0740621387958526,2.02632737159729,2.0239779683526535,0.003063778751771551
2.0216887391629994,2.051685857371279,2.0790660812481416,2.1040898111360717,2.127284185416595,-0.07406663289129176,-0.07407804013119239,-0.0740621387958526,1.9792033433914185,1.9877692090192702,-0.011170460907918178
1.9868904867732016,2.0209253454433935,2.051041377969356,2.078555224035636,2.1037115906696844,-0.07406386385757041,-0.07407320977151914,-0.0740621387958526,1.947787404060364,1.9510754176494118,-0.0042877893323167715
1.951894577627122,1.9876021355167428,2.0215261402165723,2.0515176078414017,2.0789078076537266,-0.07406053066367589,-0.07405773277680562,-0.0740621387958526,1.916371464729309,1.9133063219605155,0.003997150896771329
1.9127375054992453,1.951400415887067,1.9871849496603433,2.021195450976449,2.051272777318181,-0.07406325546668481,-0.07406478802458132,-0.0740621387958526,1.8692476749420168,1.8713760792958365,-0.002775581437243657
1.8702604026681473,1.9117682566444454,1.9505821475332503,1.9865363357728165,2.020715240379358,-0.07406432903406324,-0.07407160585451854,-0.0740621387958526,1.8221237659454343,1.8262984183219249,-0.00544402553130241
1.825267887609322,1.8693651246922205,1.9110124366793846,1.9499830343895956,1.9860927737616223,-0.07406416188004022,-0.07407204213919713,-0.0740621387958526,1.7749998569488523,1.7788559093045642,-0.005028549824352746
1.7783724054023418,1.8248478415207965,1.869010509445906,1.9107313450638828,1.9497749241793252,-0.07406308798551506,-0.07406778071098324,-0.0607335865497589,1.7278759479522705,1.7296851287349098,-0.0023592925789210906
1.7299629726192753,1.7786137834683968,1.8250516199743694,1.8691720377933603,1.9108509348933174,-0.06073304110112528,-0.07406100843653635,-0.0607335865497589,1.6807520389556885,1.679712399329498,0.0013557595119078059
1.680794725005382,1.7309032476916715,1.7794075913040361,1.825680844829298,1.8696378934419995,-0.06073146178439873,-0.060724940331662404,-0.0607335865497589,1.6336281299591064,1.6295782705797592,0.005281287127884893
1.6284530365263388,1.679817173095992,1.7300779696552768,1.7787534210761646,1.825196520515917,-0.06073579555060962,-0.060739883705694366,-0.0607335865497589,1.5707963705062866,1.5750067849746339,-0.005490661687696186
1.575724077540545,1.629076187519029,1.6803432554683806,1.7304949775123233,1.7790621588258106,-0.06073217839837608,-0.06073042690617722,-0.0607335865497589,1.5236724615097046,1.5209884874614885,0.0035000814262113877
1.520170681800125,1.5750136053651378,1.6284763860392293,1.6798678129466913,1.730142976820365,-0.06073519202321235,-0.06073829934263136,-0.0607335865497589,1.4608405828475952,1.463900658019009,-0.003990542411314912
1.4653821922804493,1.521457771043199,1.5761002039109393,1.629337696272829,1.680505496335086,-0.060730678078908806,-0.0607241033391215,-0.043880421668291,1.4137166738510132,1.4081730509302888,0.007229254556927911
1.4082919291178142,1.4654854682156622,1.52154495962132,1.5761693153733822,1.6293888639355691,-0.043880188292828734,-0.06072978832380758,-0.043880421668291,1.3508847951889038,1.350439975340797,0.0005800747922304339
1.3494920160772375,1.4074683854423453,1.4647902084541624,1.520993850520444,1.5757612938439582,-0.04388228265251317,-0.043887283384098766,-0.043880421668291,1.288053035736084,1.2916001212393728,-0.0046256364123546945
1.2933250387976594,1.3509905456031774,1.408733488085763,1.4657930129006986,1.5217362911793595,-0.043877035400036755,-0.0438693723429885,-0.043880421668291,1.240929126739502,1.2344748092381435,0.008416861116965046
1.235065699609036,1.2938383773413609,1.3514239210805123,1.4090770102955634,1.4660473444971305,-0.04387926166310984,-0.04387261282485528,-0.043880421668291,1.1780972480773926,1.1758862473000435,0.0028832926902857547
1.1756891530902622,1.2348944731690648,1.2936938229511532,1.3513093376623044,1.4089921768180007,-0.04388080859337184,-0.043880736833468895,-0.043880421668291,1.1152653694152832,1.1160028589268818,-0.0009617355813431594
1.115327500563841,1.1751024326161472,1.234399146510563,1.2933011941172654,1.3510186492722123,-0.0438817474966322,-0.04388586337727443,-0.043880421668291,1.0524334907531738,1.0549605548910053,-0.0032954604227817264
1.0540575173445763,1.1145429828227726,1.174440119694811,1.233874153265177,1.2929125078361297,-0.04388219446453925,-0.0438885063670378,-0.043880421668291,0.9896016716957092,0.992980668571415,-0.004406437615052106
0.9949542736838485,1.0557720952496592,1.1159904798540405,1.1755875020569113,1.2347236342580945,-0.043876547189591115,-0.0438674228293625,0.0198818892240524,0.942477822303772,0.9350929626872913,0.009630350187625925
0.9354792843757707,0.9952898923074263,1.0560554343501032,1.1162150732586003,1.1757537830061486,0.0198826476306576,-0.043873655728170015,0.0198818892240524,0.8796459436416626,0.8782004004485239,0.001885084874220011
0.8795930485739715,0.9366891534070194,0.9963112992821481,1.056865069411182,1.1168144981916515,0.01988462319827272,0.019893071038009504,0.0198818892240524,0.8325220346450806,0.8273110069492184,0.006795528169089571
0.8261841888288013,0.8786141204995848,0.9358627135717112,0.995656208135233,1.0563800632821752,0.019879677113443902,0.019876189420876985,0.0198818892240524,0.769690215587616,0.7739065573371199,-0.0054983912582186045
0.7734761450623714,0.8258102663193231,0.8782984441335302,0.9356124875009706,0.9954709496738449,0.019881044261106075,0.019876455651836347,0.0198818892240524,0.7225663065910339,0.7241768284761887,-0.002100228107825286
0.7237701964823554,0.7731228817739182,0.8255120310744992,0.8780620430547882,0.9354374645707515,0.01988109094531423,0.019878000785272812,0.0198818892240524,0.6754423975944519,0.6769639381352169,-0.0019841904915205433
0.6761729026675506,0.7230829810275246,0.7725427143007692,0.8250521517715534,0.8777215648151074,0.01988033630444806,0.01987517036511983,0.0198818892240524,0.6283185482025146,0.6312784543375217,-0.0038599152973747275
0.6298144846278124,0.6749010727041174,0.7220092648138198,0.7716916154598779,0.82442202853425,0.01987901523501487,0.01986937908391524,0.0198818892240524,0.5811946392059326,0.586672538873335,-0.007143547044825671
0.5846502813792734,0.6280576397575481,0.6734178926592986,0.7208335977233296,0.7708211934625044,0.01987791923353248,0.01986387945646042,-0.0750576704740524,0.5340707302093506,0.5416376378992113,-0.009867753034623505
0.5397899607594524,0.5830451039404843,0.6267025018134409,0.6723437202487899,0.720038318768393,-0.07506129773751923,0.019864090118244426,-0.0750576704740524,0.4869468510150909,0.49386051181163976,-0.009015875454238487
0.49341073690324344,0.5393992168789574,0.5827152264789085,0.6264410190104435,0.6721501277041785,-0.075058553448712,-0.07506466412059992,-0.0750576704740524,0.4398229718208313,0.4415059450440953,-0.0021947094918715604
0.4387037689781796,0.4909763344290591,0.537344022802417,0.5810861430451071,0.6252349037182768,-0.07506317156006619,-0.0750795266019968,-0.0750576704740524,0.3769911229610443,0.387476339449937,-0.013673422627527465
0.3868357087424638,0.43814721830376596,0.49050647800166913,0.5369715833667144,0.5808104021656123,-0.07505892812687007,-0.07506796642152767,-0.0750576704740524,0.3298672139644623,0.3322643337382669,-0.0031260042928779597
0.3306236448050683,0.38541035319577716,0.4369438912830374,0.4895526410199013,0.536265396472861,-0.07506089138905955,-0.07507120801923914,-0.0750576704740524,0.2670353651046753,0.27317451491212896,-0.008005861393509839
0.27118090870410594,0.3288916908624189,0.38394818680319387,0.43578488101008633,0.4886945511363632,-0.07506158421786077,-0.07507581272433858,-0.0750576704740524,0.2042035162448883,0.21166321620413814,-0.009727946993314196
0.20914178235995504,0.26899040223899356,0.32704240096090786,0.38248231670496985,0.43469960305248523,-0.0750626204215677,-0.07508045612928517,0.0780088379979133,0.1413716673851013,0.15080639921378852,-0.012303520466905665
0.15015882401218947,0.20857919862648858,0.2685154525259369,0.32666592424843516,0.38220358676969673,0.0780075667120267,-0.07506746725975598,0.0780088379979133,0.094247780740261,0.09667088550665814,-0.003159890458802009
0.09522240214908516,0.1489004478835866,0.20751684053533895,0.26767335688795707,0.3260424666615734,0.07800599441087519,0.07799672540056937,0.0780088379979133,0.0471238903701305,0.05254384301673467,-0.007067980259321559
0.050585213052338415,0.09352083396807946,0.14746393404353053,0.20637816418064595,0.26683032151252567,0.0780049929176436,0.07799133485861824,0.0780088379979133,-0.0,0.007328825425398711,-0.009557277859832687
0.006924071559228211,0.050233581395346456,0.09322397619446252,0.14722862484002766,0.20620394963592487,0.07800804340621748,0.07800196349883545,0.0780088379979133,-0.0314159281551837,-0.02990141521535273,-0.0019750260305169028
-0.03021670028753591,0.00665016630069289,0.05000234253043211,0.09304068089968573,0.14709291953885925,0.07800821904669106,0.07800568362510746,0.0780088379979133,-0.0628318563103675,-0.06165211879216965,-0.0015384565204693487
-0.06275327668578286,-0.031173335929844722,0.005842546391360009,0.04936216930780533,0.09256671946994849,0.07800667626212475,0.07799997732570342,0.0780088379979133,-0.094247780740261,-0.09012745473954109,-0.0053731803087438135
-0.08939815277170456,-0.06211969247366855,-0.030638445527154372,0.006266536078693585,0.04967607615567051,0.0780102697255281,0.0780121347920681,0.0780088379979133,-0.1099557429552078,-0.11268465392963026,0.0035586821794003354
-0.11162839441216672,-0.08848052278621907,-0.061345002285573214,-0.030024374590418797,0.006721172306589921,0.07801091159154974,0.0780181754003491,0.0780088379979133,-0.1256637126207351,-0.12961603733143787,0.005154095405460385
-0.12914615212103733,-0.11122017962056407,-0.08813589586829784,-0.06107182808308011,-0.029822126150457966,0.07800976045206973,0.07801442849209853,0.0780088379979133,-0.1413716673851013,-0.14312988958102482,0.0022928391782305046
-0.14045308337581403,-0.12682066525097954,-0.10925693529630064,-0.08657969792005057,-0.059919674605808784,0.07801409296435036,0.07802979526270795,0.0122760012745857,-0.1413716673851013,-0.15138777340421913,0.01306167124222965
-0.15050980403293243,-0.13969034371940345,-0.12617673802841842,-0.10874651577786085,-0.08620180150674409,0.012277724858298963,0.07802066420961483,0.0122760012745857,-0.1570796370506286,-0.1603648335236596,0.004284115624870577
-0.15735954296720475,-0.14789894497405107,-0.13748617981084812,-0.12442957120373839,-0.10745297575315163,0.012281901104381746,0.012300218241306744,0.0122760012745857,-0.1570796370506286,-0.1683248698108893,0.014664534608212182
-0.16761586337202966,-0.15674359058292497,-0.14737893987833373,-0.13707398920724762,-0.12412439997679275,0.012277393159075733,0.012287207730508128,0.0122760012745857,-0.1727875918149948,-0.17544056073221825,0.003459648664509568
-0.17332782446477737,-0.16578041467938073,-0.15519405088235028,-0.1461506717137655,-0.13616462325002937,0.01228014888831811,0.01229320613461512,0.0122760012745857,-0.1727875918149948,-0.18069305407966288,0.010309250812826437
-0.17766423128504213,-0.17069652167307314,-0.1635589915710647,-0.15343320326872104,-0.14484700292068373,0.012281947301645302,0.012302818400600631,0.0122760012745857,-0.1727875918149948,-0.18412087779026892,0.01477936188181847
-0.18066547912905095,-0.17466233887989327,-0.16816223592743418,-0.16155014823511604,-0.15194592728470283,0.012282784733155083,0.012307809561573683,0.0122760012745857,-0.1727875918149948,-0.1857170445567376,0.01686086995607336
-0.18538419071594958,-0.18037631092744785,-0.1744182145901093,-0.16796872678841163,-0.16140688096782546,0.01227665471589885,0.012285276009384722,-0.0007511377334594,-0.1884955614805221,-0.1897410380307907,0.0016241846091148704
-0.18854554236571072,-0.18434559873011863,-0.1794995010655382,-0.1737231968120145,-0.16745416040519592,-0.0007487907986744311,0.012285602516909647,-0.0007511377334594,-0.1884955614805221,-0.19296888170203358,0.00583350834975957
-0.19109057870223162,-0.18691375857967243,-0.18296799892613214,-0.17840752389184947,-0.17291473584521824,-0.0007474503469002427,-0.0007347324612240098,-0.0007511377334594,-0.1884955614805221,-0.19552381849271097,0.009165316573515242
-0.1932872697077329,-0.18914756735401164,-0.18527341132573266,-0.18166775065878935,-0.177444866432866,-0.0007467470574452015,-0.0007307106847973411,-0.0007511377334594,-0.1884955614805221,-0.19686430692935636,0.010913403028476237
-0.1943875037746074,-0.1911355363454618,-0.18733101084483553,-0.18383348789006163,-0.180601682685058,-0.000746275402587617,-0.0007282091886607721,-0.0007511377334594,-0.1884955614805221,-0.19776329365260042,0.01208574176048749
-0.1951668896569411,-0.1921318666688962,-0.189231261244018,-0.18582155582227894,-0.18271594120843157,-0.0007460406084498855,-0.0007268423699339665,-0.0007511377334594,-0.1884955614805221,-0.1982108175339342,0.01266934279265211
-0.19561847191607082,-0.19291477828434417,-0.19023056809491193,-0.1877241656149756,-0.18470575595148658,-0.0007460485756456672,-0.0007266379511108476,-0.0007511377334594,-0.1884955614805221,-0.1981956318465315,0.01264953964200033
-0.19531897823539793,-0.19311936675508712,-0.1908049602990391,-0.1885581861201729,-0.1864859936268351,-0.0007454904370103374,-0.0007245179880900106,-0.0848469361662864,-0.1884955614805221,-0.1992594589540499,0.01403684124508392
-0.19861939332002712,-0.1947629184709676,-0.19264992476832501,-0.190432849376526,-0.188282688460131,-0.08484567962279149,-0.0007406998048948276,-0.0848469361662864,-0.2042035162448883,-0.2065985216199827,0.0031232469757354886
-0.20304932367923748,-0.1955360123885378,-0.19215983771775824,-0.1905865499365724,-0.18890520021724297,-0.08483996856585992,-0.08481911531323409,-0.0848469361662864,-0.2042035162448883,-0.21748394827173334,0.01731857038636911
-0.2148496091095818,-0.2007607302349541,-0.193603914578016,-0.19062832856661116,-0.18945267516443667,-0.08484176456893507,-0.08482025160384458,-0.0848469361662864,-0.2199114859104156,-0.2297686882312484,0.012854450206209178
-0.2269590162104327,-0.21240869449243227,-0.1987000384160356,-0.19197047326817088,-0.18941898685839445,-0.08484142036460462,-0.08482073531146286,-0.0848469361662864,-0.235619455575943,-0.24613272052006047,0.013709999686546431
-0.2424496947394993,-0.22375937176919272,-0.2097074606691816,-0.1965588609367344,-0.19038522180256492,-0.08483970584201939,-0.08481385440785154,-0.0848469361662864,-0.2513274252414703,-0.2651086159072099,0.01797159309803603
-0.263408728447955,-0.2409729102194328,-0.22251262689846868,-0.20871920781352318,-0.19582719375689225,-0.0848435990358181,-0.08482698287265157,-0.0848469361662864,-0.2827433347702026,-0.28910399434254,0.008294724921944274
-0.2850868087129823,-0.25991878120488,-0.2380265942435548,-0.22017718101438613,-0.20699012694732918,-0.08483904983681899,-0.08481353202789273,-0.088420383632183,-0.29845130443573,-0.3134828584891392,0.019602150469522184
-0.3102069538912117,-0.28224085254506376,-0.2575161414111624,-0.2361221022396045,-0.2187671630361089,-0.08841395254700413,-0.08481453101727927,-0.088420383632183,-0.3298672139644623,-0.34212503363683305,0.015985015574060735
-0.3420299127666868,-0.3101243172273535,-0.2821710882460756,-0.25746084159055194,-0.23608116022404627,-0.08842019689584807,-0.08841324060580442,-0.088420383632183,-0.3769911229610443,-0.3773470473900004,0.0004641492281760029
-0.37582201941480015,-0.3407050381732645,-0.30900581917888564,-0.2812844923463028,-0.25680443759644034,-0.08841738977674078,-0.08840878267891983,-0.088420383632183,-0.4084070324897766,-0.4141134007177013,0.007441485307562834
-0.4140607463063536,-0.37577627566913735,-0.34066641995950486,-0.3089752078157074,-0.28126182878440215,-0.0884202802637868,-0.088416995679791,-0.088420383632183,-0.4555309414863586,-0.4557279644032236,0.0002569310430984295
-0.45614686883347555,-0.41442467132657496,-0.3760835118610963,-0.340909955787239,-0.3091555130597029,-0.08842120600352876,-0.08842341559383769,-0.088420383632183,-0.5026548504829407,-0.5010873887903032,-0.0020440747407165505
-0.5012360287324501,-0.4562760004206468,-0.41453368800556,-0.3761699257271977,-0.34097393353275995,-0.08842067543437088,-0.08842231851331314,-0.088420383632183,-0.5497786998748779,-0.5492225171313082,-0.0007252994460364981
-0.5492995517351343,-0.5013029528748811,-0.45633249974750845,-0.41457847312754037,-0.37620308303477407,-0.08842053486250248,-0.0884212520071901,0.0857427790760994,-0.59690260887146,-0.5966143598538209,-0.00037589597165943456
-0.5977543579763271,-0.5502899299928573,-0.502139059291298,-0.4569952532691479,-0.41506915220560414,0.08574054109119769,-0.08842906728687742,0.0857427790760994,-0.644026517868042,-0.6397608590264011,-0.005562704040340427
-0.644076708363969,-0.6015037705965327,-0.5534552942616126,-0.5046481374124534,-0.45885288525310636,0.08573430642560564,0.08570823870634332,0.0857427790760994,-0.6911503672599792,-0.6750012697110158,-0.021059501830416605
-0.6782066515885227,-0.6468613976160907,-0.6038546870602879,-0.5553187869161853,-0.5060278009342141,0.08573648643744987,0.08571031544007444,0.0857427790760994,-0.7225663065910339,-0.7105723696917661,-0.015640894812741224
-0.7110241102895624,-0.6785991031701135,-0.6471927167690935,-0.6041173126437396,-0.5555132255347011,0.08574189224250081,0.08573310534197989,0.0857427790760994,-0.7382742762565613,-0.7365839477927901,-0.0022043012167624054
-0.7392812568504312,-0.7133674091005939,-0.6805773848581527,-0.6487608343314029,-0.6052782909782888,0.08573748385953099,0.08572170397631351,0.0857427790760994,-0.769690215587616,-0.7595973917458796,-0.013161716407042334
-0.7615796080169782,-0.7410033157365328,-0.7148212217957833,-0.6817297734352791,-0.6496140217474378,0.08573888769242159,0.08572264777331819,0.0857427790760994,-0.7853981852531433,-0.7779811042984238,-0.009672368964809053
-0.7769690348546288,-0.760700368347498,-0.7402610357808814,-0.7142328413635908,-0.6812941575409948,0.08574476591808622,0.08574646262243323,0.0857427790760994,-0.7853981852531433,-0.7891851590086691,0.004938466715828871
-0.7902174533094649,-0.7778658449553612,-0.7614574817773241,-0.7408611742106858,-0.7146771624600953,0.08574075252972735,0.08573703961320875,0.0857427790760994,-0.8011061549186707,-0.7972435035472066,-0.005037155381653724
-0.7971546930626222,-0.7901402988201252,-0.7778007088691342,-0.7614058505857855,-0.7408229483172936,0.08574295342421427,0.08574141724024613,0.0271362289786338,-0.8011061549186707,-0.8014384670701721,0.00043335724126991604
-0.8007657345041953,-0.7965702537609671,-0.789646897994421,-0.7774096065783318,-0.7611162923937673,0.02713754965214705,0.085747988555089,0.0271362289786338,-0.8011061549186707,-0.8036233938171085,0.0032826476543669214
-0.799175608973157,-0.7969017023470236,-0.7933081243122851,-0.7870611173596748,-0.7754951867880094,0.02714496063803771,0.027170839520847537,0.0271362289786338,-0.7853981852531433,-0.8020409606847457,0.021703290762990046
-0.7987418451130031,-0.7963094881721979,-0.7944820389777798,-0.7913901382908158,-0.7856411088919328,0.027142705630386812,0.02716965318231858,0.0271362289786338,-0.7853981852531433,-0.7977428560296725,0.01609827521482099
-0.7955294788863833,-0.79681896422787,-0.7946861356465058,-0.7931952618616855,-0.7904374543919257,0.027140574165288655,0.027159271862133603,0.0271362289786338,-0.7853981852531433,-0.7936802267712489,0.010800335311698106
-0.7925817792961661,-0.7945751979317961,-0.7960133322150781,-0.7940475381628128,-0.7927224670528746,0.027138385393469952,0.02714879559989101,0.0271362289786338,-0.7853981852531433,-0.789508369376837,0.005359954623707863
-0.7863667741757128,-0.7898525049926961,-0.7922710643954445,-0.7941869228184262,-0.7926953297630758,0.027142396394604577,0.027161898961554912,0.0271362289786338,-0.769690215587616,-0.7814454747252993,0.015329643069928456
-0.7803178620112001,-0.7853871557946572,-0.7890254823802212,-0.7916155113006098,-0.7937015746796495,0.027138442649147207,0.0271508361192123,0.0271362289786338,-0.769690215587616,-0.7739095305574244,0.0055022685360824886
-0.7713153750821894,-0.7780641783172503,-0.7834845298208016,-0.7875173345658085,-0.7904989324292832,0.027141321689465203,0.027157858852535882,0.0271362289786338,-0.7539822459220886,-0.7636890884344258,0.01265837097313538
-0.7637278715341194,-0.7713490680663665,-0.7780926229241861,-0.7835070769069719,-0.7875340276245306,0.02713615284167371,0.027141031413666826,0.0752500668168068,-0.7539822459220886,-0.7538371268479006,-0.0001892449654985473
-0.7533770047980773,-0.7633281385301368,-0.7710116017226971,-0.7778251246688084,-0.7833090307358889,0.07525097010443518,0.027139596668918558,0.0752500668168068,-0.7382742762565613,-0.7399959665394785,0.0022451991236395186
-0.7401935010840109,-0.7535486137807519,-0.7634730158741314,-0.7711264411355433,-0.7779101476756742,0.07524967902728372,0.0752494916383488,0.0752500668168068,-0.7225663065910339,-0.7218271694295075,-0.0009638842268984149
-0.7228311728599868,-0.7410657333698325,-0.7542849778972847,-0.7640567070190127,-0.7715585852486909,0.07524809580959695,0.07524216446811592,0.0752500668168068,-0.7068583369255066,-0.7031015446767204,-0.004899108015164577
-0.7022303328529182,-0.7220743038519327,-0.7404267623210576,-0.7537784869716246,-0.7636817191957331,0.07525177713445501,0.07525461647735454,0.0752500668168068,-0.6754423975944519,-0.6787023085941066,0.004251141678726866
-0.6802951626890039,-0.7036141316786946,-0.7232425474681868,-0.7413527898644454,-0.7544640847488,0.07524693980866122,0.07523985526648284,0.0752500668168068,-0.6597344279289246,-0.6537742671012863,-0.007772447808842786
-0.6545687098891162,-0.680985338267839,-0.7041967981754783,-0.7237044076633755,-0.7416947346861175,0.07524850720812908,0.07524099372605499,0.0752500668168068,-0.6283185482025146,-0.6253458925154728,-0.0038765415647930013
-0.6260663669009885,-0.6551946251012328,-0.6815137542754631,-0.7046156558269293,-0.7240145149348474,0.07524865241904155,0.07524311474906521,0.0752500668168068,-0.59690260887146,-0.5942067290519437,-0.0035156073471938054
-0.5954738411281648,-0.6271671759511198,-0.6561239604363812,-0.6822504072350147,-0.7051610474140635,0.07524757928841586,0.07523916859819002,0.0752500668168068,-0.5654866695404053,-0.5607453741605495,-0.006182965854771627
-0.5597156677982215,-0.5945792793100745,-0.626411960587541,-0.6555253265400488,-0.6818072000414513,0.07525208828267291,0.07525528622362172,0.0752500668168068,-0.5183627605438232,-0.5222157283356493,0.005024527347022301
-0.5229654862411092,-0.5603670231938698,-0.5951291726679128,-0.6268478426143711,-0.6558480380520759,0.07524859493116134,0.07524647664831882,0.0188181176781654,-0.4869468510150909,-0.4841413977644452,-0.003658498419988443
-0.4862141038762924,-0.5247661585644198,-0.5618872036619323,-0.5963341687532839,-0.6277399787538785,0.01881404864954823,0.07523308156512883,0.0188181176781654,-0.4555309414863586,-0.4477752645448149,-0.010113920747047811
-0.4471446938227661,-0.48566629285735763,-0.5243036804109027,-0.5615206127365352,-0.5960627579023005,0.018819355581743965,0.018818768216091995,0.0188181176781654,-0.4084070324897766,-0.41076650968775136,0.003076915859782259
-0.41168097462943665,-0.4479391391624689,-0.48633698694907285,-0.5248353171290276,-0.5619142176080251,0.018816322448250343,0.018812511181911698,0.0188181176781654,-0.3769911229610443,-0.37356936691876685,-0.0044621984242214086
-0.37550475682166673,-0.41336235290735407,-0.4493586080932822,-0.48746215237572504,-0.5256683494950469,0.018814318221573235,0.01880183683844406,0.0188181176781654,-0.3455751836299896,-0.33833331814938866,-0.009443876283609376
-0.3377150724007156,-0.37496765317620684,-0.4129089142330415,-0.4489991824599567,-0.48719604645152503,0.018819331385998565,0.01881894554068152,0.0188181176781654,-0.29845130443573,-0.3007646638984075,0.0030167752526701896
-0.3014436580111726,-0.33830495144799516,-0.37546564639495367,-0.4133036567598259,-0.44929143575290936,0.01881678471230983,0.018814249389981358,0.0188181176781654,-0.2670353651046753,-0.26449469667429987,-0.003313201328913107
-0.26574908755868876,-0.3025334154713459,-0.33922495670627284,-0.3761949037154074,-0.4138435728794511,0.01881565512335528,0.018807396104428498,-0.0780724138021469,-0.235619455575943,-0.23092576050642474,-0.006120891870783324
-0.23155868754933048,-0.26629894564147283,-0.3029976218162948,-0.33959291751107173,-0.37646732877625916,-0.07807365633153177,0.01881091792070395,-0.0780724138021469,-0.2042035162448883,-0.20183522213686886,-0.003088413699377318
-0.2035532615161435,-0.23305124162775726,-0.26755900363657764,-0.3039964275392607,-0.34033239765762363,-0.07807578656751857,-0.07808651516067142,-0.0780724138021469,-0.1884955614805221,-0.1820669808330564,-0.008383298540479395
-0.18436763053358948,-0.20555196080964386,-0.23473860228087345,-0.26889651784908797,-0.30498667537539187,-0.07807693031773781,-0.07809300599902068,-0.0780724138021469,-0.1727875918149948,-0.16417899278061804,-0.011226188124265457
-0.16576031978071032,-0.18574141514632087,-0.20671175013308918,-0.2356579283898242,-0.2695771541231345,-0.0780755181809007,-0.07808876591007255,-0.0780724138021469,-0.1570796370506286,-0.15116260844654617,-0.007716200508448817
-0.15120323485422452,-0.16579561414660415,-0.18577121168674074,-0.2067353688516018,-0.2356754148469254,-0.07807249355779315,-0.078075822253113,-0.0780724138021469,-0.1413716673851013,-0.141219650998674,-0.00019823952134240264
-0.1425328857936294,-0.15234411321405011,-0.16675877716998727,-0.1865346787205134,-0.20730061262327873,-0.07807499187625552,-0.07808232258851985,-0.0780724138021469,-0.1413716673851013,-0.13645778945525247,-0.006408025027054093
-0.13796219535150817,-0.14383984486753243,-0.1534474864546915,-0.16763338414173098,-0.18718220653975723,-0.07807536717339848,-0.0780862517452725,-0.0780724138021469,-0.1413716673851013,-0.13574246310301682,-0.007340858368271835
-0.13695310949606576,-0.1390139495972349,-0.1447277666958727,-0.15415131231599152,-0.1681544717157145,-0.07807479048005142,-0.07808442837147378,0.0330934599041938,-0.1413716673851013,-0.13684165598538328,-0.005907437432644103
-0.13817533507780527,-0.13811174892698927,-0.13999210703855033,-0.14550311930197737,-0.15472535574166307,0.03309084169490587,-0.078084772528067,0.0330934599041938,-0.1413716673851013,-0.1363812907343091,-0.0065077844686479425
-0.142153489497871,-0.14318995750728744,-0.14234524048085057,-0.1433478538442938,-0.14798759459346206,0.033082128224406364,0.033047639124256935,0.0330934599041938,-0.1570796370506286,-0.13548115350456102,-0.028165865144695018
-0.1407730241040743,-0.1467508247749849,-0.1470711629897788,-0.14542174192997362,-0.14562558582975854,0.03308307117962513,0.03304252071558603,0.0330934599041938,-0.1570796370506286,-0.1372784512714722,-0.025822068811970633
-0.14260776745938325,-0.14540289039669138,-0.15065949389632602,-0.15016943394456203,-0.14771559128127418,0.033082997668397514,0.03304318340573692,0.0330934599041938,-0.1570796370506286,-0.13713833691332014,-0.026004787293484738
-0.13954505385109744,-0.1446986131201008,-0.14716804371970824,-0.1520586717498778,-0.15120533534200725,0.03308873516293055,0.03306498436657002,0.0330934599041938,-0.1413716673851013,-0.1323661846722107,-0.011743750949604947
-0.13598856470469653,-0.14269201203862225,-0.1473553676603657,-0.1492739639627773,-0.15361782001481472,0.033086348636498786,0.033061623115047054,0.0540968850255012,-0.1413716673851013,-0.12781740171720005,-0.0176756677441358
-0.13269515548505523,-0.14022613420839877,-0.1462694926874846,-0.1501911166177669,-0.1513734513869949,0.05408730927351424,0.03304984062449231,0.0540968850255012,-0.1413716673851013,-0.12312002900392775,-0.023801355508010727
-0.1263685501104988,-0.13551732212742584,-0.14260869018585826,-0.1481580649236976,-0.1515893481676039,0.054090507698165424,0.05406299540832007,0.0540968850255012,-0.1256637126207351,-0.11350835682941243,-0.01585139582943161
-0.11890805190718674,-0.13105955836549912,-0.13947760908938725,-0.14574787687215462,-0.15048220682382915,0.05408628462553622,0.054050093166782186,0.0540968850255012,-0.1256637126207351,-0.10545906789725315,-0.02634820622310223
-0.10964064535048634,-0.12254081525206167,-0.13412644388957895,-0.14190862641163157,-0.1475477154237253,0.05408867597057303,0.054054987211370975,0.0540968850255012,-0.1099557429552078,-0.09430906557632064,-0.02040431237111201
-0.0979370424894147,-0.11279246585204136,-0.12520167470065588,-0.13623561795584305,-0.1434701836912525,0.054089762770301864,0.054061522032304285,0.0540968850255012,-0.094247780740261,-0.08067257259641987,-0.017702978131546185
-0.08419632103800048,-0.1009983140593665,-0.11537688123280312,-0.12725025411751936,-0.1377523131174477,0.05408996738620514,0.054063388939941504,0.050772838294506,-0.0785398185253143,-0.06535461374400911,-0.01719438769779027
-0.06907553252732823,-0.0874288851878877,-0.10372733966763659,-0.11754008832823047,-0.1288518155254763,0.05076553358067081,0.05406211781566885,0.050772838294506,-0.0628318563103675,-0.04890887714598065,-0.018156494770574662
-0.053081875208277216,-0.0727008424895349,-0.09048947834738426,-0.10615336924345878,-0.11933623413017988,0.05076464608219099,0.05073430037977303,0.050772838294506,-0.0471238903701305,-0.031509315460609075,-0.020362448606878844
-0.03309911627367316,-0.05446302148236717,-0.07386684674373965,-0.0914137308235613,-0.10683765282415839,0.0507697172804042,0.05075274706679711,0.050772838294506,-0.0157079640775918,-0.009759228057056582,-0.007757549097297176
-0.012908541559419007,-0.035835095884443245,-0.05677281583610238,-0.0756977432805242,-0.09276926134187115,0.05076665572636848,0.05074614594395952,0.050772838294506,-0.0,0.011784139571141418,-0.015367305084132355
0.010371770056780421,-0.014135543631859948,-0.036870967075803396,-0.05759391619672505,-0.0763056567125819,0.050770065604282766,0.05075608471240552,0.050772838294506,0.0314159281551837,0.03670074958397134,-0.006891760125637546
0.03307296826923727,0.00722011948213945,-0.016796259623161898,-0.038980027428282056,-0.05915538928671351,0.050765716423295165,0.050742913129988555,0.050772838294506,0.0471238903701305,0.06069836662164895,-0.017702023695073066
0.05898657898603723,0.0315858454199278,0.0059646466901917,-0.017791430809327102,-0.039716816693369995,0.05076947780223166,0.05075290438592557,-0.0977987274527549,0.0785398185253143,0.08494500632229639,-0.008352792700999145
0.08265735147459446,0.05699916902666141,0.029908015554291005,0.00463468721334892,-0.01877608538852135,-0.09780321845752799,0.050752355631941526,-0.0977987274527549,0.094247780740261,0.10280775547624565,-0.011162778791459993
0.10233456454027087,0.08224626481972283,0.05665211759741077,0.029632919522960946,0.004431015919836775,-0.09779965639653948,-0.09780676010009423,-0.0977987274527549,0.1099557429552078,0.11172633455529556,-0.002308969707434924
0.10941180521331652,0.10032380724874257,0.0805487244504813,0.05530653426525384,0.028636697598334294,-0.09780327121613455,-0.09781697971153812,-0.0977987274527549,0.1099557429552078,0.1186162770007778,-0.011293914847692058
0.11629653441719343,0.107396518895787,0.09862244334271575,0.0792001103289179,0.054308068452208313,-0.09780328145049878,-0.09782063355013582,-0.0977987274527549,0.1099557429552078,0.11863578397163012,-0.011319353240588262
0.11427587091629707,0.1125088412532155,0.10419883706753127,0.09608774817575223,0.07732351239757568,-0.09780728660684294,-0.09783591363443973,-0.0977987274527549,0.094247780740261,0.11056175644434554,-0.021274513957195762
0.10561418368158729,0.10997764586135929,0.10888015340631152,0.10132249788122019,0.09395820919322588,-0.09780844026975395,-0.09784431718575737,-0.0977987274527549,0.0785398185253143,0.09705270647088898,-0.024142042389306714
0.09261554193676366,0.10175937796412145,0.10672330564409331,0.10630054703413576,0.09941264929477203,-0.09780743826292006,-0.09784165064973543,-0.0977987274527549,0.0628318563103675,0.079434892537478,-0.021651468186081158
0.07656045122129607,0.09011835871650645,0.09965118253763253,0.10505220981732342,0.10506332726409619,-0.09780437040614182,-0.09782895229234373,-0.0977987274527549,0.0471238903701305,0.05787950985149813,-0.0140260461904054
0.053868888629085114,0.07307620683507902,0.08717685725990293,0.097319552961548,0.10332595440950713,-0.09780660089532033,-0.09783438828213757,-0.0977987274527549,0.0157079640775918,0.030714955352497866,-0.0195701189657631
0.026141281754344835,0.04989549007683641,0.06972174706315824,0.08451788947376171,0.09535094801369706,-0.09780770625040022,-0.09784083299037512,0.0467969104647636,-0.0157079640775918,0.0014058634257830334,-0.02231757412697573
-0.004064262996052517,0.021389085967151823,0.045883546802883014,0.06654161415038233,0.0821634324474133,0.04678617179765457,-0.09784864793187693,0.0467969104647636,-0.0471238903701305,-0.026655704786718786,-0.02669188110680711
-0.031113886085833063,-0.007937327118231311,0.018119331468307073,0.043291722046540734,0.06462271950792314,0.04678815839558074,0.04675280411569659,0.0467969104647636,-0.0628318563103675,-0.046150179296375105,-0.021754021024731368
-0.04925467716794047,-0.033810931925159764,-0.01021425243847828,0.01631448911226973,0.04195548111473828,0.046790815876336836,0.04676492248598725,0.0467969104647636,-0.0785398185253143,-0.06692337062662312,-0.015148623942836129
-0.07298613958679448,-0.05452173370181541,-0.038257535764917264,-0.013738926207595198,0.013704946319909086,0.0467850083527096,0.04674543850541478,0.0467969104647636,-0.1099557429552078,-0.08727000031299398,-0.02958372362601301
-0.089674216639211,-0.07507481283049537,-0.056285053006574486,-0.03965525985369077,-0.014773751289430101,0.04679219063257064,0.04676701376694717,0.0467969104647636,-0.1099557429552078,-0.10095961706107065,-0.011731549032992117
-0.10415262491045668,-0.09244815590133774,-0.07741665383692793,-0.058141351850427715,-0.04102959733447789,0.04679064211816119,0.046768292261629825,0.0467969104647636,-0.1256637126207351,-0.1137160770104062,-0.015580514839420273
-0.11737234693734679,-0.10732902508912333,-0.09512976623534994,-0.07954227643428555,-0.05971508703602567,0.046789732666194,0.04676327641813932,-0.0615134574472904,-0.1413716673851013,-0.1276905920978952,-0.017841035957546367
-0.13118341911260203,-0.12040675538509778,-0.10989076183304917,-0.09716036905720844,-0.08104566236587366,-0.06152031438325273,0.04676359027019406,-0.0615134574472904,-0.1570796370506286,-0.14401013444052563,-0.01704350433859153
-0.14586852823766996,-0.1327979066934524,-0.12176975322460805,-0.11097116451910156,-0.0979602606860276,-0.061517105749140495,-0.06153422370838226,-0.0615134574472904,-0.1727875918149948,-0.16583383129948423,-0.009068168166095014
-0.16663613459848783,-0.14656553266929634,-0.13338633830835245,-0.12223618323562302,-0.11131649266948235,-0.061515032487313985,-0.06152311066449024,-0.0615134574472904,-0.1884955614805221,-0.18549349323715622,-0.003914897502755893
-0.18474320118447457,-0.16598431516014994,-0.14601524755298878,-0.13295014574771935,-0.12191324181543974,-0.06151198451303496,-0.06150941685508421,-0.0615134574472904,-0.2042035162448883,-0.20701096817410602,0.003661104830341544
-0.207724635910269,-0.18536320309077625,-0.1665077389813083,-0.14643014806561652,-0.1332573232946915,-0.06151485848259637,-0.06151732602708435,-0.0615134574472904,-0.235619455575943,-0.2329490449597703,-0.0034823938049010628
-0.23112177247866786,-0.20613718510619142,-0.18402303049239246,-0.16544542909856638,-0.14564365170330007,-0.06150987024118604,-0.06150118208791675,-0.0615134574472904,-0.2513274252414703,-0.25816473563805814,0.00891630943311189
-0.25727668738057796,-0.23035027674665418,-0.20548586574740627,-0.18350675147542628,-0.16506319452146148,-0.061511714077233035,-0.06150322355953924,-0.0615134574472904,-0.2827433347702026,-0.286066244542191,0.004333296285648547
-0.28540647072744985,-0.2567035060496315,-0.2298663802305124,-0.20510229720411435,-0.1832227710014619,-0.061512162213722216,-0.06150677593736446,-0.0504780188202858,-0.3141592741012573,-0.31662802378669247,0.003219414481931804
-0.31587422817239963,-0.28475160755493745,-0.25615065132352755,-0.22942815082635276,-0.20477784777760424,-0.05047653900802079,-0.061506520358752335,-0.0504780188202858,-0.3455751836299896,-0.3483957452286612,0.0036782007149270823
-0.34735975790325846,-0.3149742097407027,-0.28399178555787,-0.2555483659032892,-0.2289822401746783,-0.050475985023960314,-0.050468785062349406,-0.0504780188202858,-0.3769911229610443,-0.38086759293690453,0.005055175764754838
-0.3792298168760951,-0.3459369329269515,-0.31377301910182137,-0.2830396420143596,-0.2548434327707449,-0.050474803623677914,-0.050463726933261684,-0.0504780188202858,-0.4084070324897766,-0.4145352828758925,0.007991647820093928
-0.41218951729648734,-0.3771919229693486,-0.3442164830300352,-0.3124092761552333,-0.28202997535865854,-0.050473413735552745,-0.05045724651808934,-0.0504780188202858,-0.4398229718208313,-0.4486003859995576,0.011446334347956943
-0.44549603342833305,-0.40949259768745483,-0.3749151042164239,-0.342411725146341,-0.311073097763742,-0.050471924517105096,-0.050450178913473476,-0.0504780188202858,-0.471238911151886,-0.4828548153639945,0.01514791493921852
-0.48215783140043506,-0.4448905256210278,-0.4089814102104171,-0.37450990304349585,-0.34211172864466893,-0.05047665053769271,-0.05046670787433857,-0.0504780188202858,-0.5183627605438232,-0.520970743616728,0.0034009841188343826
-0.5186217997270698,-0.4801171763230263,-0.4431677446627322,-0.4076158195096341,-0.3734988683764674,-0.0504734074960597,-0.05045906964373875,-0.0504780188202858,-0.5497786998748779,-0.55856800669357,0.011461843144802364
-0.5579650288747344,-0.5180979601611316,-0.4796749355742634,-0.4428171952495233,-0.40735628522234185,-0.050476835085656785,-0.05046889445122444,-0.0504780188202858,-0.59690260887146,-0.5991588386085539,0.002942274274714274
-0.5964087536534611,-0.5555758807764664,-0.5160809711580361,-0.4780761360211654,-0.4416335010629088,-0.05047261999682599,-0.050456251813245416,-0.0504780188202858,-0.6283185482025146,-0.6386088495392975,0.013419240250451492
-0.6376814294962525,-0.5956030535138951,-0.5548956850521095,-0.515541802814306,-0.47767695500260476,-0.05047619815759092,-0.05046567863330542,0.0525113269686698,-0.6754423975944519,-0.6789126291925819,0.004525413786820698
-0.676947712285758,-0.6359743995070517,-0.5941619286549262,-0.5537533536973318,-0.5146960614071248,0.05251518439113723,-0.0504614915501154,0.0525113269686698,-0.7068583369255066,-0.7142106869085553,0.009587955454254393
-0.7130008999786775,-0.675896704702347,-0.6350871080329707,-0.5934586024543117,-0.5532326360543053,0.052513701959321014,0.05252423915647867,0.0525113269686698,-0.7382742762565613,-0.7428010717065312,0.005903243619373444
-0.742157272884975,-0.7124415969915681,-0.6754245246917331,-0.6347128267707564,-0.5931814979521347,0.05251259084096392,0.052518520532833686,0.0525113269686698,-0.769690215587616,-0.772099189849233,0.0031414633367674583
-0.7728163844845094,-0.7427803388000064,-0.7129676075388979,-0.6758414756154639,-0.6350215223690053,0.0525099190095393,0.05250722292950267,0.0525113269686698,-0.8011061549186707,-0.7984225473084942,-0.00349960356653245
-0.7977018692771793,-0.7721902923542314,-0.7422517734328737,-0.7125486314951724,-0.6755312806905732,0.052512741766221865,0.05251531299280952,0.0525113269686698,-0.8168140649795532,-0.8195107068033974,0.00351660105173357
-0.8177630464358114,-0.7961835818381298,-0.7709085095002003,-0.7412357471426716,-0.7117964018546091,0.05251475788442199,0.05252582229646584,-0.0662561655044555,-0.8325220346450806,-0.8390614514669168,0.008527836314801251
-0.8391710702278845,-0.8178582782044939,-0.7962639792945775,-0.7709722378681991,-0.7412829293542106,-0.06625638070229412,0.05251393743237951,-0.0662561655044555,-0.8639379739761353,-0.8635278011629528,-0.0005348927445524287
-0.8605284494840827,-0.8365653705943733,-0.8156584700343884,-0.7945202651177187,-0.7696812540608384,-0.06625027733355442,-0.06623393176938047,-0.0662561655044555,-0.8796459436416626,-0.8908689542375368,0.01463555542159456
-0.8890874247114107,-0.8589807380683061,-0.835258747154893,-0.8146227534450057,-0.7937534574816664,-0.06625266809853639,-0.066236943306372,-0.0662561655044555,-0.9110618829727172,-0.9177280318239612,0.008693103345802866
-0.9161582529151128,-0.8877236725524704,-0.8578294184370433,-0.8343461346869465,-0.8139470877113951,-0.06625308379631259,-0.06624091893898892,-0.0662561655044555,-0.942477822303772,-0.9483516401195687,0.007659850754399566
-0.946412694860066,-0.9144737859058996,-0.8863015960239693,-0.8567021860551367,-0.8335115720209507,-0.06625235906817253,-0.06623857157610165,-0.0662561655044555,-0.973893702030182,-0.9811488709873675,0.00946122490563761
-0.9818068698950532,-0.9469843342328964,-0.9149563806557065,-0.8866841327007359,-0.8569854025719151,-0.06625745725361865,-0.06625728392358043,-0.0662561655044555,-1.0210176706314087,-1.0185555623147835,-0.003210753693414947
-1.0175751244630264,-0.9809551103068057,-0.9462652537690183,-0.9143863896827634,-0.8862621317064348,-0.06625424075996164,-0.06625011907326615,-0.0662561655044555,-1.0524334907531738,-1.0561021050328467,0.0047841180538803485
-1.0565512269453619,-1.0179653010505494,-0.9812845088429909,-0.946526356943917,-0.9145797011642655,-0.06625704719718761,-0.06625760225563257,-0.0662561655044555,-1.099557399749756,-1.0978768699144226,-0.002191523150811392
-1.0958096198428469,-1.054755294580435,-1.0164491221945853,-0.9800826847013562,-0.9456365691984616,-0.06625210718685225,-0.06624157466740745,-0.0662561655044555,-1.1309733390808103,-1.138708600544499,0.01008729760033944
-1.1375539719943575,-1.0948065313383741,-1.0539084578003628,-1.0157778630734653,-0.9795857083806898,-0.06625389879786074,-0.06624346525965014,-0.0698929131031036,-1.1780972480773926,-1.1824176512311235,0.005634094279774349
-1.1815249076829533,-1.1367783972084213,-1.09415176832245,-1.0533894491118483,-1.015393607544868,-0.06989116051549625,-0.0662472169738642,-0.0698929131031036,-1.2252211570739746,-1.228561635741781,0.004356207299252235
-1.2274266486014112,-1.1805388827374503,-1.1359459659860542,-1.0934919280039046,-1.05290092686549,-0.06989068495550087,-0.0698826655962937,-0.0698929131031036,-1.2723450660705566,-1.2765919747582868,0.005538252587285353
-1.2749151244903023,-1.2259698777400543,-1.1793090339852876,-1.1349711061170524,-1.0927701765138786,-0.06988962119804859,-0.06987813441018223,-0.0698929131031036,-1.3194688558578491,-1.3257433145876678,0.008182313265794328
-1.3264794198781455,-1.2755546191181368,-1.2265097578893074,-1.1797369788774152,-1.135287941257531,-0.06989435818664684,-0.06989513064810732,-0.0698929131031036,-1.3823007345199585,-1.3795463667901218,-0.003591879488761718
-1.378485797913259,-1.3255580461182015,-1.2747767683256745,-1.2258931816474652,-1.1792804878109404,-0.06989083104955739,-0.06988642025801556,-0.0698929131031036,-1.4294246435165403,-1.433393093040662,0.0051751232391632485
-1.4338126027906228,-1.3788502488075733,-1.3258657262685167,-1.2750206560643118,-1.2260737474337466,-0.06989373666278145,-0.06989397091018121,-0.0698929131031036,-1.49225652217865,-1.4906867954933622,-0.002047028442415
-1.4918459516329867,-1.4348196246578748,-1.379700406248042,-1.326539617565791,-1.2755195811543572,-0.06989518869802606,-0.06990241247715767,-0.0698929131031036,-1.5550884008407593,-1.5507510562976288,-0.005656186983096667
-1.5520676254199424,-1.4929897267040038,-1.4357852331699332,-1.3804658117386903,-1.3271062965018263,-0.06989549772298992,-0.06990504268484302,-0.0698929131031036,-1.617920160293579,-1.6129938059370637,-0.006424295120750267
-1.6143410518364516,-1.5532380510725976,-1.4939778344199122,-1.436568473025075,-1.3810456946023424,-0.06989555794603991,-0.0699055813130626,-0.0002392679452896,-1.6807520389556885,-1.6757108978615662,-0.006573984693397206
-1.6773825198221972,-1.6157932805833741,-1.5544640652383352,-1.4949496547408285,-1.4372879741420683,-0.0002425495864040914,-0.06990806935959488,-0.0002392679452896,-1.743583917617798,-1.7373290222320306,-0.008156801358480514
-1.7400501092684828,-1.679746475854291,-1.6177890017042167,-1.5560460064542836,-1.496120867615673,-0.0002446098415467904,-0.0002629158211353607,-0.0002392679452896,-1.8064157962799072,-1.796233999707821,-0.013277742790062996
-1.7994981998660422,-1.7428858971542132,-1.6821405312855033,-1.6196866891718429,-1.5574509865964707,-0.0002456760529224439,-0.00026904105809429763,-0.0002392679452896,-1.8692476749420168,-1.8570336510845107,-0.015927902906278435
-1.8610888941327053,-1.8030212096547642,-1.7458601255023016,-1.684498102371135,-1.621432150748427,-0.0002472289870978734,-0.00027602790521731065,-0.0002392679452896,-1.9320794343948364,-1.9169054766294447,-0.019787854421341455
-1.9186037686833988,-1.862564292637575,-1.8042667844107463,-1.746847450847238,-1.6852290828551073,-0.00024260194374135888,-0.0002599400155029669,-0.0002392679452896,-1.9792033433914185,-1.9728486535260423,-0.008286940025339584
-1.9761622151560538,-1.9214824395594297,-1.8649945511488388,-1.8061931688460398,-1.748273677201144,-0.000245772956791329,-0.0002674026109193284,-0.0002392679452896,-2.0420353412628174,-2.0296366160497374,-0.016168765810474106
-2.0341500812790323,-1.980083307429658,-1.9247927408344805,-1.867618515975146,-1.808135858850401,-0.0002481285450030011,-0.0002795544165828855,-0.0441344380378723,-2.104866981506348,-2.0879784424099364,-0.02202378299688723
-2.0932128092577047,-2.0386974599252174,-1.9839223380568993,-1.92783581168997,-1.8698714971409958,-0.04414471387407242,-0.00028730566152412846,-0.0441344380378723,-2.167698860168457,-2.1481128426270515,-0.0255414750584797
-2.153259824915225,-2.0976842721929994,-2.0424724002793866,-1.986914606701872,-1.9300511807104204,-0.044144542325259176,-0.04418323695254597,-0.0441344380378723,-2.2305307388305664,-2.211271697897191,-0.025115075722265345
-2.213174272044035,-2.1549126943643406,-2.0990796731331236,-2.0435784878168195,-1.987733514478903,-0.04413817307228241,-0.0441587823224181,-0.0441344380378723,-2.2776546478271484,-2.2705355727417276,-0.009283749406909347
-2.2729075073885783,-2.2152349004403487,-2.15665233738515,-2.100458629825476,-2.044599418187464,-0.044139094496354725,-0.044155926042745264,-0.0441344380378723,-2.340486526489258,-2.331611192575645,-0.011574028222479882
-2.3341218584554984,-2.275088659138502,-2.217076292816513,-2.1581119473798354,-2.101539273025611,-0.04413936684628121,-0.044157885813925934,-0.0441344380378723,-2.403318405151367,-2.393923965022589,-0.01225097739907044
-2.3963797478217366,-2.336255330293697,-2.276889798732644,-2.2185039957805657,-2.159168967752081,-0.04413925910267747,-0.04415774738621486,-0.0441344380378723,-2.466150283813477,-2.4569612058636774,-0.01198317140118288
-2.4592354055204106,-2.398355468526257,-2.337923291747026,-2.2782119358499386,-2.2194828589636435,-0.044138902628115706,-0.04415628056631106,-0.0441344380378723,-2.528982162475586,-2.5204725345368346,-0.0110971232051158
-2.5222302534532086,-2.460762431366855,-2.399644628600492,-2.3389451657123255,-2.278968494900655,-0.04413788870004326,-0.04415205844252477,-0.0821695402264595,-2.5918140411376958,-2.585236987115653,-0.008576917737725509
-2.586092153784354,-2.5229731831639604,-2.461389634451396,-2.4001417914554835,-2.3393132473646587,-0.08217121904509544,-0.04414428927631142,-0.0821695402264595,-2.6546456813812256,-2.651445808338101,-0.004172848173372046
-2.654063839090751,-2.5883665792279453,-2.524893319932129,-2.4629116624853236,-2.401268646746463,-0.08217467980799123,-0.08219081394526875,-0.0821695402264595,-2.7331855297088623,-2.7233893503930764,-0.01277487213179418
-2.7238939757189073,-2.6545022345066145,-2.5887366855153893,-2.5251866907765192,-2.4631288637988678,-0.08217053088060002,-0.08217845672423814,-0.0821695402264595,-2.796017408370972,-2.7941291951885536,-0.0024623561069452293
-2.7957004233861036,-2.725258986953622,-2.65565461708663,-2.5896501405471715,-2.5258629803143537,-0.08217262477977046,-0.0821822908874866,-0.0821695402264595,-2.8745572566986084,-2.86867801591672,-0.007666922664393283
-2.8705765735408284,-2.7973498034638684,-2.7266514420639556,-2.6567583695635615,-2.5904673195286603,-0.0821732673758415,-0.08218683471488294,-0.0821695402264595,-2.953097105026245,-2.9459930590144494,-0.009264150491081757
-2.9452105069313173,-2.8698967280626917,-2.796775857941529,-2.726196494692795,-2.656421542750335,-0.08216800396099355,-0.08216741029034552,0.0830568894743919,-3.0159289836883545,-3.018857146591922,0.0038185200033904465
-3.0205250692343926,-2.946659521879724,-2.8711200290453203,-2.797745527613168,-2.726914403545741,0.08305361509558602,-0.08218048768664991,0.0830568894743919,-3.094468832015991,-3.088227778783915,-0.008138750265526351
-3.0909070373141843,-3.0228526865723615,-2.9486245648075777,-2.8726776526863267,-2.7988987366225277,0.0830516296936781,0.08303356193028766,0.0830568894743919,-3.1573007106781006,-3.14727542851925,-0.013073637541332506
-3.1474218396282603,-3.0910342325930102,-3.0229600685629645,-2.94870968291101,-2.8727406710953654,0.08305660204773307,0.08305053386580732,0.0830568894743919,-3.2044246196746826,-3.203876776806054,-0.0007144236920786362
-3.2067900315934743,-3.1499527422181046,-3.0931708949017733,-3.0246537291328184,-2.949963608812321,0.08305117032442107,0.0830347975151923,0.0830568894743919,-3.267256259918213,-3.2563554077180408,-0.014215439356075166
-3.259334191456582,-3.2093778627406206,-3.1521374652871543,-3.0949026516248286,-3.025935860067706,0.08305104168139935,0.08302887533421306,0.0830568894743919,-3.314380168914795,-3.303234119688231,-0.01453519265563008
-3.303926713158209,-3.25993588500376,-3.2098858301072193,-3.152540113986508,-3.09520075836607,0.08305552981098699,0.08304585789969962,0.0830568894743919,-3.3457961082458496,-3.3432045535752333,-0.0033795603849684497
-3.3430600802634465,-3.303801201349031,-3.259829924247684,-3.2098018385687426,-3.1524779296459964,0.08305717309686819,0.08305661113523015,0.0830568894743919,-3.3772120475769043,-3.37775263957231,0.0007049680690980331
-3.378148765754203,-3.3434042165827234,-3.304091731338382,-3.26006021762877,-3.2099723395773765,0.0830561118201162,0.08305420825278362,0.0830568894743919,-3.408627986907959,-3.4071457571421027,-0.001932926615403563
-3.408859569659258,-3.379637647728037,-3.3446611744792674,-3.305088079717165,-3.260797878445301,0.08305352500697565,0.0830432846273281,0.0830568894743919,-3.4400439262390137,-3.43363116171564,-0.008362673258275777
-3.4335347643688072,-3.4087758240508044,-3.3795669472254475,-3.344605132561453,-3.305046588279295,0.08305707871663934,0.08305424650208652,-0.0320045948028564,-3.455751895904541,-3.4561125966694926,0.0004703778893313526
-3.454452860133567,-3.432092861135567,-3.407558526987018,-3.3786020366589633,-3.3438907471802857,-0.032001336494588264,0.08306950117260267,-0.0320045948028564,-3.4714598655700684,-3.477670287929099,0.00809880556118614
-3.47380699917759,-3.4510966114632717,-3.429259417422075,-3.405312551160721,-3.37693919623365,-0.031997010595719445,-0.03197242134248402,-0.0320045948028564,-3.487167835235596,-3.5016235360787324,0.01885119942108071
-3.5000212872038987,-3.472415038596455,-3.4499214774534015,-3.4283279280947028,-3.404622909673414,-0.03200144935136848,-0.0319850184116233,-0.0320045948028564,-3.5185837745666504,-3.524579088896133,0.007818290323210242
-3.521117311399354,-3.497013853158001,-3.4698760744349166,-3.4479089256940365,-3.4268379065262047,-0.03199779882168948,-0.03197553934843864,-0.0320045948028564,-3.5342917442321777,-3.547245065378414,0.016891995949744665
-3.542172003458479,-3.5167100671009686,-3.4932931280634607,-3.466926780408414,-3.445725373548914,-0.031994635632084,-0.031959829007242695,-0.0320045948028564,-3.549999713897705,-3.5689821586980437,0.024754375890445157
-3.565925323325031,-3.539516364619167,-3.514468098786418,-3.49151599495373,-3.4656110544146506,-0.031998593782962804,-0.03197175645699418,-0.0320045948028564,-3.58141565322876,-3.5928537570106025,0.01491605130254925
-3.5881147058499425,-3.5618082523061454,-3.536040612330694,-3.511712986489345,-3.4894762080378556,-0.031995291344599226,-0.031963123903812105,-0.0320045948028564,-3.597123622894287,-3.6148562621726907,0.02312454601313796
-3.611890506009848,-3.585538192465052,-3.559633084024439,-3.5343164293671934,-3.5104364628960023,-0.03199877258492151,-0.031973093860520614,-0.0320045948028564,-3.628539562225342,-3.6396368647106905,0.014471623649204624
-3.634774009370188,-3.607665879578799,-3.581971638738312,-3.556805996471824,-3.5322233545382717,-0.03199504829868557,-0.031962376081611565,-0.0320045948028564,-3.644247531890869,-3.6624434231553504,0.02372865754439779
-3.6560439412513777,-3.6292144320224176,-3.602972321075481,-3.5782512122877823,-3.5540515253733767,-0.03199203167349933,-0.03194715076771032,-0.0454222708940506,-3.659955501556397,-3.683901160787477,0.03122673900993478
-3.6793975880158407,-3.6521314430927876,-3.625911386151704,-3.600354107364918,-3.576312780204472,-0.04541342971469452,-0.031958324254748004,-0.0454222708940506,-3.691371440887451,-3.708222964265465,0.021975512027752053
-3.7048976520045356,-3.676508708728808,-3.6496925663410957,-3.623978170326193,-3.5989228232932566,-0.04541574281432265,-0.045388541098801825,-0.0454222708940506,-3.722787380218506,-3.7352300740852877,0.016226103871644693
-3.729505518870143,-3.6999244201120565,-3.6723101602820853,-3.6463645177647384,-3.621514201816212,-0.04541103274559441,-0.045372896836343296,-0.0454222708940506,-3.738495349884033,-3.759915560221101,0.027933384972978814
-3.7554013656381335,-3.725583792967408,-3.696613583908681,-3.6696857714360314,-3.6444215138312743,-0.04541340886250808,-0.04537724582688592,-0.0454222708940506,-3.769911289215088,-3.786802557415944,0.022027341931364575
-3.78304593727602,-3.7521377857815934,-3.72282858298853,-3.694429621340635,-3.668068843416149,-0.045414896093172744,-0.045385292081772666,-0.0454222708940506,-3.801327228546143,-3.8153837954809418,0.01833070214575372
-3.812048642857819,-3.780148509132132,-3.749691691833831,-3.7208896463336867,-3.6929941017709025,-0.04541572349623643,-0.04538993382615328,-0.0454222708940506,-3.832742929458618,-3.8452224441123524,0.01627412063715772
-3.842039727440256,-3.8092836441000952,-3.7778142159621337,-3.74784137590684,-3.7195197383912335,-0.0454160227505511,-0.04539190215059085,-0.0454222708940506,-3.864158868789673,-3.876067996747641,0.015530298288746636
-3.872807266523763,-3.839206954074867,-3.8068921336155035,-3.7759185457883615,-3.7464378892970993,-0.04541586959841202,-0.04539161750505722,-0.0454222708940506,-3.895574808120728,-3.9077758481356994,0.01591097110839934
-3.9047584226666876,-3.870185865207558,-3.8369938900830123,-3.805137911993212,-3.7746197826430277,-0.045416347241626645,-0.045393285390497036,0.0613163039088249,-3.9269907474517822,-3.938281386775458,0.01472374779968888
-3.9363359167377885,-3.903068287228461,-3.8687590032247803,-3.835862864431957,-3.804300540925981,0.06132012315421231,-0.04540178618609294,0.0613163039088249,-3.958406686782837,-3.96568627023433,0.009493063036904559
-3.962965034964123,-3.9339718319269843,-3.9010724573888487,-3.867176975831108,-3.8346915877541985,0.061321646096086875,0.06134049049841321,0.0613163039088249,-3.974114656448364,-3.984297007683318,0.013278466107488729
-3.9810265638985003,-3.960123822901011,-3.9315731972458976,-3.8991711401033893,-3.8657693083012123,0.06132272427362009,0.06134612404365149,0.0613163039088249,-3.989822626113892,-4.002060012449343,0.015958369137941464
-3.9994150242097177,-3.978728719022494,-3.9581839147600784,-3.930035497107714,-3.898032681745181,0.06132149641189014,0.061342520939668625,0.0613163039088249,-4.005530834197998,-4.01542788336646,0.012906413156954955
-4.014128793225206,-3.9982864340784534,-3.977775930082615,-3.9574286709144566,-3.92947634149136,0.06131885421488654,0.0613312195756109,0.0613163039088249,-4.021238803863525,-4.026099755156101,0.0063390051569856
-4.0232593004436525,-4.011661136012691,-3.996203165374994,-3.9761245928333975,-3.956206079690778,0.06132188014148261,0.061340113868342046,0.0613163039088249,-4.021238803863525,-4.031867251857632,0.013860206077009884
-4.031151659474353,-4.022637626491915,-4.011136300601661,-3.995787145942406,-3.97581658687798,0.06131770872249778,0.0613272360607364,-0.0704009085893631,-4.036946773529053,-4.039624385813214,0.003491785260972158
-4.0367829788477705,-4.028683174987965,-4.0205536593795514,-4.009484409747123,-3.994564144849086,-0.07039533048729193,0.06133897550318141,-0.0704009085893631,-4.036946773529053,-4.047578784675001,0.013864852665000704
-4.044729359270859,-4.034307528308377,-4.026593326929033,-4.018897106895857,-4.0082579573497785,-0.07039531474591097,-0.07037400369184123,-0.0704009085893631,-4.05265474319458,-4.063316757831988,0.013903979221847607
-4.060862166316156,-4.042596922365149,-4.032507262434642,-4.025166316533851,-4.017840599276911,-0.07039608986322325,-0.0703769431222506,-0.0704009085893631,-4.068362712860107,-4.0775473332515055,0.011977358447298414
-4.074586623023514,-4.058290036608806,-4.040425454912788,-4.030786012994475,-4.0238919648165945,-0.07039509627734453,-0.07037393014592397,-0.0704009085893631,-4.084070682525635,-4.09514910407058,0.014447001641826773
-4.091177081475566,-4.0711359113603764,-4.055376844462013,-4.038116265177379,-4.02907637124464,-0.07039311092161138,-0.07036536729644673,-0.0704009085893631,-4.099778175354004,-4.1146407378153995,0.019381774146289388
-4.109497605420444,-4.086708963151514,-4.067363794625263,-4.05238681400519,-4.035902553231636,-0.07039081185988594,-0.07035461665802978,-0.0704009085893631,-4.115486145019531,-4.134730780375635,0.025096289887330592
-4.131582967997206,-4.106762929917529,-4.084400269763937,-4.065533770787436,-4.051031929602074,-0.07039472896815385,-0.07036725175874611,-0.0704009085893631,-4.146902084350586,-4.1586806069979305,0.015359980240337912
-4.156464970343261,-4.129658124151871,-4.105137920203174,-4.083112179049956,-4.064580114347504,-0.07039655896695327,-0.07037814582487922,-0.0704009085893631,-4.178318023681641,-4.1866085198669145,0.010811360762388311
-4.182119316396337,-4.152564955576587,-4.126365617127298,-4.10252806028258,-4.081179931814898,-0.07039209561906998,-0.07036295909660241,0.0780622735619545,-4.194025993347168,-4.210823749499692,0.021905395974506803
-4.208890364849161,-4.180439680190014,-4.151146957353785,-4.125241617481574,-4.1016958910191965,0.07806606908193972,-0.07037762501776577,0.0780622735619545,-4.225441932678223,-4.2326762948811165,0.009434091508324194
-4.231536569302935,-4.207900223365488,-4.179603773665206,-4.1504843622795216,-4.124751055712298,0.0780645110118114,0.07807459946643075,0.0780622735619545,-4.24114990234375,-4.245414541375725,0.005561374140420128
-4.244713584263349,-4.230927609805557,-4.207386121870301,-4.179196262647798,-4.15018265565135,0.07806364964442628,0.07806975739198814,0.0780622735619545,-4.256857872009277,-4.259480721858754,0.0034203713884624065
-4.257112873463038,-4.242656505815232,-4.229190963755292,-4.2060095407760105,-4.17817709108526,0.07806692199852165,0.07808137203095386,0.0780622735619545,-4.256857872009277,-4.265717915938687,0.011554089061835526
-4.266303632807959,-4.25762171750502,-4.243086086902194,-4.229531478279069,-4.206261645588945,0.0780611237131221,0.07806253814490512,0.0780622735619545,-4.272565841674805,-4.270374199168754,-0.0028580482115430073
-4.270219817173021,-4.26616951278711,-4.257508489443795,-4.242996334814598,-4.229465029033373,0.07806257663664272,0.07806227919985267,-0.0310678109526634,-4.272565841674805,-4.27314351010433,0.0007533182155876617
-4.272030863972927,-4.269253201074866,-4.265353467083788,-4.256861637376789,-4.242517428606606,-0.031065626663765143,0.07807090434243875,-0.0310678109526634,-4.272565841674805,-4.276729154503429,0.005429238003494596
-4.273960281244847,-4.26962539345543,-4.267222432206005,-4.263743744693136,-4.255669856310686,-0.03106237524498536,-0.031044902768509314,-0.0310678109526634,-4.272565841674805,-4.282926445314127,0.01351091914857605
-4.279407803986527,-4.270903446502068,-4.267044723774494,-4.2651768218798,-4.262229247740398,-0.031060903339387345,-0.031036039639305336,-0.0310678109526634,-4.272565841674805,-4.285731936594892,0.017169467162381657
-4.281212464046517,-4.27548149282871,-4.267588739291666,-4.264417266510965,-4.263231546199437,-0.03105893855969426,-0.031027076917244767,-0.0310678109526634,-4.272565841674805,-4.289476859030823,0.022053096148776596
-4.287192670296129,-4.279228065287681,-4.27380620510702,-4.266260794887091,-4.263434103819434,-0.031063326752382735,-0.031041842331856598,-0.0310678109526634,-4.288273811340332,-4.296820816532503,0.011145865640068031
-4.292911217738851,-4.2837961895781245,-4.276360656497742,-4.271533306303472,-4.2645780216493145,-0.031060135832065218,-0.031034064988363447,-0.0310678109526634,-4.288273811340332,-4.302902795662473,0.019077172651608798
-4.2976533816984155,-4.288350766845861,-4.279946122976147,-4.273308837795116,-4.2692738485434925,-0.03105750557674878,-0.031020846093971065,-0.0310678109526634,-4.288273811340332,-4.307916132364504,0.025614898560614385
-4.3045511864830575,-4.294730070533594,-4.2858828216915414,-4.277989865602537,-4.271860494582749,-0.031061205066277207,-0.03103232031925371,-0.0536586865782737,-4.303981781005859,-4.316572776435993,0.01641949901557549
-4.311104912392938,-4.299800956147132,-4.290719786551334,-4.282704004043655,-4.275636382351419,-0.05364795235254878,-0.03102028031778967,-0.0536586865782737,-4.303981781005859,-4.324441501192828,0.026680841664426858
-4.320106456837799,-4.307338824018997,-4.296621513717242,-4.288199549143887,-4.280838110121993,-0.053650176245122035,-0.05361550630076056,-0.0536586865782737,-4.319689750671387,-4.335910672370174,0.02115316531904643
-4.332258111282435,-4.316933278729094,-4.304659933851091,-4.29449804730435,-4.286627410320392,-0.05365151606070393,-0.05362283830425993,-0.0536586865782737,-4.335397720336914,-4.349064917844479,0.017822938405974043
-4.345544928971972,-4.329200105854238,-4.3143516207211405,-4.3026135401111985,-4.292982970340048,-0.05365177631956771,-0.053625170369195875,-0.0536586865782737,-4.351105690002441,-4.364276827182457,0.017176042606108055
-4.360516073394261,-4.342277757990768,-4.326441864142435,-4.312165255000058,-4.3009948328824885,-0.05365130366243299,-0.053623628600148646,-0.0536586865782737,-4.366813659667969,-4.380885693938153,0.018350872584186995
-4.37662568524107,-4.356815172569945,-4.339153348805082,-4.323965249742404,-4.310331657997781,-0.053650323551215136,-0.05361941922216342,-0.0536586865782737,-4.382521629333496,-4.398461781694653,0.020787023349701172
-4.393536349783189,-4.372346695145644,-4.353202723440866,-4.336289881505906,-4.321845240646187,-0.053649017227040005,-0.05361345868760808,-0.0536586865782737,-4.398229598999023,-4.416659640037905,0.024034004489488225
-4.4139918015465485,-4.3912186536530005,-4.370390027992822,-4.351651738995888,-4.335141587920576,-0.05365344921678512,-0.053629049536109065,-0.0898542702198028,-4.429645538330078,-4.439628088848413,0.013017912627976358
-4.434798727509408,-4.409796273172937,-4.387676665361072,-4.367582412636703,-4.349573080687004,-0.08984478946931013,-0.053617303402515054,-0.0898542702198028,-4.4453535079956055,-4.463424070997864,0.023565221119565827
-4.459280328355869,-4.431198833319048,-4.406757136754593,-4.385267643824517,-4.365798858980634,-0.08984613544020424,-0.08981377523338813,-0.0898542702198028,-4.47676944732666,-4.492274553948636,0.020219694648340614
-4.491528689906533,-4.458632355770711,-4.430651795829191,-4.406323518478556,-4.384946608312866,-0.08985280597838696,-0.08984055294984081,-0.0898542702198028,-4.523893356323242,-4.526684239468612,0.0036394980295471058
-4.524566685199545,-4.48968905555431,-4.457079282413375,-4.429420726653391,-4.405412078752487,-0.08985011314762069,-0.08983695694205615,-0.0898542702198028,-4.555309295654297,-4.563232785976052,0.010332760603397162
-4.562628612935611,-4.524041807279711,-4.489245938196688,-4.456728038141716,-4.429160677917676,-0.08985308413877702,-0.08984559115703564,-0.0898542702198028,-4.602433204650879,-4.604693906682716,0.0029481064457721473
-4.604623554651031,-4.562567494306386,-4.523990209137628,-4.489205038079544,-4.456697757153207,-0.08985413210836068,-0.08985255758230458,-0.0898542702198028,-4.649557113647461,-4.649820357735378,0.0003432878731759459
-4.649540309826164,-4.604380261828937,-4.562362099359521,-4.523827399450142,-4.489084499591634,-0.08985372044434246,-0.08985203606314837,-0.0898542702198028,-4.696681022644043,-4.69772890931722,0.0013665142120142804
-4.697378286211961,-4.64923570449985,-4.604123105065024,-4.562158259815234,-4.5236764839191075,-0.08985358189479571,-0.08985109617236282,0.0811360999941825,-4.743804931640625,-4.745116897440835,0.00171089103197275
-4.745818966637113,-4.697988211836999,-4.649750621628385,-4.604531262607639,-4.562460445107619,0.08113472172852557,-0.08985883659847019,0.0811360999941825,-4.790928840637207,-4.788301829578658,-0.003425797883027215
-4.788898269008021,-4.746337125949157,-4.698425657148574,-4.650097369859326,-4.604787982635105,0.08113492909537895,0.08113025762088819,0.0811360999941825,-4.822344779968262,-4.820113015656429,-0.002910369726084383
-4.820375791194408,-4.7891265563835335,-4.7465298528572495,-4.698578425306485,-4.650210473956752,0.0811355841269412,0.08113296232687195,0.0811360999941825,-4.853760719299316,-4.852777462594925,-0.0012822324159671439
-4.854130328187809,-4.821551098979888,-4.79011878573938,-4.747316359798171,-4.6991607270039655,0.0811334441189568,0.08112545847573804,0.0811360999941825,-4.885176658630371,-4.880114489698768,-0.006601406397960474
-4.88337774867956,-4.8569652984216125,-4.823944464125326,-4.792015926040618,-4.748720934837873,0.08112969373422013,0.08110901994674127,0.0811360999941825,-4.916592597961426,-4.904382095813069,-0.01592331036232686
-4.906616908744645,-4.885319251997694,-4.858604372552257,-4.82524370323052,-4.792977836351926,0.08113171272590523,0.0811129670642771,0.0811360999941825,-4.932300567626953,-4.923938317415487,-0.01090493280511673
-4.922893480213572,-4.905709201944776,-4.884552939254378,-4.857996942135102,-4.824793983406566,0.08113815116412433,0.0811395329093191,0.0811360999941825,-4.932300567626953,-4.9362101521784,0.0050983593830977725
-4.936951035004001,-4.923537125345534,-4.906252586071529,-4.884983661631981,-4.858315833626801,0.0811346455316313,0.08113260595614957,0.0811360999941825,-4.9480085372924805,-4.945236292923605,-0.003615191820080632
-4.94488603974293,-4.9366467510512555,-4.923280239894627,-4.906048961587967,-4.884832905324239,0.08113678759297294,0.0811372670348752,0.0811360999941825,-4.9480085372924805,-4.9493191189043815,0.001709085957966039
-4.948474146432144,-4.944151966284073,-4.936027024674706,-4.9227890035753665,-4.905685267731388,0.08113775880010322,0.08114311186980809,-0.0295983552932739,-4.9480085372924805,-4.951170265567279,0.004123104847717052
-4.949709075857737,-4.947204731605778,-4.943080289000023,-4.935177542024986,-4.922160076908384,-0.029595486761787814,0.08114869521346038,-0.0295983552932739,-4.9480085372924805,-4.9534760347214375,0.007129981831110577
-4.950484231816181,-4.947109934253675,-4.945010459916768,-4.94134096340609,-4.933889807367956,-0.029592481941731762,-0.02957309432838826,-0.0295983552932739,-4.9480085372924805,-4.9592033017954265,0.014598720629809492
-4.955634836198727,-4.947384112025953,-4.944492722064233,-4.942935883569341,-4.9398050210439735,-0.029591349867589403,-0.02956577342157079,-0.0295983552932739,-4.9480085372924805,-4.961361065268746,0.017412588319829503
-4.956959867882509,-4.951811277095231,-4.944156151118036,-4.941934025686079,-4.941041515996956,-0.029589715091939018,-0.029558408687147188,-0.0295983552932739,-4.9480085372924805,-4.964476991208119,0.021475963862934044
-4.959204191789311,-4.95237910077542,-4.947944058948545,-4.94109073696101,-4.9396645023363845,-0.029588004008253278,-0.02955025032318457,-0.0295983552932739,-4.9480085372924805,-4.967738362295688,0.025729009593823626
-4.964977417185354,-4.956805608884604,-4.950354146631591,-4.94633894569546,-4.939902368336029,-0.029592935149723318,-0.029567339451977072,-0.0295983552932739,-4.963716506958008,-4.974047444955776,0.013472233170570114
-4.969900849709635,-4.961375044782909,-4.953764380286824,-4.947943466694547,-4.944554164218796,-0.02959021491359155,-0.029561899563214266,-0.0295983552932739,-4.963716506958008,-4.979232287488878,0.020233614138465583
-4.973784796007723,-4.965168318124227,-4.957379702605716,-4.950597406506815,-4.945598752220933,-0.029587661061900767,-0.02954944264548122,-0.0295983552932739,-4.963716506958008,-4.984099996845048,0.026581432261765237
-4.980830258559594,-4.97094419685021,-4.96277020087605,-4.955478795471975,-4.949190042638628,-0.0295919363134783,-0.02956318839471325,-0.0295983552932739,-4.979424476623535,-4.991659223112887,0.015954926602302244
-4.986873493461829,-4.9766726354019974,-4.967434209255064,-4.959987951399287,-4.953418917155788,-0.029588960198237087,-0.02955611706472655,0.0085027292370796,-4.979424476623535,-4.997331778045106,0.023352317113816135
-4.9916433534794535,-4.9819316502260405,-4.972500586181259,-4.964127165726626,-4.957539534277886,0.008513896455727697,-0.029546384643540306,0.0085027292370796,-4.979424476623535,-5.000709492856838,0.02775708283181988
-4.994899175466592,-4.986595615329571,-4.97767020140828,-4.96912267858983,-4.961626283379525,0.008514135749368346,0.008557384328863575,0.0085027292370796,-4.979424476623535,-5.001165592910598,0.028351867765646688
-4.998503318869079,-4.992586313476061,-4.984643029299446,-4.976122451932424,-4.967976780060301,0.008507955674730248,0.00853406179264524,0.0085027292370796,-4.995132446289063,-5.005094175681314,0.012990760488881925
-5.001896627506471,-4.995725435179741,-4.990241142468314,-4.982784090875205,-4.974746160200428,0.008509006497012323,0.008531888028168781,0.0085027292370796,-4.995132446289063,-5.007097070944416,0.015602669688856707
-5.003724887024017,-4.9989670282642695,-4.993252181445793,-4.988280677161629,-4.981332632259216,0.008509349332806644,0.008534245928298352,0.0085027292370796,-4.995132446289063,-5.00775052510139,0.0164548175549033
-5.004422190172012,-5.000833381780808,-4.9965259346032385,-4.991317208350582,-4.986848092070134,0.008509263250752715,0.008534260572148828,0.0085027292370796,-4.995132446289063,-5.007586450413412,0.016240853202942773
-5.004851289233631,-5.002046007167546,-4.9988273382907344,-4.9949358111913105,-4.990139937669556,0.00850809876296148,0.008529734824748341,0.0980455204844474,-4.995132446289063,-5.005366905661853,0.013346418599621934
-5.00418522487272,-5.003824698980523,-5.001179329520938,-4.998140351979976,-4.994427191020162,0.09804784029858789,0.008516943165219297,0.0980455204844474,-4.995132446289063,-4.999554073839713,0.005766097654311686
-4.99798431631323,-5.002821491289801,-5.002673395031683,-5.000266729483922,-4.997464695449783,0.09804860215061356,0.09805958929809701,0.0980455204844474,-4.979424476623535,-4.985298214430538,0.007659746417589375
-4.983743841189845,-4.996633947894566,-5.001681470605211,-5.0017697388599105,-4.999597694672677,0.09804857194898546,0.09806023600497246,0.0980455204844474,-4.963716506958008,-4.969532679657307,0.0075846776722698905
-4.96913070330544,-4.983394622510316,-4.996339127227401,-5.001447776147689,-5.001596719815542,0.0980463096234719,0.09805158057922363,0.0980455204844474,-4.9480085372924805,-4.949512657295508,0.001961472946760523
-4.947739686686055,-4.967590427485228,-4.982094276419023,-4.9953083864814465,-5.000684652448706,0.09804900108794734,0.09805957959062842,0.0980455204844474,-4.916592597961426,-4.923226720954154,0.0086513394872334
-4.920922576545265,-4.945737951349684,-4.96590050371554,-4.980754730509947,-4.994316634449615,0.09805004386066762,0.09806624667592653,0.0271202847361564,-4.885176658630371,-4.893798334206984,0.011243240808745725
-4.891209676890096,-4.918673669399957,-4.943839357878498,-4.9643955523307834,-4.979640518161174,0.02712536665328988,0.09806941891256721,0.0271202847361564,-4.853760719299316,-4.8634469887358724,0.012631542308204402
-4.8603897541130205,-4.888553691200774,-4.916431408264439,-4.942061992659405,-4.963079654491524,0.02712628653983647,0.02714824881660309,0.0271202847361564,-4.822344779968262,-4.833784377668009,0.014917999471279586
-4.831038977760094,-4.858004676169579,-4.886540138341939,-4.914835332427683,-4.94088031501526,0.027125674362175754,0.027146834746566643,0.0271202847361564,-4.790928840637207,-4.801201611407475,0.013396379220818488
-4.801935818178313,-4.8316768230408496,-4.85854316389158,-4.886966979503672,-4.915151350405529,0.027118843379687976,0.027120179121767837,0.0271202847361564,-4.77522087097168,-4.772473607145727,-0.003582615523617605
-4.772699743735051,-4.802132275310057,-4.831842677922175,-4.858674631494892,-4.887064313429908,0.027119840796589627,0.027117150838876974,0.0271202847361564,-4.743804931640625,-4.742958770999986,-0.0011034499919455598
-4.742739111172047,-4.772508913317534,-4.80197117066616,-4.831714975672798,-4.858580085302461,0.027120715960882773,0.02712148486146404,-0.0201806649565696,-4.71238899230957,-4.71321091812568,0.0010718461620751185
-4.712326163916605,-4.741970477158712,-4.7718600099057165,-4.801456806689349,-4.831334158923147,-0.02017892805321639,0.027127337987910984,-0.0201806649565696,-4.680973052978516,-4.684283637040113,0.004317222736042403
-4.685361226416405,-4.7132623243084195,-4.7427608112601405,-4.77248648124801,-4.8019206237354055,-0.02018278042387325,-0.0201869933733945,-0.0201806649565696,-4.665265083312988,-4.661232946277067,-0.00525817600835321
-4.660603881070862,-4.684814723320815,-4.712800950342209,-4.742395095586998,-4.77221571840259,-0.020179430008541277,-0.020178072125506003,-0.0201806649565696,-4.633849143981934,-4.636202987822417,0.003069569585349541
-4.63707110369403,-4.661358060457175,-4.685451423711911,-4.713305641393663,-4.742768750847587,-0.02018236919640583,-0.020185927504350255,-0.0201806649565696,-4.618141174316406,-4.614892847788313,-0.004236034754065976
-4.613292216259597,-4.6356805481892716,-4.660184112654054,-4.684520874650856,-4.712616696046013,-0.02017752268017129,-0.02017038911749054,-0.0201806649565696,-4.586725234985352,-4.592714497509453,0.0078103983647839215
-4.592200953206691,-4.612846072444277,-4.635303900475406,-4.659885556640273,-4.684299834422763,-0.020179656793158404,-0.020173679008993247,-0.0201806649565696,-4.571017265319824,-4.572938851638612,0.0025058769058219355
-4.573230572792375,-4.592454387210047,-4.613060028874249,-4.635473496563484,-4.660011119537224,-0.02018123764833526,-0.020181840207879814,0.0306187197566032,-4.555309295654297,-4.554217729892672,-0.001423474660752433
-4.552053574369647,-4.571350453400929,-4.590867135193396,-4.611801867421222,-4.634541998681286,0.030622968313938397,-0.020165039820486882,0.0306187197566032,-4.523893356323242,-4.531991219783916,0.01056015482323236
-4.5318197773606235,-4.551904633029193,-4.571224712746334,-4.590767464792584,-4.61172807501004,0.030619056323433678,0.030624251491061696,0.0306187197566032,-4.508185386657715,-4.508826892002604,0.0008365658170035317
-4.510015383533144,-4.532852284474536,-4.5527763058634925,-4.571915658574887,-4.591279016449537,0.03061638657197013,0.030610160945534023,0.0306187197566032,-4.492477416992188,-4.488030304926498,-0.005799331164080712
-4.490519066865856,-4.512177506140829,-4.534677611889863,-4.554223181702381,-4.572986873860084,0.030613833948868716,0.03059775919652487,0.0306187197566032,-4.47676944732666,-4.467456967628864,-0.012144095522788945
-4.467881433691178,-4.490887823577783,-4.512488821388851,-4.534924381048567,-4.554405880789347,0.03061788646695123,0.030610656992253675,0.0306187197566032,-4.4453535079956055,-4.4437652357204644,-0.0020712131302769166
-4.445963088620601,-4.4697908278234975,-4.492499790190592,-4.513766573273573,-4.5358703829879286,0.030614405046333438,0.030601436427878853,0.0306187197566032,-4.429645538330078,-4.421421585613837,-0.01072458363421358
-4.425054394551452,-4.449119106964181,-4.472455231213636,-4.494611773420489,-4.515330210357792,0.030611588015425146,0.030587214942317587,0.0306187197566032,-4.413937568664551,-4.400344279992582,-0.017726556347857247
-4.4019838260647575,-4.426478757232724,-4.450321595778762,-4.473408403777496,-4.495317468403012,0.03061550108520125,0.030599316676908097,0.0306187197566032,-4.382521629333496,-4.376386755897319,-0.008000284719737571
-4.3793283982211735,-4.404539390448616,-4.428636239752406,-4.45203175983171,-4.474674548269286,0.03061294487770029,0.030593484083444054,-0.0812315493822097,-4.366813659667969,-4.355806586638666,-0.014353958411937207
-4.358717487658386,-4.381857255965234,-4.4066743264385035,-4.430328531927171,-4.453284672622085,-0.08123726391138644,0.030591157962157743,-0.0812315493822097,-4.351105690002441,-4.340213645158881,-0.01420395397479357
-4.341285114444199,-4.35964833119492,-4.382643101421258,-4.40729723978209,-4.430789714757839,-0.0812336528348697,-0.08124528342516156,-0.0812315493822097,-4.335397720336914,-4.3313884835318435,-0.005228312577772343
-4.334172209908755,-4.343703488671941,-4.361689993755003,-4.384261458875675,-4.408495413941537,-0.08123701424875555,-0.08125448789970237,-0.0812315493822097,-4.335397720336914,-4.324981539118757,-0.01358339602350167
-4.327897264452869,-4.336705258796632,-4.345841962948548,-4.363385090611011,-4.385516448152046,-0.08123727338222904,-0.08125883727233801,-0.0812315493822097,-4.335397720336914,-4.324487623815083,-0.014227494568964438
-4.326503763258418,-4.3296487942403274,-4.3381839516924225,-4.347014073226457,-4.364252879271162,-0.08123550736209129,-0.08125236336965093,-0.0812315493822097,-4.335397720336914,-4.3278537052436805,-0.009837899559586027
-4.331615360801211,-4.329771717655598,-4.332407697334911,-4.340370841669458,-4.348633168595583,-0.08123893406835697,-0.0812636618308887,-0.0812315493822097,-4.351105690002441,-4.33703028148079,-0.018355272833471048
-4.341385565167056,-4.335399032180959,-4.332966004175471,-4.334939701154764,-4.342245447023355,-0.08124009944816164,-0.08127153160334483,-0.0672835633158683,-4.366813659667969,-4.350517006193372,-0.02125192461296166
-4.354481058758758,-4.344829352832774,-4.338306378885747,-4.335270560425,-4.336645912436852,-0.06729134533727323,-0.08126976877661465,-0.0672835633158683,-4.382521629333496,-4.367688889225915,-0.019342883805031796
-4.370803938369851,-4.357187271061204,-4.347114016750441,-4.340117355368484,-4.336611342845509,-0.06728967861800308,-0.06731466021886832,-0.0672835633158683,-4.398229598999023,-4.386573670221032,-0.015200109646439586
-4.3915010125182645,-4.375084588121107,-4.360801121320486,-4.349978594678548,-4.342238186734764,-0.06729323641747176,-0.06732655778007414,-0.0672835633158683,-4.429645538330078,-4.411208348986486,-0.02404332635627693
-4.413625470288747,-4.393600897015245,-4.376857372295203,-4.362206347893825,-4.351018974332468,-0.06728830848243766,-0.0673113275917548,-0.0672835633158683,-4.4453535079956055,-4.436309094105133,-0.011794519805453874
-4.4394202796069875,-4.416328326035567,-4.395882727230057,-4.378666102596701,-4.363545467321829,-0.06728967103310231,-0.06731159444623612,-0.0672835633158683,-4.47676944732666,-4.465127975571607,-0.015181256722920367
-4.468164296685636,-4.442058096595834,-4.418555248620457,-4.397647934094369,-4.3799729988235665,-0.06728952406323778,-0.06731239666726961,-0.0672835633158683,-4.508185386657715,-4.4968240433796725,-0.014815950478626938
-4.4991909418516585,-4.470220549883439,-4.443794045945544,-4.4199312774635775,-4.39866669678983,-0.0672882098875947,-0.06730723933997086,-0.0672835633158683,-4.5396013259887695,-4.530744836495524,-0.011549453839668544
-4.5320524542749565,-4.50032694040516,-4.471179593230985,-4.444554247450413,-4.4204941035540815,-0.06728613036294478,-0.06729799687723448,-0.0672835633158683,-4.571017265319824,-4.566124405206984,-0.006380616389858318
-4.566593268588972,-4.532459781348744,-4.500670817885626,-4.471452173379535,-4.444756056074015,-0.06728448376402442,-0.06728963961552162,0.0459174141287803,-4.602433204650879,-4.600678805944939,-0.0022878530919143714
-4.601142488594283,-4.566996094879057,-4.5327998591354035,-4.5009403861443005,-4.471651752107256,0.0459165038511685,-0.06728795424091503,0.0459174141287803,-4.633849143981934,-4.63211413060442,-0.0022625733288670347
-4.634037291410186,-4.602813242791622,-4.568406594648976,-4.53391791500895,-4.50176815485068,0.0459136386797143,0.04590210977120285,0.0459174141287803,-4.665265083312988,-4.658068976816797,-0.009384203511616285
-4.660849739485538,-4.636453090903745,-4.604852731685477,-4.570023229111057,-4.535114813526302,0.045911955080431874,0.045892825797037316,0.0459174141287803,-4.696681022644043,-4.686275931065168,-0.013568934393179966
-4.687259808281886,-4.661704487036845,-4.637174693893806,-4.605424722180345,-4.570446710480102,0.045915482632304404,0.04590459115782521,0.0459174141287803,-4.71238899230957,-4.708707508572249,-0.004800900686226406
-4.708965237989719,-4.687483711818566,-4.661893512979425,-4.637324528420448,-4.605535654321773,0.045916908167819806,0.045913553631966295,0.0459174141287803,-4.728096961975098,-4.727132586905808,-0.0012576095026570755
-4.727312113312351,-4.709121202325289,-4.6876153814919315,-4.6619978831146165,-4.637401800347403,0.04591706169189522,0.045915564485354984,0.0459174141287803,-4.743804931640625,-4.743133177548876,-0.0008760122032764883
-4.743350105469342,-4.727500570373534,-4.709280303312054,-4.687741495509483,-4.662091253436829,0.04591698826719231,0.04591543807424213,-0.0379418097436428,-4.759512901306152,-4.758701197774662,-0.0010585156201692314
-4.75875665969582,-4.743398288251193,-4.727541247693288,-4.709312546859512,-4.687765367482432,-0.03794191862359595,0.04591657315716833,-0.0379418097436428,-4.77522087097168,-4.775013342880456,-0.0002706304921211711
-4.773978025307448,-4.757857223114388,-4.74263895746921,-4.726939351642777,-4.708866924483301,-0.03793977726214031,-0.03793416969075006,-0.0379418097436428,-4.790928840637207,-4.7948028045254105,0.00505190765906427
-4.793278854371757,-4.772654087076117,-4.7567395155703025,-4.741752988175755,-4.7262834115656425,-0.03793881800412367,-0.03792837111226996,-0.0379418097436428,-4.806636810302734,-4.812339145524882,0.007436225998659118
-4.8100465892842195,-4.791287186306228,-4.770972662392189,-4.7554067066015335,-4.740766223934333,-0.0379373091167105,-0.03792165914889174,-0.0379418097436428,-4.822344779968262,-4.830923094796047,0.011186695496133936
-4.8309870817853,-4.810102178255536,-4.791334116148677,-4.77100986210474,-4.755434247942413,-0.03794193535956534,-0.03793778803341746,-0.0379418097436428,-4.853760719299316,-4.853521292004596,-0.00031222918408335687
-4.851956985099536,-4.829628083453117,-4.80895487194446,-4.7904246849050764,-4.7703365516362135,-0.03793873877785255,-0.03793022715575068,-0.0379418097436428,-4.869468688964844,-4.875322031570306,0.007633149712547471
-4.872366567099904,-4.8493894126665875,-4.827460463385671,-4.807236672197312,-4.7891525910718,-0.03793600772982215,-0.037916618322924873,-0.0383868291974067,-4.885176658630371,-4.89623545153576,0.014421404584813224
-4.891957467861745,-4.868650050437295,-4.846251820131516,-4.82497339898662,-4.805395338388338,-0.03837843088281021,-0.037903988754128114,-0.0383868291974067,-4.900884628295898,-4.916892039644383,0.020874733561523584
-4.914720306563952,-4.890070765434808,-4.867057240828713,-4.844989253361711,-4.824038639564943,-0.03838256576420572,-0.038362176340012724,-0.0383868291974067,-4.932300567626953,-4.940426784884097,0.010597130067629301
-4.936483045288145,-4.91129416587754,-4.88717831682831,-4.8647644938021655,-4.84329178520728,-0.03837908705336473,-0.038353048470104435,-0.0383868291974067,-4.9480085372924805,-4.962765270083953,0.019243765188161177
-4.9605389178100765,-4.934548892202671,-4.909661297029213,-4.885883996442345,-4.863806225135206,-0.038382458538651694,-0.038362423708018976,-0.0383868291974067,-4.979424476623535,-4.9877550686431,0.010863648408372839
-4.983450226651099,-4.956799067868537,-4.931391601028138,-4.907158618179157,-4.884031102250553,-0.0383783781559601,-0.03835023853932215,-0.0383868291974067,-4.995132446289063,-5.011240356418493,0.021005790684363035
-5.00846033247065,-4.981035068924488,-4.95476012077319,-4.929775396031568,-4.905962037622757,-0.03838137159927663,-0.038357570802309934,-0.0383868291974067,-5.026548385620117,-5.03695071304415,0.013565329750645283
-5.034924075279551,-5.006699682221571,-4.979548676267096,-4.953581907152432,-4.928903088673976,-0.038382850607767936,-0.03836620303617073,-0.0978996902704238,-5.057964324951172,-5.065547622790611,0.009889126884401023
-5.063343141749316,-5.033008922921176,-5.005082854345185,-4.978267071021735,-4.952633052322239,-0.09789536254813276,-0.03836635095974265,-0.0978996902704238,-5.089380264282227,-5.097629018257679,0.010756926132743594
-5.094119411621895,-5.0602941559337955,-5.030434879535185,-5.003042496460803,-4.976756462789655,-0.09789280039358386,-0.09786909456346293,-0.0978996902704238,-5.120796203613281,-5.133928492413641,0.017125381724285127
-5.132396996599466,-5.092788918065627,-5.059170914191843,-5.029544523468642,-5.002383308573277,-0.0978966837176572,-0.09788133776749966,-0.0978996902704238,-5.167920112609863,-5.173650682276335,0.007473045599885708
-5.169581691128492,-5.1288620430902165,-5.089804606477836,-5.05680535046019,-5.027793144421908,-0.09789170223906281,-0.0978662289664029,-0.0978996902704238,-5.199336051940918,-5.214561452512804,0.01985493927696602
-5.214314982402874,-5.169367569163521,-5.128681275037796,-5.089661317703837,-5.056699264560641,-0.09789920641314909,-0.09788985751008286,-0.0978996902704238,-5.262167930603027,-5.26309017545841,0.0012026688897703863
-5.262520040030503,-5.213819674804896,-5.168949415940205,-5.1283498189983545,-5.08941591946974,-0.09789857101026504,-0.09789493918031242,0.0453042015433311,-5.309291362762451,-5.311424702441676,0.0027820174312109813
-5.31139255807488,-5.262492114474,-5.213796099229815,-5.168930728372328,-5.128335983389372,0.04530426464747675,-0.09789833042269445,0.0453042015433311,-5.356415271759033,-5.356535549941711,0.00015685078380212047
-5.3554091984098156,-5.310414035351273,-5.261666016847726,-5.213141279340527,-5.168445923072797,0.04530641273795733,0.04531269493264632,0.0453042015433311,-5.387831211090088,-5.392045806952985,0.005496114505474381
-5.392993947617962,-5.3562328996785435,-5.311109428157631,-5.2622172314088,-5.213549378948922,0.04530234020299113,0.04529931628897114,0.0453042015433311,-5.43495512008667,-5.431407355813351,-0.004626521573808162
-5.431679336018141,-5.393230231587239,-5.356432377545984,-5.311267547574657,-5.262334297387685,0.045303667605967636,0.0453003045412799,0.0453042015433311,-5.466371059417725,-5.465353360579094,-0.0013271472594640343
-5.465856778736882,-5.432116682701589,-5.393599452503973,-5.356725046586699,-5.311484229297782,0.04530321325903998,0.04529989972488477,0.0453042015433311,-5.497786998748779,-5.495903302562433,-0.0024564656423713416
-5.4970946638465765,-5.466891778961544,-5.432990460293216,-5.394292066703087,-5.3572378334457325,0.045301862724947316,0.04529429640219653,0.0453042015433311,-5.529202938079834,-5.524745087935202,-0.0058133343362340995
-5.526947323658477,-5.499007865575293,-5.4685069600590746,-5.434270760192195,-5.395239955101359,0.04529987822893137,0.0452853798822183,0.0453042015433311,-5.560618877410889,-5.552378524993714,-0.010745969939595312
-5.552809016578354,-5.527321315068763,-5.499323600109434,-5.4687572322377065,-5.434456052790222,0.045303356424687725,0.04529665617372139,0.0453042015433311,-5.576326847076416,-5.574716028428547,-0.002100615106225945
-5.574347926109762,-5.55248922611033,-5.527051338562172,-5.499109598784973,-5.468598793286932,0.045304924182619236,0.045306111521503475,0.0598706677556037,-5.592034816741943,-5.59341218647594,0.0017961821300760406
-5.593131112728074,-5.5741037420859385,-5.552283078784788,-5.526887932489336,-5.4989886187546135,0.05987121954493701,0.04530702790581852,0.0598706677556037,-5.607742786407471,-5.6087945115762,0.0013715198665904538
-5.609402820471747,-5.5936595836897665,-5.57454989279504,-5.552636727492455,-5.527149761383746,0.05986947355528272,0.059866666599151054,0.0598706677556037,-5.623450756072998,-5.621174578448221,-0.0029682876526093693
-5.619791778916284,-5.608201507448346,-5.592645399948192,-5.573745983348682,-5.552041541600406,0.05987338239557851,0.05987982324989978,0.0598706677556037,-5.623450756072998,-5.628624932181864,0.006747471238265135
-5.629630104000774,-5.6206650262445645,-5.608938728493539,-5.593229770351689,-5.5741786303606915,0.059868694454674576,0.05986585909149638,0.0598706677556037,-5.639158725738525,-5.635397561599701,-0.004904809251784492
-5.635641735863435,-5.629842231439516,-5.620844110459355,-5.609080682545908,-5.593334868070931,0.059870188405414575,0.05986686690917386,0.0598706677556037,-5.639158725738525,-5.6382450715083685,-0.001191466140691766
-5.638502730584478,-5.6358655782907565,-5.63003120579178,-5.620993904092084,-5.609191584410941,0.0598701619327337,0.05986825993155307,0.0598706677556037,-5.639158725738525,-5.638194613873397,-0.0012572662668537404
-5.635818196766904,-5.636438208032127,-5.6341226477090345,-5.628649643160124,-5.619971044376889,0.05987533301381729,0.059887948452592085,0.0598706677556037,-5.623450756072998,-5.632342862508627,0.011595900711453666
-5.631653642668436,-5.635219434075071,-5.635932714979701,-5.633721960315563,-5.628352988499829,0.05987202079607443,0.059880491545264,0.0211154446005821,-5.623450756072998,-5.626029687254638,0.003363098512199514
-5.6268275498324405,-5.632346789204475,-5.6358046087411955,-5.636396563316627,-5.634065377086493,0.02111387827835094,0.059866049117724876,0.0211154446005821,-5.623450756072998,-5.620465304174241,-0.003893228679554106
-5.619047646991509,-5.625595954075427,-5.6313070398896645,-5.634980434322147,-5.635786373961311,0.021118227671280302,0.021124488868370733,0.0211154446005821,-5.607742786407471,-5.613047393298085,0.006917561689365748
-5.613644037033812,-5.619565983795584,-5.626033549230987,-5.631653906896909,-5.635237242287353,0.021114273300694934,0.02111376203449251,0.0211154446005821,-5.607742786407471,-5.605510257619598,-0.0029113666539011263
-5.6045006996774465,-5.612766979242155,-5.618825545845281,-5.625446628894672,-5.631219372005554,0.021117426512119786,0.021121829433133642,0.0211154446005821,-5.592034816741943,-5.59581239293007,0.004926211660262858
-5.596904309708176,-5.605449307061028,-5.613567821459649,-5.619460346618844,-5.625916612754668,0.0211133010064699,0.0211092539571401,0.0116686448454856,-5.592034816741943,-5.587949069259636,-0.0053280876111729825
-5.587497795770261,-5.596512263929029,-5.605118330498368,-5.613305467436075,-5.61926610905358,0.011669530762081274,0.021116678605822472,0.0116686448454856,-5.576326847076416,-5.578015427708216,0.002202021927131703
-5.579633678955184,-5.588903658480813,-5.597699134524912,-5.606059123023945,-5.614001996679643,0.011665467978974692,0.011657418806708876,0.0116686448454856,-5.576326847076416,-5.57027165487623,-0.007896375065957528
-5.5703086961735515,-5.579665858741081,-5.588930825601312,-5.5977206689904175,-5.606075066374431,0.011668572127941151,0.011665190739861829,0.0116686448454856,-5.560618877410889,-5.560480275834001,-0.0001807457137026347
-5.562584033731138,-5.572136344868496,-5.581208813454478,-5.590153874067339,-5.598626170468935,0.011664514857621851,0.011652826351868248,0.0116686448454856,-5.560618877410889,-5.5527470105214345,-0.010265440199653142
-5.556438736926871,-5.56579123687755,-5.574843959972681,-5.583355049161212,-5.591742870464194,0.011661397440605277,0.011636883780214359,0.0116686448454856,-5.560618877410889,-5.546805130641158,-0.018014048432119623
-5.5484614835139565,-5.557877700588258,-5.567006052268432,-5.575806903400265,-5.584067978142873,0.011665393179848575,0.011649000309990446,0.0116686448454856,-5.544910907745361,-5.53871314641818,-0.008082294730002992
-5.542052871201689,-5.551362883741787,-5.56032714788596,-5.568947647011336,-5.577244390923627,0.01166208847184445,0.011640396692059834,0.0116686448454856,-5.544910907745361,-5.5324142849262765,-0.01629643082745602
-5.53679917622681,-5.545862264323302,-5.554578885311691,-5.562876364497867,-5.570834996102776,0.011660036655408356,0.011629269335851579,-0.0376267507672309,-5.544910907745361,-5.52850346813955,-0.02139639712766339
-5.533152041963659,-5.540837644671562,-5.549271658009829,-5.557281397370006,-5.564877208072337,-0.037635876605096284,0.011625243962488522,-0.0376267507672309,-5.544910907745361,-5.527516817665427,-0.022683055246040418
-5.5314702966063605,-5.53658664374779,-5.543737236385289,-5.551570067137969,-5.558983057542584,-0.037634512031047354,-0.0376654667942514,-0.0376267507672309,-5.544910907745361,-5.53011773215437,-0.019291289032811854
-5.533398891875243,-5.534320818184875,-5.538993137795236,-5.545644783526937,-5.552982347031271,-0.037633192168993274,-0.03765907018305458,-0.0376267507672309,-5.544910907745361,-5.532633424390029,-0.016010658330015026
-5.534826501258538,-5.5353041368096045,-5.535929281922889,-5.540268113068559,-5.546588729762214,-0.03763105610144427,-0.03764960646140268,-0.0376267507672309,-5.544910907745361,-5.53670482604236,-0.010701278639313472
-5.540816645419628,-5.538398661975766,-5.5383198598152905,-5.5383197444322825,-5.5420379262826085,-0.03763482287673987,-0.037661831404655156,-0.0376267507672309,-5.560618877410889,-5.545233221649178,-0.020063922748220442
-5.54716865556439,-5.542498061933431,-5.539818163186436,-5.539445050829103,-5.539152795742123,-0.03763055031022574,-0.037649308815960486,-0.0376267507672309,-5.560618877410889,-5.553376847244482,-0.00944409104489985
-5.556504265766039,-5.549885613816691,-5.544791797897616,-5.541636330776262,-5.540791157288914,-0.037632890352283184,-0.037653957771604116,-0.0376267507672309,-5.576326847076416,-5.56462463441078,-0.015260466927311533
-5.568655134517061,-5.560005780017866,-5.552841695001125,-5.547134984335093,-5.543371142472213,-0.03763466323498511,-0.037663057013675956,0.0656962618231773,-5.592034816741943,-5.576953442417576,-0.019667119430437197
-5.579079467933255,-5.570502128301107,-5.5615650664237215,-5.554077689052162,-5.5480500702632,0.06569208812068533,-0.0376505756751669,0.0656962618231773,-5.592034816741943,-5.58407962860657,-0.01037409666950495
-5.5861491129569005,-5.580877341337431,-5.572019945839421,-5.5627681894939105,-5.554968438478008,0.06569219911935444,0.06567659886823332,0.0656962618231773,-5.592034816741943,-5.584291195026833,-0.010098199926588336
-5.5861662161799375,-5.587778045624546,-5.582252534143522,-5.573110015066584,-5.563575237885124,0.06569258087936854,0.06567816534519777,0.0656962618231773,-5.592034816741943,-5.5850188397836495,-0.009149302563029593
-5.587565546195214,-5.588378678296342,-5.5896458711318004,-5.58373309679492,-5.574206170866717,0.06569126226187483,0.06567351981300985,0.0656962618231773,-5.592034816741943,-5.582505519713216,-0.012426839803936218
-5.58300822533533,-5.588002273860241,-5.5887473766195415,-5.589938125930144,-5.583949471827761,0.06569527493769908,0.06568749971383298,0.0656962618231773,-5.576326847076416,-5.574445817064717,-0.002452988772551734
-5.573906389654672,-5.5825395954595605,-5.58760664275364,-5.5884337731068525,-5.589705945070353,0.06569732079895578,0.06569931233345537,0.0656962618231773,-5.560618877410889,-5.5626373134553475,0.0026321754168607825
-5.561837437119419,-5.573211493657625,-5.581952943847065,-5.587141623690847,-5.588089489572231,0.06569783209871347,0.06570330754946956,0.0656962618231773,-5.544910907745361,-5.547903894748774,0.0039030549593048747
-5.547573421383864,-5.561550336966442,-5.572969115275238,-5.581760818630296,-5.586999381030251,0.06569691059126427,0.065700305558045,0.0569899156689643,-5.529202938079834,-5.530439507336511,0.0016125689033366086
-5.530907430331236,-5.547979931492184,-5.561893524740663,-5.573241148716774,-5.581962222491517,0.056988997066927435,0.06569340837710534,0.0569899156689643,-5.513494968414307,-5.511744088460865,-0.002283264403633467
-5.51320012605486,-5.532172369235127,-5.5490478300710055,-5.562740012137448,-5.573867857805275,0.05698705725184295,0.05697809921506911,0.0569899156689643,-5.497786998748779,-5.492338779568438,-0.007104841707284315
-5.491828579836481,-5.512756887849769,-5.531798174522765,-5.548751218469268,-5.562520411482708,0.0569909172664884,0.0569908758902627,0.0569899156689643,-5.466371059417725,-5.4682801309807925,0.002489556828479955
-5.469919220896316,-5.493252546229706,-5.5139590421063405,-5.532751081893708,-5.5494567171124105,0.05698669789306532,0.0569786493421192,0.0569899156689643,-5.450663089752197,-5.444529923168527,-0.007998058870064106
-5.444962362304806,-5.470294904250442,-5.493569709152534,-5.514210446520791,-5.5329372127587675,0.05698906672698905,0.05698346126121986,0.0569899156689643,-5.419247150421143,-5.41762904440086,-0.0021101183265930246
-5.41755910574285,-5.444901602795733,-5.47024360928814,-5.493529049355838,-5.5141803434569745,0.05699005296889277,0.0569895901895269,0.0569899156689643,-5.387831211090088,-5.388092908411357,0.0003412707861585318
-5.38805346333783,-5.417524837666066,-5.444872672678726,-5.4702206773544155,-5.493512071369708,0.05698999310547692,0.05699034819929727,0.0569899156689643,-5.356415271759033,-5.356562867814963,0.00019247511513320603
-5.356503823584945,-5.388002168409795,-5.417481532981088,-5.444838346506951,-5.470195263480675,0.05699003158151951,0.056990435027632284,-0.0410893708467483,-5.3249993324279785,-5.325220264846069,0.0002881106296541702
-5.3245680033294756,-5.35593716859523,-5.387523781622624,-5.417102331815211,-5.444557599483513,-0.041088090360932326,0.05699491349487809,-0.0410893708467483,-5.293583393096924,-5.296024033173772,0.0031827576748444386
-5.293639381254057,-5.3224963267478245,-5.354188198371831,-5.38613743156952,-5.416075927663863,-0.041084689422378556,-0.04107024220683116,-0.0410893708467483,-5.262167930603027,-5.271090850162935,0.011636083083575777
-5.270822155074054,-5.293405951243313,-5.3222992582760105,-5.354031988801931,-5.386021779573355,-0.04108884335855318,-0.0410826783484298,-0.0410893708467483,-5.2464599609375,-5.247465367489462,0.0013111172966260298
-5.248081045516931,-5.271357028000706,-5.2938575066792835,-5.322657191129447,-5.354296989525124,-0.04109057951376501,-0.04109345145930789,-0.0410893708467483,-5.230751991271973,-5.228448239739731,-0.003004245869651534
-5.225905912415408,-5.245872387751346,-5.2694924142381625,-5.292379489870228,-5.321562920180217,-0.04108437988224168,-0.04107155122310129,-0.0410893708467483,-5.199336051940918,-5.208848963247742,0.012405471728139439
-5.20673245385528,-5.224067185804216,-5.244320080735652,-5.2682619525156875,-5.291468499880944,-0.04108521582581349,-0.0410685386663892,-0.0410893708467483,-5.183628082275391,-5.1915476628651565,0.010327662051743403
-5.192608737083713,-5.2076542666329875,-5.22484540722837,-5.244936950764809,-5.268718661091816,-0.04109145389235499,-0.04109315753672274,-0.0410893708467483,-5.183628082275391,-5.179657741857574,-0.005177589090838097
-5.179545528084427,-5.192511250887071,-5.207571965922235,-5.2247801702145,-5.244888651605655,-0.041089150554517014,-0.041090614017697036,0.0073004737496376,-5.167920112609863,-5.168339995471186,0.0005475552958769114
-5.167391815947205,-5.178721793056773,-5.191815829580435,-5.207020728769947,-5.2243720538803755,0.007302335166263546,-0.04108205381468691,0.0073004737496376,-5.152212142944336,-5.155760052620748,0.004626711189156474
-5.154577545512599,-5.166364507825909,-5.177854509364754,-5.1911283628778,-5.20651175293378,0.007302795185964516,0.007311185753184629,0.0073004737496376,-5.136504173278809,-5.1409288927600025,0.005770129738257523
-5.142460029737281,-5.155907727327775,-5.167487486386874,-5.178744656816552,-5.191787396314406,0.007297467901320881,0.007291335245629191,0.0073004737496376,-5.136504173278809,-5.1307749463126004,-0.007471294629060488
-5.131240551415391,-5.142864526167042,-5.156249215095407,-5.167758172290189,-5.178945063008517,0.0072995596979653805,0.007293983035644601,0.0073004737496376,-5.120796203613281,-5.119053996776076,-0.002271954080766747
-5.121973810012761,-5.133777151686159,-5.145005998625404,-5.157946688509564,-5.169014921085481,0.007294741724460971,0.0072777060780873,0.0073004737496376,-5.120796203613281,-5.1098708109278705,-0.014247441787924586
-5.111344270118194,-5.123253884003173,-5.134857827749598,-5.145862614305816,-5.1585808962181545,0.007297581131346281,0.007283713479007932,0.0073004737496376,-5.105088233947754,-5.099574826426359,-0.0071898516580635174
-5.103047328615114,-5.114361021286238,-5.125800713952907,-5.136876614455526,-5.1473572520064526,0.007293656714314328,0.007271590858439308,-0.0039442926645278,-5.105088233947754,-5.092094783018629,-0.01694432786697142
-5.0937408672791324,-5.104477371375534,-5.115568305390482,-5.126757687582097,-5.137585123611298,-0.00394752417136033,0.007281336440104883,-0.0039442926645278,-5.089380264282227,-5.083220926173436,-0.00803218828686525
-5.086439600494988,-5.096537104399023,-5.106838036888465,-5.117439525789451,-5.128143072450288,-0.0039506113982107315,-0.003971614645453258,-0.0039442926645278,-5.089380264282227,-5.07733658955414,-0.015705756263599824
-5.0784414104750475,-5.087399418407968,-5.0973474108747325,-5.107480339662178,-5.1179150638628865,-0.0039464615913806355,-0.003958880535474553,-0.0039442926645278,-5.073672294616699,-5.0695382622558895,-0.0053910543177710935
-5.072109823233341,-5.0806754651021535,-5.0892854729470125,-5.098842423068411,-5.108587193388241,-0.003949341019018694,-0.003965708684101653,-0.0039442926645278,-5.073672294616699,-5.064049996471003,-0.012548119472167052
-5.067586220607785,-5.075181933117,-5.0832690305057096,-5.091341305280145,-5.100364488030631,-0.003951234795458491,-0.00397580822490637,-0.0039442926645278,-5.073672294616699,-5.060440408127339,-0.017255263763048312
-5.0613259669655815,-5.06835555364616,-5.07583142666629,-5.083783862264708,-5.09172246835905,-0.003946031147487059,-0.003957862844810238,-0.0039442926645278,-5.057964324951172,-5.054650730118367,-0.004321148982792344
-5.056805863586644,-5.063198248408273,-5.069936188636242,-5.077084343024225,-5.084711476865506,-0.003948523510235309,-0.003962161448908566,0.0348351821303367,-5.057964324951172,-5.049900220324701,-0.010516131048619037
-5.053272229217883,-5.0597353107732,-5.06567137377238,-5.071896552188458,-5.078535726304833,0.03482856237821397,-0.0039737616315134875,0.0348351821303367,-5.057964324951172,-5.045346901057814,-0.01645396349682482
-5.0469421698772585,-5.0546581258459655,-5.060905325415781,-5.066598805148955,-5.072583189313674,0.03483205038172975,0.034816622437006256,0.0348351821303367,-5.0422563552856445,-5.036287159012319,-0.007784230633511413
-5.039712824724789,-5.049918231655675,-5.057170604617772,-5.062896883094761,-5.068073283448845,0.03482845704194273,0.03480641066088422,0.0348351821303367,-5.0422563552856445,-5.029438157653195,-0.01671578586263056
-5.031329847420637,-5.041356238322622,-5.051305649688391,-5.05827036437217,-5.063711106006839,0.034831468463572976,0.03481429850995667,0.0348351821303367,-5.026548385620117,-5.01947003783794,-0.009230638283232118
-5.023671921055863,-5.034980251485666,-5.044438016660832,-5.053748472045041,-5.060078942950326,0.03482693321218955,0.034800019068980594,0.0348351821303367,-5.026548385620117,-5.010825727883915,-0.020503395831911853
-5.0137220639957825,-5.026188125473767,-5.037104505165934,-5.04612184132694,-5.054995115793901,0.034829496194227975,0.03480525530908511,0.0348351821303367,-5.01084041595459,-5.000002870260398,-0.014132883443924271
-5.00528546351968,-5.018311339543786,-5.030062526696197,-5.040175613106253,-5.048395580150783,0.034824811618558875,0.034789958122542985,0.0348351821303367,-5.01084041595459,-4.991073944239962,-0.025776799353215196
-4.995134567446006,-5.008813147343606,-5.021289513849688,-5.032423225610279,-5.041923390415505,0.03482721052648293,0.034794419497960874,0.0348351821303367,-4.995132446289063,-4.979938356983588,-0.019814107294231498
-4.9831360493447985,-4.997912576397869,-5.011158424101656,-5.023148536098647,-5.03379957940311,0.03482890458734481,0.03480327709386782,0.0200548768043518,-4.979424476623535,-4.967459312449882,-0.0156033732567602
-4.973238019039931,-4.988156325476449,-5.002150840973172,-5.014517954321457,-5.025635812495009,0.020043532348738565,0.034785653308249564,0.0200548768043518,-4.979424476623535,-4.957801642013158,-0.028197620559004655
-4.962196773903298,-4.977056308717681,-4.99137983778037,-5.004706011092099,-5.016409711177233,0.02004624851048274,0.020010636566078783,0.0200548768043518,-4.963716506958008,-4.947270748989441,-0.021446366832049257
-4.95071250915117,-4.965186817803529,-4.979580591607431,-4.993380752187852,-5.006187416780173,0.020048120120173825,0.02002048832920096,0.0200548768043518,-4.9480085372924805,-4.935130117254025,-0.01679431990242719
-4.941044491404983,-4.955850647058162,-4.969524584751632,-4.983018994021835,-4.995926422745042,0.02004326601325347,0.02000385342431539,0.0200548768043518,-4.9480085372924805,-4.925878060152442,-0.028859620324017676
-4.930418081103736,-4.9449886540759564,-4.959180425040338,-4.972163988110624,-4.984973114165361,0.020045964071828955,0.020009285794634853,0.0200548768043518,-4.932300567626953,-4.915312662006943,-0.022153363580523333
-4.918805155645943,-4.933452199929913,-4.947550146312842,-4.961210834049664,-4.973667230550323,0.020048020522855283,0.020019824171011197,0.0200548768043518,-4.916592597961426,-4.903524342780595,-0.017041877607502975
-4.909463257845516,-4.923964613577181,-4.937807965868736,-4.951002815923684,-4.963767067530425,0.020043217835810156,0.02000357014819217,0.0200548768043518,-4.916592597961426,-4.894370293331009,-0.028979369504790853
-4.898909989441961,-4.913407138310049,-4.927294153312391,-4.940447180377347,-4.95295679624912,0.020045964709538584,0.020009240048489977,0.0200548768043518,-4.900884628295898,-4.883897938167432,-0.022151778498366248
-4.890588472736034,-4.904722420040286,-4.918314162954764,-4.931183787215685,-4.9433269266410145,0.020041742295572096,0.019995888767212436,0.0200548768043518,-4.900884628295898,-4.8758499046639665,-0.032646951729167206
-4.8810881193161455,-4.895139194178801,-4.908564272754593,-4.921359470784046,-4.933438424557176,0.020044593414342594,0.02000253637979289,0.0606153532862663,-4.885176658630371,-4.865576243327619,-0.025560250700928044
-4.870079924404011,-4.885000711564956,-4.898442319483243,-4.911182549429609,-4.923297949483993,0.06060651189429196,0.020010885184974028,0.0606153532862663,-4.869468688964844,-4.852616760330778,-0.021976040508709715
-4.8572481087131525,-4.874103428172386,-4.888397471632115,-4.90113481729509,-4.913175978813036,0.060606261264490396,0.06057184812682912,0.0606153532862663,-4.853760719299316,-4.836431083586788,-0.022599002445919503
-4.841240535018331,-4.861426340269274,-4.877630813982916,-4.89119351209085,-4.903204905962634,0.06060591162186633,0.060570264467816395,0.0606153532862663,-4.838052749633789,-4.820056685765454,-0.02346806927299827
-4.825448658618755,-4.845924834557703,-4.865380963536441,-4.880765511248253,-4.893514330183766,0.060604768046169946,0.060565554888206634,0.0606153532862663,-4.822344779968262,-4.802169030358248,-0.026310525065182944
-4.8083765551147994,-4.830841472371509,-4.850477606335616,-4.868989793070321,-4.883437359968413,0.060603166997176966,0.060558307236721926,0.0606153532862663,-4.806636810302734,-4.783409418660828,-0.03029007009930229
-4.787298876466691,-4.811755538263289,-4.833694109199293,-4.852738795900066,-4.870663897204944,0.06060771770540567,0.06057405598029642,0.0606153532862663,-4.77522087097168,-4.760667250442638,-0.018978893231724747
-4.766324676329237,-4.792213789467117,-4.815904852188289,-4.836983131221114,-4.8551738705404945,0.060604246922609385,0.0605653741632706,0.0606153532862663,-4.759512901306152,-4.7383438763071934,-0.027605822514974676
-4.742477500560261,-4.7699157801258245,-4.79524550477683,-4.818307991260862,-4.83876232971058,0.060607238370561554,0.06057330841873169,0.0606153532862663,-4.728096961975098,-4.712629716463891,-0.020170321231088195
-4.715750681233299,-4.745188852087706,-4.772204782728195,-4.797059920389454,-4.819651319890523,0.06060922637088389,0.060583879212904965,0.0247350707650184,-4.696681022644043,-4.6850029587067,-0.015228975372680864
-4.690554533409343,-4.720573635563729,-4.749260531802313,-4.775432266714513,-4.799449434462431,0.024724172202889264,0.0605676750820028,0.0247350707650184,-4.680973052978516,-4.660200103227246,-0.027089313937428194
-4.664066321462929,-4.693913327081577,-4.723409227842614,-4.751508210724356,-4.777096368051196,0.024727480806870792,0.02469523512478209,0.0247350707650184,-4.649557113647461,-4.635090451224806,-0.018865494052914045
-4.637905348533545,-4.6665117755713705,-4.695977851272387,-4.725045706945158,-4.752719801505979,0.024729544705323694,0.024706412440234145,0.0247350707650184,-4.618141174316406,-4.607608357326375,-0.013735496860332042
-4.609539064359041,-4.639582658547865,-4.667927809954554,-4.697100294248293,-4.72587672370571,0.024731280501593025,0.02471509414490507,0.0247350707650184,-4.586725234985352,-4.5795008919255515,-0.009421025876529932
-4.583974546424062,-4.61342557088955,-4.642863761522678,-4.670528630267282,-4.699025848879979,0.02472628831965689,0.024697797009002487,0.0247350707650184,-4.571017265319824,-4.5542776905001165,-0.02182952363047974
-4.55747113931475,-4.586748868776637,-4.615767735312192,-4.6447203167277165,-4.67190315754875,0.024728801552735998,0.024702386648269747,0.0247350707650184,-4.5396013259887695,-4.527652040369318,-0.015582666561524405
-4.529885299377869,-4.559411292655591,-4.588386803216797,-4.617066071022953,-4.645681558197996,0.024730686547321832,0.024712086513277658,0.0247350707650184,-4.508185386657715,-4.49982895093433,-0.010897350324301058
-4.504137487647174,-4.533628359123986,-4.562571293641432,-4.5908916300434175,-4.618920555500011,0.024726612470288397,0.024698438894502732,-0.0652474537491798,-4.492477416992188,-4.476355681911367,-0.021023819344370587
-4.4781309682585935,-4.505679775274508,-4.534930403641946,-4.563603380673257,-4.59165575048446,-0.06525093889881546,0.024713325170772255,-0.0652474537491798,-4.461061477661133,-4.454418689612636,-0.008662639298711028
-4.455974823394579,-4.479482866155019,-4.5068210871891505,-4.535835083328486,-4.564273173258344,-0.0652505086699207,-0.06526258593011279,-0.0652474537491798,-4.4453535079956055,-4.439530747681641,-0.007593268361788752
-4.4439883360577745,-4.4598473724123755,-4.482752185787613,-4.509412567241598,-4.537753722764471,-0.06525620465436717,-0.06528387191409024,-0.0652474537491798,-4.4453535079956055,-4.428674049588032,-0.02175112781377475
-4.431091744965787,-4.446088719285303,-4.461620577629449,-4.484157746107604,-4.510453193989639,-0.06525220004274426,-0.06527430012537284,-0.0652474537491798,-4.429645538330078,-4.4205989763569375,-0.011797321048724996
-4.42382481738977,-4.433894208196835,-4.448454641064159,-4.463495964494173,-4.485546215678493,-0.06525378655217681,-0.0652763441567694,-0.0652474537491798,-4.429645538330078,-4.417575047114549,-0.015740726754343015
-4.420920569867859,-4.426731254628729,-4.436347907887289,-4.450399606536213,-4.4649359475852215,-0.06525402150509309,-0.06527882643542199,-0.0156697034835815,-4.429645538330078,-4.417127220597068,-0.0163247224442582
-4.420363407965943,-4.423732021522714,-4.4291047646989865,-4.4382293097361725,-4.451792529386919,-0.01567605659796622,-0.06527824305725438,-0.0156697034835815,-4.429645538330078,-4.417536333068496,-0.015791212456176318
-4.420713517558973,-4.42312360061716,-4.426062257236425,-4.430951864416425,-4.4395968365117415,-0.015675940766590356,-0.015699836537472294,-0.0156697034835815,-4.429645538330078,-4.417757110756589,-0.015503303604772256
-4.423539305534346,-4.425736824068654,-4.427364423526611,-4.429423815361924,-4.433440642201863,-0.015681054787023054,-0.015719218153358278,-0.0156697034835815,-4.4453535079956055,-4.423717621242031,-0.028214641425510223
-4.428084599923606,-4.427333136991422,-4.428939688024248,-4.429903226392159,-4.431303454486845,-0.015678276508538744,-0.01571373985431563,-0.0156697034835815,-4.4453535079956055,-4.4290130940453025,-0.021308991196119287
-4.432058869771593,-4.4307306306474,-4.429566993852624,-4.430710391456886,-4.431214192082242,-0.015675682791753034,-0.01570107290665077,-0.0156697034835815,-4.4453535079956055,-4.433956787334396,-0.0148620849491925
-4.4355220874484615,-4.433418730958358,-4.43187866540566,-4.430477002511883,-4.431384129423379,-0.015672776399187908,-0.015687398429334958,-0.0626386404037475,-4.4453535079956055,-4.439496448988607,-0.007637996148376125
-4.44247746115751,-4.438111854554041,-4.435605088420384,-4.433611717657225,-4.43176009260989,-0.0626444925714784,-0.015695088068294893,-0.0626386404037475,-4.461061477661133,-4.449907090066737,-0.01454606644421741
-4.449784514571565,-4.442370973170424,-4.438021954267378,-4.435533827477503,-4.433558958595805,-0.06263839976992355,-0.06264357514352643,-0.0626386404037475,-4.461061477661133,-4.461520132139966,0.0005981160747356995
-4.461992053388125,-4.450194498179703,-4.4427170933752205,-4.438296312148307,-4.435736952270776,-0.06263956685494713,-0.06264193190939059,-0.0626386404037475,-4.47676944732666,-4.475003606659882,-0.00230277417307434
-4.47526318363491,-4.462217561998357,-4.450384879172521,-4.442868002004752,-4.4384080395172205,-0.06263914999173671,-0.06264150968350551,-0.0626386404037475,-4.492477416992188,-4.491506128709559,-0.0012666247946002684
-4.491028061487062,-4.474847860685211,-4.4618669341645765,-4.450106948245237,-4.442662231855349,-0.06263770188709135,-0.06263557185214019,-0.0626386404037475,-4.508185386657715,-4.509974224406025,0.0023327639034098624
-4.50845474210468,-4.489708004721583,-4.473733429988611,-4.460983562318251,-4.44945293122535,-0.06263565743528318,-0.06262632917728654,-0.0626386404037475,-4.523893356323242,-4.52957897368128,0.007414424787240748
-4.5300395600948535,-4.508854878526662,-4.490045811642577,-4.474001198208215,-4.461181808361221,-0.06263954460299061,-0.06263910473810268,-0.0626386404037475,-4.555309295654297,-4.553585867809453,-0.002247465020447592
-4.555356142629223,-4.531577493936219,-4.510153247450618,-4.491074985154278,-4.474763161582834,-0.06264211571501364,-0.06265279439325284,0.0150109156966209,-4.586725234985352,-4.58010119913125,-0.008638185184727476
-4.579922223969368,-4.5552006571898165,-4.5314462285610615,-4.51004919778906,-4.490997950494576,0.015011267051331198,-0.06264077615839192,0.0150109156966209,-4.602433204650879,-4.60310289608865,0.0008733223647183763
-4.605514570657657,-4.582017376593477,-4.55696944657784,-4.532848288601427,-4.511087233054862,0.015006181222794391,0.014993216643641243,0.0150109156966209,-4.633849143981934,-4.624825110744206,-0.011767942073015014
-4.62563821712531,-4.606220960313186,-4.582613731490076,-4.55744215710859,-4.533198266624698,0.015009319448549548,0.015000095450749174,0.0150109156966209,-4.649557113647461,-4.646514622300086,-0.003967611930313808
-4.646512459195229,-4.625636337918689,-4.606219373831757,-4.582612473939442,-4.557441226062936,0.015010919943115623,0.01500933563851359,0.0150109156966209,-4.665265083312988,-4.665273177245054,1.055502802316255e-05
-4.66497426800297,-4.646252780509319,-4.625417109544274,-4.606045598850088,-4.582483817138667,0.01501150249966694,0.015013157157767739,0.0150109156966209,-4.680973052978516,-4.682091515216453,0.0014585494623284845
-4.684983335008437,-4.667486548848606,-4.648373721794629,-4.627098308585962,-4.6072902986802395,0.015005238626715996,0.01498985839938823,0.0150109156966209,-4.71238899230957,-4.7015683458360575,-0.0141108457314294
-4.703800847504097,-4.686922830406461,-4.6691239278341135,-4.649671617215111,-4.628059224081017,0.015006532965695754,0.014988529255644749,0.0150109156966209,-4.728096961975098,-4.719743360077652,-0.01089365482599991
-4.721727602897386,-4.705524666963016,-4.688378129428937,-4.670277494573043,-4.6505256769001395,0.015007020334528436,0.014991681711586952,0.0150109156966209,-4.743804931640625,-4.736380267721575,-0.00968225765677655
-4.7381133697835365,-4.723233242745992,-4.706795772349686,-4.689385692048777,-4.671023458013829,0.015007513360975586,0.014994048767307576,-0.031203769147396,-4.759512901306152,-4.753027958929388,-0.008456797999983223
-4.754282207832676,-4.73920300389702,-4.724153143871371,-4.7075249471274825,-4.689925547056762,-0.031206231423476224,0.014998125815765304,-0.031203769147396,-4.77522087097168,-4.77052770716877,-0.00612019906364214
-4.770827769804122,-4.754542888533934,-4.739423078202225,-4.724327589394013,-4.707654100372887,-0.031204358214723595,-0.031208477270809956,-0.031203769147396,-4.790928840637207,-4.789806062618306,-0.0014641775289598868
-4.792708468374333,-4.773349247251419,-4.7566715938605055,-4.741110431539092,-4.725576845644896,-0.031209466999113814,-0.03122608154665704,-0.031203769147396,-4.822344779968262,-4.811484522805723,-0.014162500715587
-4.812768757614419,-4.793824152871732,-4.7742911408761,-4.75741820135509,-4.741663193109053,-0.03120629029024297,-0.03121907897668513,-0.031203769147396,-4.838052749633789,-4.833247384205277,-0.006266517477569344
-4.833023712319329,-4.812574441704301,-4.793660105672599,-4.774161106161851,-4.757321928288828,-0.03120333004640644,-0.031204616196738793,-0.031203769147396,-4.853760719299316,-4.854597657482889,0.0010914232919478906
-4.8530603712070945,-4.831688188274696,-4.811446953076306,-4.792766383241889,-4.7734994259383186,-0.031200751227096913,-0.031191824081061498,-0.031203769147396,-4.869468688964844,-4.87522092545104,0.007501300579971115
-4.8725577423669915,-4.850746719481968,-4.829734935527428,-4.809898675116125,-4.791620093441408,-0.031198540925160435,-0.031180818380004752,-0.031203769147396,-4.885176658630371,-4.895141789489011,0.012995196228247075
-4.894905415280807,-4.872352391259941,-4.850573356045438,-4.829597516144169,-4.809796934704216,-0.031203305109869385,-0.0311967717599172,0.0214652046561241,-4.916592597961426,-4.917477065848921,0.001153405200456703
-4.916253303504016,-4.893842266495659,-4.871454849826719,-4.849861905045894,-4.829070783189691,0.02146760708258175,-0.03119414574420495,0.0214652046561241,-4.932300567626953,-4.936879656454867,0.00597143767697883
-4.935657920142148,-4.915191914843017,-4.892946211010946,-4.870744576688734,-4.84933604413812,0.021467603105180953,0.021476751284215587,0.0214652046561241,-4.9480085372924805,-4.952580045088517,0.005961551505058615
-4.951319760992267,-4.9345630429288985,-4.914267587338806,-4.892213527591065,-4.870202124007245,0.021467678780180615,0.02147703582136697,0.0214652046561241,-4.963716506958008,-4.968432253319351,0.00614964822816777
-4.967597833938699,-4.9505948555769805,-4.933951056484033,-4.91378248620387,-4.891854376006221,0.021466842744765412,0.021473924071398073,0.0214652046561241,-4.979424476623535,-4.982546717211872,0.004071610267120995
-4.982412695271155,-4.967481401802958,-4.950496560147925,-4.933873140993267,-4.913724800352453,0.0214654677610134,0.021467845844727752,0.0214652046561241,-4.995132446289063,-4.995633931217071,0.0006539698411804906
-4.99307185940678,-4.980186884398714,-4.965602306883753,-4.9490070646115365,-4.932770371603574,0.021470234381976566,0.021484643831160274,0.0214652046561241,-4.995132446289063,-5.004719237753652,0.012501816388449605
-5.003826678263312,-4.992296444521873,-4.979532256375935,-4.9650834051997785,-4.948622888305286,0.02146695688239871,0.021476914828374778,0.0214652046561241,-5.01084041595459,-5.014180205912568,0.004355309175636535
-5.014744027911077,-5.004316501042425,-4.9927099672999935,-4.979860042016729,-4.965326086001578,0.0214640977901609,0.021462736903024856,-0.0183365270495414,-5.026548385620117,-5.024438669607808,-0.002751210591684483
-5.022731839187208,-5.0132612116635675,-5.003064664010218,-4.991717678058667,-4.97912538644085,-0.01833317628901323,0.021476872724783255,-0.0183365270495414,-5.026548385620117,-5.032935024449672,0.008328603608554808
-5.032322708027185,-5.022199886669299,-5.012812121722443,-5.002708685471877,-4.991454124240694,-0.01833532498185239,-0.01832859334851073,-0.0183365270495414,-5.0422563552856445,-5.044547528323475,0.002987842672799168
-5.0449669060464775,-5.032687044222513,-5.022507469987361,-5.0130559327054,-5.002889194430989,-0.018337350350030816,-0.01833846385430789,-0.0183365270495414,-5.057964324951172,-5.056395092285964,-0.0020463842072357963
-5.054173635164047,-5.043037005645262,-5.031057765615153,-5.02121599546503,-5.012099771014411,-0.018332166000693605,-0.01832072364291549,-0.0183365270495414,-5.057964324951172,-5.066276600231589,0.010839762157118571
-5.065150729960518,-5.053195530537844,-5.042211260989099,-5.030403225513437,-5.020731397310242,-0.018334316799701336,-0.018323739317566447,-0.0183365270495414,-5.073672294616699,-5.077885089691993,0.005493766158157776
-5.0743277793573185,-5.062060301352013,-5.050586499928682,-5.04014316990603,-5.02887208460983,-0.01832954352328594,-0.01830769177215999,-0.0183365270495414,-5.073672294616699,-5.086983081697826,0.017358155404619602
-5.084792261948901,-5.072424495305275,-5.06045349304845,-5.049312836862741,-5.039200195182315,-0.018332226146387555,-0.018313146124502733,-0.0183365270495414,-5.089380264282227,-5.097577900267716,0.010690264859571919
-5.096242595709205,-5.083632210387342,-5.071445145701797,-5.0596771954553725,-5.048738093802407,-0.01833390564922316,-0.01832223193241643,-0.0409578941762447,-5.105088233947754,-5.110084692787329,0.006515716049060316
-5.105908738829802,-5.09261471780034,-5.080569449291847,-5.0690173976757995,-5.057879777374182,-0.04094969616107022,-0.018302650324646386,-0.0409578941762447,-5.105088233947754,-5.120713869262003,0.020376872113388345
-5.117201622559058,-5.102857459444614,-5.0900387381154655,-5.078527556568265,-5.067505653103497,-0.040950999116562505,-0.04092340841656662,-0.0409578941762447,-5.120796203613281,-5.133938371049053,0.017138264124675118
-5.130867709874705,-5.114533972495545,-5.100605350901777,-5.088253567186774,-5.0772058796599175,-0.04095186601425848,-0.040928016460947604,-0.0409578941762447,-5.136504173278809,-5.147994010612263,0.014983515309227258
-5.144984003465101,-5.12825275325742,-5.112326349307825,-5.098855442022492,-5.086957997042599,-0.04095198508708359,-0.04092933732947895,-0.0409578941762447,-5.152212142944336,-5.163475024301077,0.01468754955680307
-5.160273374251517,-5.142202556254512,-5.125904573820358,-5.110465026202539,-5.0974773847576715,-0.04095160886372531,-0.0409280220327736,-0.0409578941762447,-5.167920112609863,-5.179900085709926,0.015622685085911137
-5.173296636540053,-5.154536599466797,-5.137359402469946,-5.122065568206314,-5.107622763319166,-0.04094493062898122,-0.040902184720348775,-0.0029692202806472,-5.167920112609863,-5.192628979037532,0.03222201217023368
-5.186909545073893,-5.168327853756782,-5.150341807088755,-5.134034331203291,-5.119603803990286,-0.0029579921859650676,-0.04090212298149585,-0.0029692202806472,-5.183628082275391,-5.20502912985128,0.02790839545248769
-5.200476279356718,-5.182954236682188,-5.164988666229771,-5.147694945099075,-5.132074688955528,-0.0029602823618336397,-0.00292391594340963,-0.0029692202806472,-5.199336051940918,-5.216371963301981,0.0222159662732464
-5.212637863819443,-5.19723226441786,-5.1802155439815145,-5.162817796354333,-5.146087710442002,-0.0029618896911502335,-0.0029323341391004035,-0.0029692202806472,-5.215044021606445,-5.229016320471501,0.01822081095439554
-5.226156936239599,-5.210153761505725,-5.195135112276908,-5.178553201796909,-5.161587057468855,-0.0029636068865434317,-0.0029404883579059586,-0.0029692202806472,-5.230751991271973,-5.241451269972227,0.013952574048732735
-5.2362079262642505,-5.221601758907612,-5.206308146998852,-5.192086822600792,-5.176296356802335,-0.0029589268215429593,-0.0029243625818582723,-0.0029692202806472,-5.230751991271973,-5.250371598538099,0.025585278303032588
-5.2463239188728785,-5.232691487196922,-5.218633077755531,-5.203954972989498,-5.190344616462713,-0.002961274086878206,-0.002928631578107325,-0.0856779068708419,-5.2464599609375,-5.26160561794448,0.019750948342115215
-5.257787935184899,-5.243007290603648,-5.229891492189814,-5.21641361559725,-5.202311762338683,-0.08567041219501148,-0.0029327002771582047,-0.0856779068708419,-5.262167930603027,-5.276452982390819,0.018628661654963352
-5.274802962751203,-5.256354473546998,-5.24179712018261,-5.228932230674079,-5.21570341257185,-0.08567466763827819,-0.08565806246608276,-0.0856779068708419,-5.293583393096924,-5.299757456655149,0.008051391256465479
-5.2964502858285085,-5.271929843913008,-5.25392890222916,-5.239874451128383,-5.227508755055849,-0.08567141440543229,-0.0856499148036759,-0.0856779068708419,-5.309291362762451,-5.321666174789738,0.016137581418996128
-5.31950157691484,-5.294569782141977,-5.270342267463158,-5.252670483608814,-5.23894276284867,-0.08567365744510456,-0.08565521326675925,-0.0856779068708419,-5.340707302093506,-5.348806820751793,0.010562313311476501
-5.346816696764116,-5.317772648166049,-5.293110169706911,-5.269185281626696,-5.251813892545875,-0.08567399996314704,-0.08565876217283491,-0.0856779068708419,-5.3721232414245605,-5.379569911569365,0.009710955244990771
-5.377148832936782,-5.344713374319447,-5.315996961575529,-5.29170264248539,-5.268143198654889,-0.08567315393544787,-0.0856558791698488,-0.0856779068708419,-5.403539180755615,-5.412598402232827,0.011813829887584504
-5.412524780243033,-5.377084873517426,-5.344659377898891,-5.315954160423455,-5.2916709540383975,-0.08567776233998843,-0.08567260290466296,-0.0856779068708419,-5.450663089752197,-5.450938569409139,0.00035924387242225464
-5.448726504106283,-5.4106030390249025,-5.375462483132094,-5.343373363439199,-5.3150020411681735,-0.08567356425952381,-0.08566120592683613,-0.0856779068708419,-5.482079029083252,-5.490356161940866,0.01079393409056184
-5.489196421238319,-5.4477189743974845,-5.409752452849683,-5.374788251991158,-5.342874186741024,-0.08567563012833596,-0.0856648840699308,-0.0856779068708419,-5.529202938079834,-5.533542469947623,0.005659039400544685
-5.533072787538992,-5.488788382631623,-5.447374496220037,-5.409479396548776,-5.374586090841328,-0.08567698481481535,-0.08567211474567632,0.018131673336029,-5.576326847076416,-5.578084310426211,0.002291849592193529
-5.578579829576813,-5.533503271926074,-5.4891518101961925,-5.4476625730647426,-5.409692678373703,0.018130700558657124,-0.08568069357502765,0.018131673336029,-5.623450756072998,-5.62159661648782,-0.002417921860311978
-5.624012384733668,-5.580678538600233,-5.535275063730861,-5.490556250151656,-5.448702370334831,0.018126930825709466,0.018112619511453494,0.018131673336029,-5.67057466506958,-5.661535314062055,-0.011787917467933617
-5.661801650093998,-5.62424376530358,-5.580873876873897,-5.5354299018307005,-5.490670886760286,0.018131150479011517,0.018124937408346743,0.018131673336029,-5.701990604400635,-5.700994024996619,-0.001299606106123008
-5.703437130920629,-5.663924108842557,-5.626035607323952,-5.582294209962969,-5.536481465810271,0.018126877157804432,0.01811286482035555,0.018131673336029,-5.749114513397217,-5.739972869933009,-0.011921313663740385
-5.741275702733869,-5.704568972503477,-5.66487964275337,-5.626793027015994,-5.582854976498437,0.018129115682573072,0.018117125981791878,0.018131673336029,-5.780530452728272,-5.77565549710646,-0.006357267737689298
-5.779575015649842,-5.74468080127699,-5.707443656714519,-5.66715830853928,-5.6284800699219,0.018123978741495128,0.018099779673243457,0.018131673336029,-5.8276543617248535,-5.812988259562519,-0.01912557679439253
-5.81537445768527,-5.781648035502013,-5.746430905528818,-5.708830905673935,-5.668185378208812,0.018126988876234044,0.018106119014690274,-0.0983437523245811,-5.859070301055908,-5.85014159589467,-0.011643627894142305
-5.853813933956972,-5.818564817125439,-5.784341430654623,-5.748565869556733,-5.710411556921664,-0.09835096166727664,0.0180995029127248,-0.0983437523245811,-5.90619421005249,-5.892453010820939,-0.0179194415967574
-5.895329078231774,-5.856312529853932,-5.820674205175096,-5.7860134718337894,-5.749803789231983,-0.09834939847023229,-0.0983724878673604,-0.0983437523245811,-5.953318119049072,-5.942556415026955,-0.01403398083794194
-5.944839137521704,-5.8973122031883705,-5.857986742194355,-5.822001297160997,-5.786996003424926,-0.09834823364641593,-0.09836648372385763,-0.0983437523245811,-6.000442028045654,-5.991900509247945,-0.011138711015243885
-5.992711074785279,-5.945543319808312,-5.897906694559287,-5.858457975570781,-5.822350181551872,-0.09834534358460038,-0.09835430040127428,-0.0983437523245811,-6.047565937042236,-6.0445329530549845,-0.003955213697699911
-6.046614070125717,-5.994519054165191,-5.947069669108195,-5.899116580470801,-5.859353731963226,-0.09834783786515441,-0.09836091990325466,-0.0983437523245811,-6.110397815704346,-6.102610666534534,-0.010154962634794096
-6.10499867925433,-6.048688666416852,-5.996270489293099,-5.9484579730084555,-5.900144431180921,-0.09834844034669842,-0.09836571117348344,-0.0983437523245811,-6.173229694366455,-6.16429419932392,-0.01165248235285965
-6.166496542907774,-6.106911974687387,-6.050303926622339,-5.997550851898303,-5.949405907832181,-0.0983480758507271,-0.09836492399672019,-0.0503461807966232,-6.2360615730285645,-6.227820817017366,-0.010746496253160487
-6.229542791493656,-6.167992515618608,-6.108174918792389,-6.051305020067849,-5.998292025793062,-0.05034956128717225,-0.09836096413247465,-0.0503461807966232,-6.298893451690674,-6.292450146649327,-0.008402500133565027
-6.294008640228039,-6.2308967394736445,-6.169135558274013,-6.109080970379099,-6.05197582835891,-0.050349240349994134,-0.05036122598059294,-0.0503461807966232,-6.361725330352783,-6.355893740122563,-0.007604783162352469
-6.360014635699231,-6.297588685932419,-6.233919119217096,-6.171531297356232,-6.110854690179542,-0.05035427072405381,-0.050380083584882676,-0.0503461807966232,-6.440264701843262,-6.424845084648236,-0.0201082107256072
-6.4275422858287055,-6.362357840791507,-6.2995668885003315,-6.235487174063534,-6.172692229258186,-0.05035147580141277,-0.050374458182824156,-0.0503461807966232,-6.503096580505371,-6.493004160319749,-0.013161190012509927
-6.494433689987932,-6.428784195858369,-6.363406297718258,-6.300397965151399,-6.236102473585349,-0.050348987174766095,-0.050362175252179134,-0.0503461807966232,-6.5659284591674805,-6.560579427666387,-0.006975494348625766
-6.564288058903456,-6.49765557927932,-6.431504209437532,-6.365562361280386,-6.301994237741991,-0.05035346138818797,-0.05037674477799378,0.0010510310530662,-6.644468307495117,-6.630591306020755,-0.01809653679184997
-6.633065465597013,-6.566437495645575,-6.499470196914303,-6.432942595992641,-6.366627291402544,0.001046173911929939,-0.05037197947085774,0.0010510310530662,-6.707300186157227,-6.698042345759306,-0.012072842226297453
-6.7003035523101495,-6.6350298984850715,-6.5680959275926805,-6.500784780311538,-6.433915866670702,0.0010465919702111227,0.0010292496964331725,0.0010510310530662,-6.770132064819336,-6.761671054642248,-0.011033722396641465
-6.763671945211685,-6.702041834573016,-6.636497407431469,-6.569259172728905,-6.501646005536857,0.0010471030089791347,0.0010316161144362627,0.0010510310530662,-6.832963943481445,-6.825476986810045,-0.0097634915664786
-6.830898436313466,-6.768381852717258,-6.706018076837456,-6.639649241351059,-6.57159267818965,0.001040387945946544,0.0010065256545280458,0.0010510310530662,-6.911503791809082,-6.891217746111095,-0.02645435853076794
-6.8962921495991,-6.835306846104865,-6.7721035617552365,-6.70896815080293,-6.641833370935188,0.0010410692485972818,0.0010024080904059373,0.0010510310530662,-6.974335670471191,-6.955348205775129,-0.02476092216975534
-6.960324679335279,-6.90061548234571,-6.83895673060259,-6.774996702815929,-6.711110129294205,0.0010412614995279098,0.0010038223589159813,0.0010510310530662,-7.037167549133301,-7.018546519832501,-0.02428306593947127
-7.023601405013175,-6.964716132513482,-6.904322876112746,-6.841895457332779,-6.77717243131162,0.001041107565921013,0.0010034277306149378,0.0010510310530662,-7.09999942779541,-7.081084996939138,-0.02466568116461154
-7.086165752488144,-7.02801533318481,-6.968442500330151,-6.90727664293588,-6.844082320977057,0.0010410567785621688,0.0010030801677756852,-0.0626938939094543,-7.16283130645752,-7.143820073542338,-0.024791917515011086
-7.148449308723087,-7.090187420403545,-7.031410543370963,-6.971133769603291,-6.90926916275305,-0.06270298178270291,0.001006408827557887,-0.0626938939094543,-7.225663185119629,-7.208341456610646,-0.022588690924357557
-7.21171980552284,-7.15138426382835,-7.092665195714412,-7.033374592780063,-6.972587881760923,-0.06270052610797194,-0.0627282673564564,-0.0626938939094543,-7.288495063781738,-7.275853916728124,-0.016484900082313736
-7.2815879118329,-7.216701238359918,-7.155589735753396,-7.0959987322998925,-7.035842624416333,-0.06270515058980984,-0.06274344273970309,-0.0626938939094543,-7.367034912109375,-7.34557937947846,-0.02797944760339277
-7.349338162936451,-7.284853371081288,-7.219458034976599,-7.157774955996029,-7.097616591457198,-0.06270127295724544,-0.06273328356210509,-0.0626938939094543,-7.429866790771484,-7.4158021291068295,-0.018341258214149114
-7.420839279779189,-7.353714209184503,-7.288547757865329,-7.222386451507492,-7.159943051187755,-0.06270378258113703,-0.06273897399054416,-0.0626938939094543,-7.508406639099121,-7.48955856744178,-0.02457914433695496
-7.495236638561434,-7.4257721284143665,-7.357878664899199,-7.291848782276139,-7.224830412288802,-0.0627050408027568,-0.06274628064448251,-0.0626938939094543,-7.586946487426758,-7.565700211843627,-0.027706562436438098
-7.568303254926879,-7.497498043402962,-7.427681272807808,-7.359391979646255,-7.2929691865601765,-0.06269900406797457,-0.06272452352629299,-0.0626938939094543,-7.649777889251709,-7.640037790979584,-0.012701738705107601
-7.643588403332609,-7.571387864635102,-7.500102161525584,-7.429745469927512,-7.3609202375982195,-0.06270086428658127,-0.06272557896383521,0.0409818813204765,-7.728317737579346,-7.715032013087427,-0.017325472114319673
-7.716828870926474,-7.6451494312859705,-7.572705730286769,-7.501146789439616,-7.430518875190616,0.04097835382281232,-0.06271431303997964,0.0409818813204765,-7.791149616241455,-7.78442611172247,-0.00876789896742114
-7.789611766364683,-7.721333930635184,-7.648952735023124,-7.575720481634408,-7.503378803851538,0.04097170111353963,0.040939541297426774,0.0409818813204765,-7.869689464569092,-7.8502857189509685,-0.02530378029625968
-7.854707459269325,-7.793453172228554,-7.724576958302439,-7.651523374316216,-7.5776236913152095,0.040973200790327895,0.040938606177568095,0.0409818813204765,-7.932521343231201,-7.9159760215222725,-0.02157620459951648
-7.917439794489187,-7.855979118311612,-7.794526744145606,-7.725427942764212,-7.652153412871298,0.04097900771767417,0.040962245042335234,0.0409818813204765,-7.979645252227783,-7.974168088734963,-0.007142587024000058
-7.977364452383002,-7.920216649115784,-7.858323420554366,-7.796384993928966,-7.726803724651052,0.04097560638594506,0.04095508422993916,0.0409818813204765,-8.04247760772705,-8.030517415348507,-0.015596889703864747
-8.035417773867318,-7.981621659861036,-7.9238107087194205,-7.861172311093324,-7.7984942109116275,0.040972261192020534,0.040938929186530075,0.0027782991528511,-8.10530948638916,-8.086973265275896,-0.023911657040084577
-8.090069419988007,-8.03810757155109,-7.983892466075456,-7.925610700665444,-7.862504960954485,0.002772220943280166,0.04094908772759751,0.0027782991528511,-8.152433395385742,-8.140848166022582,-0.015107912887362573
-8.14260363633836,-8.09159449235304,-8.039395082438935,-7.984913032786003,-7.926366291871349,0.002774852905015644,0.0027590819587361383,0.0027782991528511,-8.199556350708008,-8.192987710527026,-0.008565945527003294
-8.197414401885398,-8.146449343439475,-8.094841151251122,-8.041968600086948,-7.986818373498164,0.0027696089030787695,0.002741720912514216,0.0027782991528511,-8.262388229370117,-8.245824381799437,-0.021600363560615676
-8.249162535967606,-8.200314437634418,-8.148897638804085,-8.096781832895287,-8.04340541158456,0.0027717458625601283,0.0027446241707099173,0.0027782991528511,-8.3095121383667,-8.297021392495196,-0.01628876689527914
-8.299709376973263,-8.251497734010146,-8.202285880415745,-8.150460335394353,-8.097938797735411,0.00277302224181135,0.0027516273870755266,0.0027782991528511,-8.356636047363281,-8.346578114346816,-0.01311621644046923
-8.352225030798692,-8.304615159857205,-8.255639340022624,-8.205568792633757,-8.152890886553875,0.002767213420768719,0.0027307573585400153,0.0027782991528511,-8.41946792602539,-8.398338225357106,-0.027554540961231666
-8.403176328073416,-8.356428153281323,-8.308163559319036,-8.258452037298158,-8.20765121341459,0.0027688012417420712,0.0027310021808288126,0.0027782991528511,-8.466591835021973,-8.448488563427786,-0.02360787530810171
-8.452622489799351,-8.406767694336743,-8.359460090173167,-8.310566874032336,-8.260231365825755,0.002770183644043063,0.0027378604766297413,-0.0433724373579025,-8.513715744018555,-8.498247368036674,-0.02017179544034775
-8.50156148171333,-8.455501640268272,-8.409198357734411,-8.361386795548338,-8.311993337998684,-0.04337894345315343,0.002745378845019479,-0.0433724373579025,-8.560839653015137,-8.54843886214721,-0.016171459562364987
-8.553734817853277,-8.50616236594428,-8.45938584188184,-8.412277234116178,-8.363666285849257,-0.04338283410213945,-0.043418581537342314,-0.0433724373579025,-8.623671531677246,-8.603855060196693,-0.0258420023875523
-8.607475460756566,-8.55688005636548,-8.508817668684125,-8.461490611331396,-8.413835530374627,-0.04337954473960005,-0.04340993133447191,-0.0433724373579025,-8.670795440673828,-8.657248581820632,-0.017666008763049135
-8.659229381370764,-8.609196288860252,-8.558332829998003,-8.509969233631114,-8.462343188961043,-0.04337632596034753,-0.04339437022223003,-0.0433724373579025,-8.71791934967041,-8.710507569819438,-0.009665455971456183
-8.714207495469351,-8.662443707645977,-8.611909917519005,-8.560483832447808,-8.511561759154588,-0.04337970085911227,-0.043404018405780155,-0.0433724373579025,-8.78075122833252,-8.766906801530073,-0.018054057243958255
-8.768491028859701,-8.715583799755805,-8.663605624151991,-8.612830929774255,-8.561165717084457,-0.043375547430432086,-0.04339155815923927,-0.0433724373579025,-8.827875137329102,-8.821947256236681,-0.007730352878098756
-8.825074642602772,-8.771207959176802,-8.717877512136273,-8.665423773047795,-8.614177022393678,-0.04337857687982885,-0.043398954651139805,-0.0217211097478866,-8.890707015991211,-8.879004923645295,-0.015260310022361168
-8.880047821958671,-8.825980664984908,-8.77197284988519,-8.71848381535402,-8.665872658333498,-0.0217231571115035,-0.04338638255144704,-0.0217211097478866,-8.937830924987793,-8.933928595393066,-0.00508889843496263
-8.933607482918296,-8.879768854119147,-8.825745152140415,-8.771786166750108,-8.718345601816678,-0.0217204793566113,-0.02172075371464456,-0.0217211097478866,-8.984954833984375,-8.986156376548456,0.001566891756699107
-8.987940770863688,-8.935157683131894,-8.881077578674855,-8.82678253421418,-8.772554207451417,-0.021724612777810376,-0.021733834825580254,-0.0217211097478866,-9.047786712646484,-9.041109844292519,-0.008707082293330615
-9.041358134167096,-8.988156473756998,-8.935339785850458,-8.881221925393955,-8.826889403378562,-0.02172159717762844,-0.021726471126991897,-0.0217211097478866,-9.094910621643066,-9.093981567570195,-0.001211548564176823
-9.093137996703016,-9.040625278358645,-8.987537775356689,-8.934849364373495,-8.88085883481756,-0.02171945369352388,-0.021715283391239664,-0.0217211097478866,-9.142034530639648,-9.145191014371589,0.004116265613536285
-9.143976806743384,-9.092083148618974,-9.039734744621121,-8.986831879122557,-8.934326743969281,-0.02171872607875082,-0.021710365841045343,0.0656041428446769,-9.18915843963623,-9.193701776508977,0.0059248147395063455
-9.19315134095643,-9.143498613496607,-9.091679443833657,-9.039414741374024,-8.986594960127581,0.06560522343106705,-0.021714606291504977,0.0656041428446769,-9.236282348632812,-9.238341975078788,0.0026858904516160464
-9.23989458209705,-9.194500174961782,-9.144637338784408,-9.09258207318783,-9.040083015966127,0.06560109484749466,0.06559360279616794,0.0656041428446769,-9.283406257629396,-9.277596693802678,-0.007576059261007018
-9.277736380172632,-9.240015935229982,-9.194602624841215,-9.14471854736869,-9.092642197128276,0.06560386861967533,0.06560004935157294,0.0656041428446769,-9.31482219696045,-9.314299516802222,-0.0006816098370556745
-9.314393075272891,-9.277817659495243,-9.24008455362162,-9.194657016339491,-9.144758816894777,0.0656039591755632,0.06560316837240313,0.0656041428446769,-9.346238136291504,-9.345888058067917,-0.00045652538589457947
-9.343633788549617,-9.312434668961604,-9.276164315361273,-9.238774003163261,-9.193686731505586,0.06560856830911121,0.06562083147018011,0.0656041428446769,-9.361946105957031,-9.370381159061367,0.010999872640049091
-9.370354236334624,-9.343610399315303,-9.312414923082963,-9.276148663465353,-9.238762415057565,0.06560419569797094,0.0656087698148202,0.0656041428446769,-9.393362045288086,-9.393462785074497,0.00013137141007213415
-9.392623204776559,-9.369624847350313,-9.342994627709766,-9.311926821578082,-9.275787290513573,0.06560579106496206,0.06561047961656469,0.0602835789322853,-9.409070014953612,-9.412211566725029,0.004096793339684268
-9.411571141476562,-9.392066832595539,-9.369155141612287,-9.34262230772047,-9.311651169132448,0.06028483618175655,0.06561058438864607,0.0602835789322853,-9.42477798461914,-9.427174335603935,0.003125001740659883
-9.424094400506702,-9.408895434652772,-9.389807922299017,-9.367364579161514,-9.3412966391214,0.06028962530035361,0.060307888248929346,0.0602835789322853,-9.42477798461914,-9.436302523230058,0.015028768092793854
-9.435351633664634,-9.423268311118921,-9.408198025726161,-9.389255109627019,-9.366955296368769,0.060285445669123375,0.060296742323746655,0.0602835789322853,-9.440485954284668,-9.444044004427123,0.004639935034168374
-9.442185965056442,-9.433737453993293,-9.421905573225663,-9.407117829090787,-9.388455370550775,0.060287226538343834,0.060299352341514345,0.0602835789322853,-9.440485954284668,-9.447438388602935,0.009066438716304859
-9.445565240559262,-9.440558659660647,-9.432363634977898,-9.42081659295632,-9.406311586925119,0.060287256198903245,0.060301246293034814,0.0602835789322853,-9.440485954284668,-9.447494922419311,0.00914016258885475
-9.443046375696571,-9.441700546516625,-9.437295971428814,-9.429777411414484,-9.418901845237404,0.06029231208736994,0.060320551769957986,0.0602835789322853,-9.42477798461914,-9.441423610858058,0.02170700840614259
-9.438943735265347,-9.440891973140646,-9.439881736595762,-9.435854261789254,-9.428710020999079,0.06028844729480717,0.06031087295210851,0.0602835789322853,-9.42477798461914,-9.434057213276954,0.012100733945755948
-9.430507081458833,-9.435859543023883,-9.438288207455724,-9.437817818841607,-9.434326210669582,0.06029054836605118,0.06031501859405861,0.0602835789322853,-9.409070014953612,-9.422353941374181,0.01732312730918295
-9.418267644027367,-9.42695709311501,-9.432862538587115,-9.435912582528278,-9.436058990844222,0.060291600938274195,0.0603211326471977,-0.0243982747197151,-9.393362045288086,-9.408652202405795,0.01993938613792423
-9.407186504963994,-9.416994313089269,-9.425882109734404,-9.432010435305509,-9.435281715638881,-0.02439539733888397,0.06030257109018219,-0.0243982747197151,-9.393362045288086,-9.398846409804445,0.007151977639665574
-9.395292649702153,-9.404099160635097,-9.414387886319547,-9.423816082627555,-9.430480822496307,-0.024391298163090828,-0.024368798883394556,-0.0243982747197151,-9.37765407562256,-9.390951578400978,0.017340831786601285
-9.389447673348718,-9.39398612573862,-9.40299615472741,-9.413513570520319,-9.42316877038206,-0.024395322331694353,-0.02438004204268837,-0.0243982747197151,-9.37765407562256,-9.38328140584049,0.007338414463442078
-9.379715304299392,-9.38634960734193,-9.391370647413487,-9.400922952756083,-9.411978645697266,-0.02439127393502135,-0.024368631505532375,-0.0243982747197151,-9.361946105957031,-9.375289788081293,0.017401052737987754
-9.373117403927305,-9.37782803624951,-9.384756320217845,-9.390107702133152,-9.399987913098705,-0.024394010008360445,-0.024375014519201894,-0.0243982747197151,-9.361946105957031,-9.370074759409134,0.01060030702857162
-9.368517851484482,-9.371764833491081,-9.376686156557016,-9.38385119047284,-9.389437576340823,-0.024395218279217583,-0.024382357182918386,-0.0951272174715995,-9.361946105957031,-9.3677717629676,0.007597045847635542
-9.365833318251251,-9.366833819324281,-9.37034312407489,-9.375559215172728,-9.383016843251106,-0.09512341201795678,-0.0243807098053695,-0.0951272174715995,-9.361946105957031,-9.36919940197575,0.009458782468779958
-9.365481096947018,-9.362603024811872,-9.36410671071652,-9.368181436521489,-9.373958778779512,-0.09511991788895109,-0.0950955820103153,-0.0951272174715995,-9.361946105957031,-9.375859304942708,0.018143740764301697
-9.373746135199813,-9.36364527167071,-9.36105316718831,-9.36287819054506,-9.367271883987353,-0.09512306900689067,-0.09510410166902344,-0.0951272174715995,-9.37765407562256,-9.385561159870951,0.010311365987938359
-9.383713331168964,-9.372140826090687,-9.362290022566638,-9.359978906665024,-9.362082846354566,-0.09512358991059361,-0.0951092387572207,-0.0951272174715995,-9.393362045288086,-9.400276273202023,0.009016615013193174
-9.400971268466787,-9.384317111285663,-9.372650555000567,-9.362694067582284,-9.360278047189066,-0.09512858185008276,-0.09512879166875485,-0.0951272174715995,-9.42477798461914,-9.422177442883578,-0.0033912801179205587
-9.42079947123649,-9.399774149689051,-9.383306468449481,-9.371849452311187,-9.362100959713032,-0.0951245123094766,-0.09511826829022904,-0.0951272174715995,-9.440485954284668,-9.445642065355282,0.0067239132217871145
-9.445181230754377,-9.4203991192007,-9.399436160740546,-9.383038555942774,-9.371651099443188,-0.09512631278512795,-0.09512106314907541,-0.0951272174715995,-9.471901893615724,-9.473626250130945,0.002248676068647981
-9.476233581416496,-9.447446360990043,-9.422311408681303,-9.40095196849274,-9.384160805958931,-0.09513233604849504,-0.09514582760412212,-0.0951272174715995,-9.519025802612305,-9.509269658692658,-0.012722663301197201
-9.510209307477114,-9.477049905327604,-9.448135525614397,-9.422857686371334,-9.40135641301783,-0.0951290621411222,-0.0951393689391938,-0.0951272174715995,-9.55044174194336,-9.546925752691866,-0.004585084823037988
-9.54959723017711,-9.512530164998848,-9.479009241420032,-9.449688625638311,-9.42400754625588,-0.09513246197697121,-0.095149057068449,0.0306489393115043,-9.59756565093994,-9.587569483990013,-0.013035669364239055
-9.588789594794966,-9.550657206671264,-9.51342502829083,-9.479718569546813,-9.450213786893483,0.03064654405355958,-0.09514159401233757,0.0306489393115043,-9.628981590270996,-9.624416164819694,-0.005953619721276837
-9.625932100819684,-9.590106570695934,-9.551769036411546,-9.514306338446293,-9.480371060164291,0.030645963304953977,0.030635197886384566,0.0306489393115043,-9.66039752960205,-9.654725181837568,-0.007397120350951525
-9.656012283275295,-9.627050275713348,-9.591050566786294,-9.552517310460178,-9.514860333873452,0.030646412541040616,0.030636329871825026,0.0306489393115043,-9.691813468933104,-9.686997377117212,-0.006280505403147174
-9.688816509636734,-9.657592662452842,-9.628384478236892,-9.592108144390888,-9.553300303212476,0.03064536808534829,0.030632797070677655,0.0306489393115043,-9.72322940826416,-9.716422556074829,-0.008876589896489762
-9.719173564256167,-9.691206459791761,-9.659610328575814,-9.629983814520212,-9.593292235953424,0.030643538675614847,0.030624777902962273,0.0306489393115043,-9.754645347595217,-9.744351591719235,-0.013423745200297432
-9.748111639177402,-9.722440121610129,-9.693964183461423,-9.66179628366226,-9.631602217729679,0.03064155778229389,0.03061539624279006,0.0306489393115043,-9.78606128692627,-9.771991895610375,-0.018347425995264288
-9.773746247462576,-9.749635739872407,-9.723726812185594,-9.69498409993785,-9.662551393458006,0.03064549525937825,0.030628427168996886,0.0734033212065696,-9.801769256591797,-9.795204801491435,-0.008560487902347091
-9.796352603032858,-9.774743404973947,-9.750477569533887,-9.724394102331695,-9.69547813777092,0.07340106790240256,0.030636904429572225,0.0734033212065696,-9.817477226257324,-9.813182368487858,-0.0056007813924718874
-9.814924490190066,-9.797866078732607,-9.776021125616321,-9.751490375845115,-9.72514394801463,0.07339990116403662,0.0733880288268264,0.0734033212065696,-9.833185195922852,-9.8266665037465,-0.008500809992852965
-9.829300347898057,-9.817212653591772,-9.799797813488553,-9.77755234698628,-9.75262403755432,0.07339815058099727,0.07338018790697516,0.0734033212065696,-9.84889316558838,-9.839037815504211,-0.0128520347658867
-9.83996471078713,-9.830105592150012,-9.817892464442417,-9.800336676755796,-9.777951302137087,0.07340150157405645,0.07339121314509377,0.0734033212065696,-9.84889316558838,-9.845424897544076,-0.004522853181486042
-9.845823049069566,-9.840310606632341,-9.83039760758284,-9.818123935284742,-9.80050804951475,0.07340253957624492,0.0733985215710951,0.0734033212065696,-9.84889316558838,-9.847403357367218,-0.0019428094272981866
-9.848083426351483,-9.84641386191607,-9.840809388191822,-9.830792975000891,-9.81841665122491,0.07340198613058233,0.07339744953524974,0.0734033212065696,-9.84889316558838,-9.846348475190755,-0.0033184462428419437
-9.844713576414954,-9.846663101028867,-9.845214781558258,-9.839858917397358,-9.830089280312102,0.07340653075464151,0.07341422268596764,0.0734033212065696,-9.833185195922852,-9.839302680048924,0.007977607897899475
-9.839903372650435,-9.84523543068854,-9.84710366573551,-9.845564002429077,-9.840117468079232,0.07340214195816014,0.07340203481373267,0.0734033212065696,-9.833185195922852,-9.830937517039745,-0.0029311233899917966
-9.82998347363839,-9.839074543354164,-9.8445357086507,-9.8465490195378,-9.845153362159266,0.07340519413485401,0.07340928258673818,-0.0856680646538734,-9.817477226257324,-9.821047077461422,0.004655324406773076
-9.818013970504778,-9.827348448962555,-9.836849978121938,-9.842772370380803,-9.845243506751618,-0.08566211021637019,0.07342789571235467,-0.0856680646538734,-9.801769256591797,-9.813118573096645,0.014800266763090875
-9.80973269305984,-9.815072472702711,-9.824865150114862,-9.8348815503904,-9.841315016669341,-0.08566141767064442,-0.08563676827519824,-0.0856680646538734,-9.801769256591797,-9.814438583699102,0.016521648754514118
-9.81117533072923,-9.806897728048048,-9.81267911196585,-9.822968013308154,-9.833476977937924,-0.08566165840571136,-0.08563699354341818,-0.0856680646538734,-9.801769256591797,-9.813979736248424,0.015923281031607672
-9.81293657204365,-9.810269077352801,-9.806132642327494,-9.812072654168496,-9.822519013577223,-0.08566601676827236,-0.08565385074400371,-0.0856680646538734,-9.817477226257324,-9.821380550767715,0.005090195871444436
-9.817906048454072,-9.809918083258532,-9.807720780455693,-9.804112692821569,-9.810577155572199,-0.08566124369200918,-0.08564001152524042,-0.0856680646538734,-9.817477226257324,-9.830478161278089,0.016954087622343295
-9.828288064857368,-9.816003392796507,-9.808311805464047,-9.80644753790651,-9.803170029433469,-0.08566376517071979,-0.08564485170704472,0.0324327424168586,-9.833185195922852,-9.841380125350069,0.010686735326808972
-9.840745477232876,-9.827736711583915,-9.815537924167677,-9.807942844089139,-9.806174372059225,0.03243398832496681,-0.08565901508652425,0.0324327424168586,-9.84889316558838,-9.851267899633106,0.0030968118069765183
-9.849733664954863,-9.839412604276703,-9.82661146108267,-9.814645975824998,-9.807282477337132,0.03243575434642041,0.03244547145033963,0.0324327424168586,-9.84889316558838,-9.854633983569741,0.007486410086999129
-9.852039135020412,-9.847479379149823,-9.837509469982978,-9.825102910340142,-9.81352909864006,0.032437836488296935,0.032455175737188056,0.0324327424168586,-9.84889316558838,-9.858602601453791,0.012661752878758037
-9.859114178931728,-9.85248357014823,-9.847854584339508,-9.83780688255621,-9.82532310400562,0.032431738114615395,0.03243400753800637,0.0324327424168586,-9.864601135253906,-9.862686908424175,-0.0024962796405372245
-9.86277666150556,-9.859192152306079,-9.852549397561239,-9.847906763522605,-9.837845514163014,0.032432566218286815,0.03243106634914122,0.0324327424168586,-9.864601135253906,-9.864265296082234,-0.0004379567111492122
-9.86428593865091,-9.862794594825623,-9.859207292141647,-9.852561398401255,-9.847915648516683,0.032432701892443586,0.0324324117170182,0.0324327424168586,-9.864601135253906,-9.864523894639333,-0.00010072692043472387
-9.864759270188515,-9.864490422168652,-9.862967225817773,-9.859344130940807,-9.852662708969396,0.03243228033984733,0.032430940201758796,0.0324327424168586,-9.864601135253906,-9.863720404160892,-0.00114853217086619
-9.864540487959692,-9.86547172150559,-9.865091894497983,-9.863443992765863,-9.859697112190851,0.03243113247108446,0.032426142344655726,0.0324327424168586,-9.864601135253906,-9.861532535720121,-0.004001658749206882
-9.859818040293316,-9.863051012705172,-9.864214262744065,-9.864095149100322,-9.86270603801071,0.03243610822492748,0.03244396477517478,0.0324327424168586,-9.84889316558838,-9.855308485431385,0.00836600556574929
-9.85541579533563,-9.859911266232817,-9.863129716781707,-9.864276648826586,-9.86414133753155,0.03243253175164717,0.032435305053742744,0.0796018466353416,-9.84889316558838,-9.848491632083372,-0.0005236265096595361
-9.847552924751543,-9.85460028931553,-9.859222792096077,-9.862583986418056,-9.863872609522433,0.07960368945665357,0.03243955759595419,0.0796018466353416,-9.833185195922852,-9.836697662435446,0.004580490936225701
-9.836073711241598,-9.84701086447612,-9.854142666108606,-9.858860049524058,-9.862315424750708,0.07960307154380739,0.07960835947870892,0.0796018466353416,-9.817477226257324,-9.819811934424157,0.0030446153888075145
-9.819805389387922,-9.8360680252133,-9.847006064164011,-9.854138861062152,-9.858857232403325,0.07960185948421564,0.0796031205307536,0.0796018466353416,-9.801769256591797,-9.80179374688799,3.1936981990554614e-05
-9.803069198277704,-9.820913443252413,-9.83700347683354,-9.847747565297675,-9.854687842064546,0.07959934273564502,0.07959231324697909,0.0796018466353416,-9.78606128692627,-9.781288787401738,-0.006223658143602151
-9.781014087086215,-9.802830551200561,-9.8207119703799,-9.836843776042887,-9.847629328526137,0.07960238591268469,0.07960139875628375,0.0796018466353416,-9.754645347595217,-9.755673224577274,0.0013404202383124897
-9.758060395753075,-9.783087952282395,-9.804581369116633,-9.822099785037034,-9.83787126453484,0.07959716026529962,0.07958451890297173,0.0796018466353416,-9.738937377929688,-9.730005031786712,-0.011648375977516778
-9.731761698416078,-9.759586507420668,-9.78437634057999,-9.805602631320468,-9.822855891161373,0.07959839803896566,0.07958401232683275,0.0796018466353416,-9.707521438598633,-9.700948322036924,-0.008571783026466662
-9.69963223765559,-9.730618344465867,-9.758621254431164,-9.78361121690015,-9.805036161027108,0.0796044303036097,0.07960824839769264,0.0796018466353416,-9.66039752960205,-9.665322070148866,0.006421929791754266
-9.665489084283907,-9.699777331901634,-9.730740837290359,-9.758718350385953,-9.783683103283282,0.07960151876189583,0.079603180270431,0.0796018466353416,-9.628981590270996,-9.628356654748954,-0.0008149576612836995
-9.630208620967363,-9.667097987878167,-9.701135615575641,-9.731817503215483,-9.75951547545021,0.0795982109517791,0.07958765754459068,0.0714116618037223,-9.59756565093994,-9.590635941216723,-0.009036804326546743
-9.59101848368455,-9.630540956376793,-9.667378555192785,-9.701358011878515,-9.731982157508966,0.07141091081628613,0.07959534777629443,0.0714116618037223,-9.55044174194336,-9.549010339884028,-0.0018666438912262606
-9.548679930044083,-9.59073143871916,-9.630298624585388,-9.667186466907125,-9.701215796560396,0.07141231044710036,0.07141338380015902,0.0714116618037223,-9.503317832946776,-9.504554164504963,0.0016122589286329259
-9.504209337899619,-9.548380360451926,-9.590478533269943,-9.630098154915714,-9.667038046311108,0.07141233874934286,0.07141489133462507,0.0714116618037223,-9.456193923950195,-9.457484200336522,0.0016826065875896745
-9.457583937077027,-9.504295984620645,-9.548453510158968,-9.590536516590005,-9.63014108369859,0.07141146600575124,0.07141159226022242,0.0714116618037223,-9.409070014953612,-9.408696818804799,-0.0004866727044756658
-9.40635627529292,-9.45555057986384,-9.502579364733691,-9.547092803132855,-9.589529097621584,0.07141625663676454,0.07142898402627873,0.0714116618037223,-9.346238136291504,-9.35499601047444,0.011420852888335276
-9.353813624486198,-9.40532907239506,-9.454683385004538,-9.501891968445772,-9.546583879429235,0.07141398300227293,0.07142510631715217,-0.0861971601843833,-9.299114227294922,-9.303538493568173,0.005769538724834433
-9.30214138846487,-9.352599883436325,-9.40430439654848,-9.453871158818341,-9.501290625136066,-0.08619441746045634,0.0714244397682995,-0.0861971601843833,-9.25199031829834,-9.257218023168152,0.006817276317821808
-9.256626739574424,-9.301627708307144,-9.352166219558395,-9.403960645733198,-9.453616657970562,-0.08619599940724755,-0.08618999194216115,-0.0861971601843833,-9.220574378967283,-9.22278685111062,0.0028852114498114645
-9.222909472152732,-9.25673326713061,-9.301717641999204,-9.352237506980613,-9.404013424398975,-0.08619740090762262,-0.08619691717609992,-0.0861971601843833,-9.18915843963623,-9.188699614729293,-0.0005983383243588491
-9.187986138049036,-9.222289636227067,-9.25620998343518,-9.301302852559544,-9.351930411668105,-0.08619575952414832,-0.08619206082354933,-0.0861971601843833,-9.157742500305176,-9.160412196026035,0.003481461533665353
-9.16114705855767,-9.188624553024797,-9.222828604902325,-9.256637205832433,-9.301619152790577,-0.08619860282820714,-0.08620125967266029,-0.0861971601843833,-9.142034530639648,-9.139284813079968,-0.0035858153562848827
-9.1402357399587,-9.161973180361546,-9.189321989318026,-9.223381439266925,-9.257046504685606,-0.0861990269944729,-0.08620572013087519,-0.0861971601843833,-9.12632656097412,-9.122768371212281,-0.004640117107172159
-9.123461522762122,-9.140837918340152,-9.162481557039479,-9.189724962464751,-9.223679786217433,-0.0861985209433815,-0.08620421495317444,0.0154928565025329,-9.110618591308594,-9.108024948407962,-0.0033822835763874792
-9.108422947169752,-9.123807285893214,-9.141129821731823,-9.162712939070534,-9.189896269471008,0.015492075172105947,-0.08620149980296841,0.0154928565025329,-9.094910621643066,-9.093421385034977,-0.0019420640056750926
-9.09448866969094,-9.109350155291587,-9.124590062225364,-9.141750302283821,-9.163172320749048,0.01549076126491916,0.015484086978587254,0.0154928565025329,-9.07920265197754,-9.075209073269498,-0.005207893373418315
-9.07932826047057,-9.098067231236692,-9.11237128206473,-9.126984808120033,-9.143523286763612,0.015484769928896228,0.01545993081653026,0.0154928565025329,-9.07920265197754,-9.063789427203103,-0.02009987458219875
-9.067186413077208,-9.082279406516415,-9.10055867541519,-9.114346166326884,-9.128446942016568,0.015486187716902923,0.015459344865028726,0.0154928565025329,-9.063494682312012,-9.050783799247613,-0.0165758404981613
-9.056910244829371,-9.072508788949158,-9.086772712566319,-9.104120368460364,-9.116983116871378,0.015480829383853985,0.015440333752250218,0.0154928565025329,-9.063494682312012,-9.04057067371259,-0.0298944383484141
-9.045430399286337,-9.061132152262129,-9.076073047217672,-9.089597980586165,-9.106212096172097,0.015483316142557053,0.015444456305581009,0.0154928565025329,-9.047786712646484,-9.02960253238132,-0.02371338561908587
-9.033349690309617,-9.048685758805949,-9.063880422391108,-9.078251508799397,-9.091210835871903,0.015485500277375778,0.01545527018264453,0.0154928565025329,-9.032078742980955,-9.018057581864719,-0.018284530593529524
-9.02410598518469,-9.038604266631962,-9.05312182648454,-9.067396744498547,-9.080854868319214,0.015480982592355056,0.015440230427454142,-0.0161788687109947,-9.032078742980955,-9.009446753865985,-0.029513625436191404
-9.016815827335265,-9.03050789936284,-9.044008950630184,-9.057405938270838,-9.070568548122347,-0.016193335291981328,0.015425828061089865,-0.0161788687109947,-9.032078742980955,-9.004505054236773,-0.03595793181747631
-9.008996802536673,-9.020718052933326,-9.03380227283621,-9.046620290022158,-9.059339280853758,-0.016187686677164116,-0.0162269542093493,-0.0161788687109947,-9.01637077331543,-8.999563494889587,-0.021917813654919627
-9.004973753733147,-9.013696988108501,-9.024686087655727,-9.036947600912425,-9.048948978788424,-0.01618948984919413,-0.016228180274057112,-0.0161788687109947,-9.01637077331543,-8.996126600964637,-0.026399752889236794
-8.99860516797157,-9.007127019449568,-9.015514838276061,-9.026127036531022,-9.038014428085095,-0.016183734504569166,-0.016208040919697998,-0.0161788687109947,-9.000662803649902,-8.991388471474266,-0.012094348605955929
-8.994531479688016,-9.001335669835818,-9.009432189328788,-9.017342069146956,-9.027479853121001,-0.016185038900918224,-0.016207258648481517,-0.0161788687109947,-9.000662803649902,-8.988902257284385,-0.01533653796816381
-8.992308303960723,-8.997490497344659,-9.00383375945937,-9.011412341212415,-9.01880810300262,-0.016185555284319406,-0.016210531781221827,-0.0161788687109947,-9.000662803649902,-8.987918016765498,-0.016620053343949337
-8.99127367549931,-8.99522354687621,-8.999951631045894,-9.005784617622508,-9.012856687041849,-0.016185456365336665,-0.016210671031274687,-0.0161788687109947,-9.000662803649902,-8.988106558981759,-0.016374181700877344
-8.99112347128759,-8.993894631002801,-8.997436234499876,-9.001705554333743,-9.007083159891657,-0.01618479135600344,-0.016208036732433016,-0.0161788687109947,-9.000662803649902,-8.989374084486458,-0.014721243782496174
-8.991895779054651,-8.993314204257803,-8.995744112126571,-8.998902256173574,-9.002790944512421,-0.016183819170349785,-0.016203665218841482,-0.0161788687109947,-9.000662803649902,-8.991227096240946,-0.012304792688738075
-8.993155049230484,-8.993570696482193,-8.99472821874895,-8.996864954001786,-8.999732087536259,-0.01618265356782614,-0.016198249117870676,-0.0136308521032333,-9.000662803649902,-8.99344876570218,-0.009407587322085575
-8.994731986758016,-8.994269853025738,-8.994511846592253,-8.995474236884425,-8.997417279231275,-0.013633371255933486,-0.016192257957867755,-0.0136308521032333,-9.000662803649902,-8.995861231494175,-0.006261570796501914
-8.996506996156079,-8.995292997577357,-8.994743474838488,-8.994887270722678,-8.995752187525477,-0.013632119834762734,-0.013638204542965215,-0.0136308521032333,-9.000662803649902,-8.998246473582963,-0.003151055798218394
-8.998249219877446,-8.996509382011189,-8.995295011786322,-8.994745071434398,-8.994888452785366,-0.013630857494615503,-0.013632140389664999,-0.0136308521032333,-9.000662803649902,-9.000652527531798,-1.3400744366620643e-05
-9.000045289123102,-8.997721678905794,-8.996064016426999,-8.994941985420844,-8.994483703299958,-0.013629660004436318,-0.013626312560990197,-0.0136308521032333,-9.000662803649902,-9.00293497571396,0.0029630641338957986
-9.001761528394967,-8.999025851732489,-8.996861039915812,-8.995381816756872,-8.99443690910776,-0.013628548452612296,-0.013620877226368875,-0.0136308521032333,-9.000662803649902,-9.005053623101825,0.0057259218358449715
-9.003362564521256,-9.000292414001121,-8.997785582207621,-8.995877919849695,-8.994653949711406,-0.013627532305159508,-0.013615891563826739,-0.0136308521032333,-9.000662803649902,-9.006990427216579,0.008251643764030092
-9.004833439805289,-9.00148867245762,-8.99871041927753,-8.996531588034523,-8.99494950727298,-0.013626617617961486,-0.013611388127725183,-0.0136308521032333,-9.000662803649902,-9.008733845382894,0.010525177498863059
-9.006168666934963,-9.002604930028076,-8.99960729904373,-8.9972191176548,-8.995427481482897,-0.013625816278591728,-0.013607418295889722,-0.0136308521032333,-9.000662803649902,-9.010261219569,0.012516975453547019
-9.006982862070783,-9.0033205797994,-9.000200491208878,-8.997701381012602,-8.995808043896844,-0.013624416202648405,-0.013601279100086502,-0.0956306084990501,-9.000662803649902,-9.01292980161441,0.015996984680041848
-9.011489733929757,-9.00573179709412,-9.002264393997475,-8.999363288137609,-8.997081545707697,-0.09562778143322247,-0.013613637879095475,-0.0956306084990501,-9.01637077331543,-9.021759236094736,0.007026915369101161
-9.020261959897542,-9.01018896881249,-9.004633652973611,-9.001393931973928,-8.998718829090228,-0.09562766912445214,-0.09561657492711624,-0.0956306084990501,-9.032078742980955,-9.037681269268361,0.007306068481343075
-9.03590856215861,-9.018721912993826,-9.008888815979226,-9.003603065416819,-9.000630921690737,-0.09562712841283903,-0.0956144011294842,-0.0956306084990501,-9.047786712646484,-9.054419849672819,0.008650053721204642
-9.05145873614109,-9.03333608207941,-9.016550149747257,-9.007167332072909,-9.002328540109184,-0.09562479539528666,-0.09560496567697456,-0.0956306084990501,-9.063494682312012,-9.074574612943787,0.014448969591844829
-9.073104105839048,-9.05018122678769,-9.03225757115787,-9.015695250302231,-9.006534395003808,-0.09562772167613935,-0.09561378924499897,-0.0956306084990501,-9.094910621643066,-9.10041298301471,0.007175446740992797
-9.099378182294595,-9.072205118275784,-9.049422275080033,-9.031655975586867,-9.015249850390335,-0.09562857703220627,-0.0956199766117281,-0.0956306084990501,-9.12632656097412,-9.130198590895882,0.005049385637651227
-9.132020210702995,-9.100960722313904,-9.073541145045418,-9.050481298703334,-9.032440038919859,-0.09563418460811948,-0.09564221111890979,-0.0956306084990501,-9.173450469970703,-9.166634310818404,-0.008888726797827928
-9.166536180867336,-9.131934959887182,-9.100888751071047,-9.073484095854402,-9.050439061516299,-0.09563041585544432,-0.09563345014516741,-0.0956306084990501,-9.204866409301758,-9.205233593146307,0.0004788322581497084
-9.206183758437447,-9.167361641038726,-9.132631837610834,-9.10144114267627,-9.073893066904319,-0.09563247381403064,-0.0956375274579376,-0.0956306084990501,-9.25199031829834,-9.248434978254215,-0.004636400884939107
-9.250086892199294,-9.207618865761344,-9.16857320079622,-9.133592200406994,-9.102152161050432,-0.09563385145041557,-0.09564483772106877,0.0492991134524345,-9.299114227294922,-9.292933075601475,-0.008060634658226817
-9.295804333070283,-9.25258130943849,-9.209724726065375,-9.170242445649714,-9.134828049782413,0.04929347674941082,-0.09565534165003076,0.0492991134524345,-9.346238136291504,-9.33549443016897,-0.014010510374774299
-9.337798170847572,-9.297805717664238,-9.254270937101127,-9.21106403726032,-9.171234023907571,0.04929459086879652,0.049276234183189355,0.0492991134524345,-9.37765407562256,-9.369033910728842,-0.011241270777349044
-9.37048836343453,-9.33906173287295,-9.298872453841774,-9.25511650310139,-9.211690064179685,0.049296258146683265,0.049283704879185465,0.0492991134524345,-9.409070014953612,-9.403627726127612,-0.007097108129123342
-9.405371617800308,-9.372003376803733,-9.340340751661044,-9.299886289149587,-9.255867110616707,0.04929568993518771,0.049283205823594654,0.0492991134524345,-9.440485954284668,-9.433960639211215,-0.008509446693027556
-9.436660594210354,-9.407717215284363,-9.37398359909906,-9.341910407477682,-9.301048406352797,0.049293813041491635,0.04927548186519961,0.0492991134524345,-9.471901893615724,-9.461799169157905,-0.013174627471697065
-9.465701738214182,-9.440050967813868,-9.41057946826886,-9.376252411068506,-9.3435901549692,0.04929145213225036,0.04926460389221033,0.0492991134524345,-9.503317832946776,-9.488715152581447,-0.01904287053503495
-9.490737260523135,-9.46745845316018,-9.441534038172804,-9.41175504841503,-9.377122768695404,0.049295143755508,0.04927631747303488,0.0492991134524345,-9.519025802612305,-9.511459454519342,-0.009867023282897236
-9.51287126223242,-9.491963774528303,-9.468493912310812,-9.442354811922558,-9.412362720036045,0.04929634186511026,0.04928457694640018,0.0802242830395698,-9.534733772277832,-9.529451053003914,-0.006889018775277478
-9.531187281222781,-9.514379617943243,-9.493237172725632,-9.469503292364784,-9.443102120926776,0.08022087456681617,0.04928334689987071,0.0802242830395698,-9.55044174194336,-9.543945102074664,-0.008472052310761313
-9.543752741754618,-9.53102016736982,-9.514238535519791,-9.493125341419056,-9.469420496452551,0.08022466067132503,0.08022231430592726,0.0802242830395698,-9.55044174194336,-9.55116151812876,0.0009386362208800847
-9.550141059918305,-9.542866214308129,-9.530271734858745,-9.51364527816321,-9.492686114823833,0.08022628634994614,0.08023229838785859,0.0802242830395698,-9.55044174194336,-9.554260104888012,0.00497940031498878
-9.55352616197983,-9.549503443869362,-9.542327920110358,-9.529845047097181,-9.51332937375738,0.08022572387803681,0.08023177961544892,0.0802242830395698,-9.55044174194336,-9.55318801844482,0.0035813279865344327
-9.550283606907586,-9.551002942001508,-9.547373267446915,-9.540639400685114,-9.52859492751604,0.08022998482893275,0.08024746222243047,0.0802242830395698,-9.534733772277832,-9.545601534696887,0.01417228807137505
-9.541879545530232,-9.547050112857585,-9.548273131344247,-9.545209438069476,-9.539037378561742,0.08023158985472577,0.08025784241085492,0.0802242830395698,-9.519025802612305,-9.532952786950078,0.01816171778418152
-9.529436110775567,-9.538824418022626,-9.54447088447473,-9.546228663486705,-9.543695786959802,0.08023118679495973,0.0802579107520306,0.0802242830395698,-9.503317832946776,-9.516476574633138,0.01715987805446595
-9.51372323431339,-9.527044134565294,-9.536805041444305,-9.542870192370806,-9.545043568122933,0.08022968825379183,0.08025179443245749,0.0236178636550903,-9.48760986328125,-9.497912345581094,0.013435125039872986
-9.495954812359985,-9.51202261893282,-9.525608425107352,-9.535667002696343,-9.542027629056665,0.02362170658229075,0.08024433959736933,0.0236178636550903,-9.471901893615724,-9.479226615233753,0.00955192622091694
-9.474435536273349,-9.491792541966953,-9.508508708005012,-9.522823065736338,-9.533604821925332,0.02362726925161244,0.02365756586845708,0.0236178636550903,-9.440485954284668,-9.458413271817017,0.023378419459183064
-9.455352002289704,-9.471776045243473,-9.489547321519975,-9.50672899703895,-9.521505431189656,0.023623873379884523,0.02365018161455186,0.0236178636550903,-9.42477798461914,-9.436232680173486,0.014937688082083511
-9.434593761980825,-9.453928185081452,-9.470574016933238,-9.48859451398247,-9.506023572308926,0.023621081093871912,0.023636140018977632,0.0236178636550903,-9.409070014953612,-9.415202538982584,0.00799722093582389
-9.41477785637329,-9.434224817142782,-9.453616711011836,-9.470327121881981,-9.488411721689147,0.02361869736985601,0.023624259671253412,0.0236178636550903,-9.393362045288086,-9.394951127841344,0.002072269787063874
-9.392418608886915,-9.412577719671113,-9.432367397112264,-9.452144396432953,-9.469237072660666,0.02362283536431632,0.023637652248842365,0.0236178636550903,-9.361946105957031,-9.371422316186074,0.012357611071385222
-9.370721528141754,-9.391809796268136,-9.412063742175153,-9.431959984384887,-9.451842762575216,0.023619239405656484,0.0236280804790871,0.0236178636550903,-9.346238136291504,-9.348860353520067,0.0034195464085389204
-9.349644867953772,-9.371403078420366,-9.392385181033113,-9.412519830385696,-9.432297655834917,0.023616323537239976,0.023613367632760993,0.0236178636550903,-9.330530166625977,-9.327594660975166,-0.0038280954362317487
-9.326422428784774,-9.348626486211339,-9.370543330639586,-9.391703687794639,-9.41201527708942,0.02362016492023417,0.023625097220561848,0.0236178636550903,-9.299114227294922,-9.303500499963873,0.005719992527161821
-9.304345366189573,-9.327156409941495,-9.349246134663714,-9.371034505190966,-9.392067335920482,0.023616205057747242,0.023613841438611345,0.0574580952525138,-9.283406257629396,-9.280244926909187,-0.0041225864099772025
-9.283049858280958,-9.306782162347535,-9.329213624836191,-9.35087681993231,-9.372241806424505,0.05745258875742716,0.023595211282113712,0.0574580952525138,-9.267698287963867,-9.257202761638007,-0.013686867343540854
-9.25890371663025,-9.284527570224887,-9.308029690176724,-9.330202498316773,-9.351608946600718,0.05745475602632037,0.057439857798007164,0.0574580952525138,-9.236282348632812,-9.229917694552547,-0.008299934027075295
-9.234130052667656,-9.262563220807131,-9.287617031144826,-9.310478602258314,-9.332015585510154,0.057449825770594404,0.05742322823136372,0.0574580952525138,-9.220574378967283,-9.204812526133377,-0.020554508857227205
-9.208100432589037,-9.236986435500947,-9.264974663098029,-9.289528500593143,-9.311893786087632,0.05745164060591331,0.05742521712200898,0.0574580952525138,-9.18915843963623,-9.176855711266608,-0.016043579514805728
-9.179781862017121,-9.210642538602121,-9.239132556068697,-9.266675820912646,-9.290787977187176,0.057452350785860314,0.05742973955231022,0.0574580952525138,-9.157742500305176,-9.146793393833441,-0.014278366149179433
-9.149737879193923,-9.182339896301242,-9.212802106284155,-9.240844372959925,-9.267943189106969,0.057452314792309556,0.05743031250512508,0.0574580952525138,-9.12632656097412,-9.115308849835781,-0.014367831216656413
-9.118551300271946,-9.152554771915344,-9.184717999879721,-9.214687149252985,-9.242239991566022,0.05745172984280179,0.05742804636362543,0.0574580952525138,-9.094910621643066,-9.082777981160108,-0.015821773550124263
-9.083355926158166,-9.119053392467482,-9.152978652895209,-9.185053996119727,-9.214935908889707,0.057456960661013926,0.05744740415849455,0.0574580952525138,-9.047786712646484,-9.045624151022675,-0.002820124798732948
-9.047716500724151,-9.085173663934206,-9.120587980092017,-9.154195069050443,-9.185954587271798,0.057453987660625226,0.057441300270666504,0.0574580952525138,-9.01637077331543,-9.008541593751273,-0.010209773076304884
-9.008953481642113,-9.048074330095668,-9.085475754000475,-9.120827436758466,-9.15437235422886,0.05745728665567255,0.057450904846530926,0.0749482437968254,-8.969246864318848,-8.967705657198735,-0.002009837024555594
-8.970567974351646,-9.011440131943534,-9.050173633322682,-9.087139801278878,-9.122059438034599,0.07494262464496396,0.05743586337070203,0.0749482437968254,-8.937830924987793,-8.927120671848032,-0.013966885450852118
-8.92920991255361,-8.972383011174166,-9.012972439343772,-9.051388242020572,-9.088039054253974,0.07494414230835554,0.07492698752419204,0.0749482437968254,-8.890707015991211,-8.882889469705718,-0.010194602503917238
-8.884697526677623,-8.930780669801667,-8.973709090582204,-9.014023578027071,-9.052166467625112,0.07494469431360724,0.07493060973398213,0.0749482437968254,-8.843583106994629,-8.836817697424094,-0.008822545953558247
-8.838889246005323,-8.886497193391245,-8.932300001304492,-8.974913413721298,-9.014915215941148,0.07494417704061201,0.07492918961122273,0.0749482437968254,-8.796459197998047,-8.788707852318655,-0.01010827249191415
-8.788197330509547,-8.838445727994326,-8.88612276245852,-8.932003202458793,-8.974693674437804,0.07494924602663457,0.07494799808964882,0.0749482437968254,-8.733627319335938,-8.735537596051202,0.002491128427440259
-8.736729531035243,-8.789232829138456,-8.839319926353458,-8.886815710185926,-8.932516236250283,0.07494590385218387,0.07494032487587966,0.0749482437968254,-8.686503410339355,-8.682043413517471,-0.005816133746757046
-8.681728342486045,-8.736455811725534,-8.789001747257002,-8.839136755494206,-8.886680097012384,0.07494886232785399,0.07494826203128549,0.0749482437968254,-8.623671531677246,-8.624850468295136,0.0015374120929720902
-8.623845675426805,-8.680855424372705,-8.735718868613265,-8.788417597161613,-8.838704271590466,0.07495021635381849,0.07495638279564446,0.0749482437968254,-8.560839653015137,-8.564599399192074,0.004902960134774759
-8.563509913345609,-8.622899179925511,-8.680056365068271,-8.735085481095105,-8.787948659625531,0.07495038261865929,0.0749583707142591,0.0749482437968254,-8.498007774353027,-8.502084425745752,0.005316225702815203
-8.500749113129066,-8.562349854783477,-8.621919824411943,-8.679280062790465,-8.734510734566364,0.07495086521296303,0.07496037689294259,-0.0673068687319755,-8.435175895690918,-8.440172384682667,0.006515755369509435
-8.44089958458643,-8.501380871164002,-8.562883203473753,-8.622342592035539,-8.679593064865909,-0.06730829633292766,0.07494542241611817,-0.0673068687319755,-8.388051986694336,-8.385330941248828,-0.0035484250043413823
-8.38558564581894,-8.441120860273998,-8.501567678599171,-8.563031279463956,-8.622452222219286,-0.06730736875471331,-0.06731020269350803,-0.0673068687319755,-8.340928077697754,-8.339975021039097,-0.0012428495392136085
-8.33995020283065,-8.385564084893922,-8.441102657907768,-8.501553250193787,-8.56302059718703,-0.06730682001016211,-0.0673071830004717,-0.0673068687319755,-8.293804168701172,-8.293897033775423,0.00012110225944717001
-8.292434714947229,-8.338679807077613,-8.384491579482763,-8.440252518829457,-8.500923837530479,-0.06730399798386252,-0.06729587514580901,-0.0673068687319755,-8.24668025970459,-8.252151982083452,0.007135491447980868
-8.251829802233328,-8.292154819820789,-8.338443511390267,-8.3843042758144,-8.440113845871398,-0.06730623624528453,-0.06730158659813122,-0.0673068687319755,-8.215264320373535,-8.2164698568557,0.001572100092644746
-8.216260850231976,-8.251648226832659,-8.292001528533971,-8.338322002527065,-8.384214314984279,-0.06730645842106445,-0.06730467191533032,-0.0673068687319755,-8.183849334716797,-8.184631398243786,0.0010198630745907877
-8.18377126384444,-8.215513604783922,-8.251017380275918,-8.291501477620733,-8.337951782659374,-0.06730518016094966,-0.06730002066334378,-0.0673068687319755,-8.152433395385742,-8.15565185674382,0.004197088577619468
-8.15335199952337,-8.18177325302141,-8.2138268253578,-8.249680326782558,-8.290511570884634,-0.06730235377214018,-0.0672879666608401,-0.0673068687319755,-8.121017456054688,-8.12962308977745,0.011222321159863213
-8.128627318322222,-8.15248691880135,-8.181042926465107,-8.213247919984473,-8.24925172588404,-0.06730491388535044,-0.0672949008259741,-0.0990397185087204,-8.10530948638916,-8.10903547613282,0.004858939491128922
-8.107989418258407,-8.127718551057885,-8.15171971078278,-8.180434786393278,-8.2127976747575,-0.09903766494241793,-0.06729708456569716,-0.0990397185087204,-8.089601516723633,-8.093515668802276,0.005104315743636789
-8.0943572599295,-8.108720554159284,-8.1283357974617,-8.152208981310807,-8.180797024848115,-0.09904137067656081,-0.09904396391125472,-0.0990397185087204,-8.089601516723633,-8.086452440806735,-0.004106605327942603
-8.0879139798214,-8.09562697821619,-8.109792487633454,-8.129185483184738,-8.152838058326033,-0.0990425877259441,-0.0990523097043254,-0.0990397185087204,-8.089601516723633,-8.084132712260514,-0.007131686290957617
-8.084977727096772,-8.088648090084181,-8.096246735663694,-8.110283748581619,-8.129549195275679,-0.09904137739780797,-0.09904891231985678,-0.0990397185087204,-8.089601516723633,-8.086439629930627,-0.004123311566047505
-8.088992899244213,-8.087195890762453,-8.09052072900681,-8.097731113748067,-8.111382729192293,-0.09904473095397008,-0.09906048758483103,-0.0990397185087204,-8.10530948638916,-8.095755632213812,-0.012458863963336952
-8.0994133799435,-8.092170583270354,-8.089878584958216,-8.092647210745035,-8.099305485010932,-0.09904689920843533,-0.09907210771474717,0.0814948305487632,-8.121017456054688,-8.107330851107186,-0.017848247003909634
-8.11263370896215,-8.104020260445905,-8.096059847112416,-8.092961473998773,-8.094929671875459,0.08148442025458726,-0.09908658895241411,0.0814948305487632,-8.136725425720215,-8.116883127694969,-0.025875681926834204
-8.122241679979922,-8.11728897423945,-8.107950372136182,-8.099175114872626,-8.095267907178819,0.08148431091818488,0.08144431366035004,0.0814948305487632,-8.136725425720215,-8.116674729599366,-0.026147446962770715
-8.121447815842757,-8.126388319122889,-8.120789688806802,-8.110725271194736,-8.101229551201238,0.08148546027460539,0.08144858630022034,0.0814948305487632,-8.136725425720215,-8.118865433555245,-0.023290622683342477
-8.12103537692718,-8.123332963452762,-8.127979816109347,-8.122051215105062,-8.111659260288377,0.08149057062902468,0.08146921912705135,0.0814948305487632,-8.121017456054688,-8.112897935550562,-0.010588397054405618
-8.117159293920125,-8.124737450285252,-8.126458362525886,-8.130457215159959,-8.123885393034653,0.08148646487209797,0.08145867608700307,0.0814948305487632,-8.121017456054688,-8.10507225347263,-0.020793609175072447
-8.108235716073304,-8.11990756562073,-8.127057621982294,-8.128297484834757,-8.131818835746646,0.08148862020385328,0.08146278763538124,0.0814948305487632,-8.10530948638916,-8.093472403549846,-0.015436346642001553
-8.09632591430801,-8.110714715781524,-8.122000409992237,-8.128716549542501,-8.129525695654072,0.08148922868515697,0.08146726283118182,0.0814948305487632,-8.089601516723633,-8.078924215458848,-0.013923914004966065
-8.079141506440113,-8.09651468677982,-8.110874083047205,-8.122126735080156,-8.12881007613369,0.08149440397443317,0.0814876023501408,0.0814948305487632,-8.058185577392578,-8.057372515355773,-0.001060287201836374
-8.058927167601196,-8.080492117245333,-8.097654912094258,-8.1117779014222,-8.122795889980882,0.0814917785364976,0.08148276803183684,-0.0255236700177192,-8.04247760772705,-8.03666039104446,-0.0075860390962088076
-8.03880157854847,-8.060787333427625,-8.082062523876283,-8.098899720774867,-8.112699513387769,-0.025527873485436472,0.08147575261497207,-0.0255236700177192,-8.026769638061523,-8.018757716613784,-0.010448080698148843
-8.016938931272076,-8.037221500983138,-8.05945338553397,-8.081005148108266,-8.098116877455174,-0.025520099473124575,-0.02551426061355887,-0.0255236700177192,-7.9953532218933105,-8.002158775008477,0.00887489581701395
-8.00100092888937,-8.015933047490766,-8.036372304348252,-8.058780255835066,-8.0805067868785,-0.02552139699456073,-0.02551143346372152,-0.0255236700177192,-7.979645252227783,-7.983977694920208,0.005649794642372363
-7.982758331578879,-7.999941601757443,-8.01503873240945,-8.035663410769684,-8.058255416303897,-0.025521276227156112,-0.025512270553656954,-0.0255236700177192,-7.963937282562256,-7.96849991114508,0.0059499724179747915
-7.9668564035009055,-7.981330527264944,-7.998736207415474,-8.014083256731451,-8.034956010643567,-0.025520443569165566,-0.025508975237876652,-0.0255236700177192,-7.948229312896728,-7.954379009791197,0.00801961549943453
-7.955279429870278,-7.967638647305991,-7.981990920462729,-7.999259678960369,-8.014470816399797,-0.02552543767549196,-0.025527182848887844,-0.0581983774900436,-7.948229312896728,-7.944860110092181,-0.00439366549209641
-7.943898601804797,-7.954444115422257,-7.96693345031255,-7.9814319344512885,-7.9988458256472015,-0.05819648990708398,-0.025518241175264442,-0.0581983774900436,-7.932521343231201,-7.936119126636647,0.004691749862968386
-7.936005334471355,-7.9437997443732105,-7.9543606570746865,-7.96686729567879,-7.981382955919084,-0.05819815409919511,-0.0581956382187999,-0.0581983774900436,-7.932521343231201,-7.932947132139448,0.0005552571755425006
-7.933174161901947,-7.936202567551126,-7.943966254332652,-7.954492643936456,-7.966965014045475,-0.058198823183041405,-0.058199853325045695,-0.0581983774900436,-7.932521343231201,-7.931671840504314,-0.0011078082956412771
-7.931507307595585,-7.933031223231903,-7.936081894527212,-7.943870600872763,-7.954421825525117,-0.05819805448761202,-0.05819759172083704,-0.0581983774900436,-7.932521343231201,-7.933136994470447,0.0008028503364014838
-7.93528232335176,-7.933371071261307,-7.934604667264467,-7.937329110854235,-7.944793995373898,-0.05820258908789696,-0.05821411140566988,-0.0581983774900436,-7.948229312896728,-7.940201895193016,-0.01046828885095863
-7.940310283374796,-7.935376486049496,-7.93345056617666,-7.934667680218402,-7.937375763398708,-0.05819859027207329,-0.05820340032955247,-0.0581983774900436,-7.948229312896728,-7.947823744679713,-0.0005288880435960763
-7.949086742458965,-7.941407518111792,-7.936302803844504,-7.93418482723332,-7.935211300925914,-0.058200856941461154,-0.05820804329907784,-0.0581983774900436,-7.963937282562256,-7.959211382108842,-0.006162889842431518
-7.960762019035586,-7.950433864938863,-7.9425447984795285,-7.93720428785899,-7.934852253856755,-0.058201421619644846,-0.05821246283102293,-0.0581983774900436,-7.979645252227783,-7.973843060113468,-0.007566446055662368
-7.97495117376246,-7.96172469752021,-7.95124658639318,-7.943189015525809,-7.9376812431915855,-0.0582005528810086,-0.05820971540164519,-0.088183082640171,-7.9953532218933105,-7.991206868762504,-0.005407121424773287
-7.9943828948575115,-7.9777103600526456,-7.964054083634378,-7.953093012661547,-7.944556043703697,-0.08818931764907824,-0.05822432415039361,-0.088183082640171,-8.026769638061523,-8.01488554498629,-0.015497651129534162
-8.015348624606778,-7.994785197263693,-7.978049995561125,-7.964323301313968,-7.953292331833014,-0.08818399173394798,-0.08819278361254203,-0.088183082640171,-8.04247760772705,-8.04074485077024,-0.002259630805555801
-8.041807711448199,-8.016271989378751,-7.995564728926994,-7.978667904172921,-7.964780778819653,-0.08818516919286168,-0.08819194681578253,-0.088183082640171,-8.073893547058105,-8.069916522044771,-0.005186306249871819
-8.070629473052792,-8.042427090693852,-8.016794887531502,-7.9959792127599005,-7.978974773225083,-0.08818448226843363,-0.08819050534249112,-0.088183082640171,-8.10530948638916,-8.102641757635068,-0.0034788964776222286
-8.105556183911741,-8.073161393378948,-8.044564612205505,-8.018489229162677,-7.997233642894732,-0.08818880408994847,-0.08820629556909713,-0.088183082640171,-8.152433395385742,-8.141528159692836,-0.014221155723381784
-8.142173582031397,-8.10611689733621,-8.073634764122211,-8.044939837321566,-8.01876703246059,-0.08818434969966908,-0.08819363481482859,-0.088183082640171,-8.183849334716797,-8.181434285559504,-0.0031493854064841287
-8.182901235849348,-8.143448001386604,-8.107192799590512,-8.074487595764186,-8.04557124346301,-0.08818596248052811,-0.08819532922863742,-0.088183082640171,-8.230972290039062,-8.22548323760065,-0.0071580910031308065
-8.2268673128683,-8.18410365717362,-8.144463120788329,-8.107997450703298,-8.075083330759616,-0.08818579978460367,-0.08819632172351044,-0.088183082640171,-8.278096199035645,-8.272917249363374,-0.006753696283782418
-8.276808943664054,-8.230248238981254,-8.186957934309078,-8.146725610569671,-8.10967251747215,-0.0881907226116017,-0.0882149275407424,-0.088183082640171,-8.340928077697754,-8.3263660886252,-0.01898980637141534
-8.32885563452138,-8.278971747337591,-8.232074141372378,-8.188405265912001,-8.147797163286311,-0.08818796998692865,-0.08820935585464636,0.0488217696547508,-8.388051986694336,-8.37873657357737,-0.012147920897319864
-8.380849303422881,-8.33069107763495,-8.280521282328143,-8.23330240580347,-8.189314629105086,0.04881762205362559,-0.08820378291440249,0.0488217696547508,-8.435175895690918,-8.427270457455904,-0.010309219476551945
-8.430803334163047,-8.383918505212685,-8.333282187940254,-8.28257516858721,-8.234823029961834,0.048814834095319524,0.048791179901893425,0.0488217696547508,-8.4822998046875,-8.469080443651078,-0.017238929735814423
-8.470119515202159,-8.431706032029027,-8.38468058926688,-8.33388626641733,-8.283022406754238,0.04881972980363421,0.04880705706546771,0.0488217696547508,-8.513715744018555,-8.509827733449537,-0.005070225469046008
-8.513143966700325,-8.473000507060195,-8.434138249981476,-8.386608526885501,-8.335313642692796,0.0488152593984624,0.04879490914045644,0.0488217696547508,-8.560839653015137,-8.548430931098938,-0.016181802179033866
-8.550989394971065,-8.515366643161014,-8.47487695581693,-8.4356256479936,-8.387709743343011,0.04881674701181451,0.04879611033227187,0.0488217696547508,-8.592255592346191,-8.58268230110851,-0.012484211190857408
-8.585167300130328,-8.553148248528,-8.517189210747674,-8.47632164403217,-8.436695243640244,0.04881689123417993,0.048798147800283485,0.0488217696547508,-8.623671531677246,-8.614373132110074,-0.012125734092014895
-8.61690296922988,-8.587365106977174,-8.555003701626212,-8.51865996620527,-8.477410538935672,0.04881680321036275,0.04879795642763988,-0.0397345274686813,-8.6550874710083,-8.64562129570067,-0.012344524863612705
-8.648011588463126,-8.618979546317853,-8.589118214351958,-8.5563933310605,-8.519688798293524,-0.03973921996685953,0.04879891283683758,-0.0397345274686813,-8.686503410339355,-8.677559383805463,-0.011663607987422608
-8.678823727668805,-8.649109992616447,-8.619906851368473,-8.589853257973038,-8.556937531150808,-0.03973700956266099,-0.03974868306875848,-0.0397345274686813,-8.71791934967041,-8.713188412423179,-0.006169458157989638
-8.71396300680504,-8.679496659859836,-8.649678101738742,-8.620357172421013,-8.590186659624901,-0.03973604811200284,-0.039742807087984944,-0.0397345274686813,-8.749335289001465,-8.746436902321312,-0.003779689819252141
-8.746429701544603,-8.713956751099394,-8.679491378609375,-8.64967391546858,-8.620354073055841,-0.03973451333249174,-0.03973599421710468,-0.0397345274686813,-8.78075122833252,-8.780778172286404,3.5136715496264515e-05
-8.779889892536824,-8.745658004702836,-8.713305261957847,-8.678974965011307,-8.649291581252426,-0.03973278364417071,-0.03972786491822031,-0.0397345274686813,-8.812167167663574,-8.815490943635517,0.004334425868240288
-8.813790169036045,-8.778412337309888,-8.744410609178734,-8.712316493351073,-8.678242915987727,-0.03973118859662556,-0.03972005403491756,-0.0397345274686813,-8.843583106994629,-8.849947086079025,0.00829905378738438
-8.847544055399162,-8.811702525827698,-8.776649887591232,-8.743013574381706,-8.71128217859627,-0.03972980996408747,-0.03971320288494603,-0.0397345274686813,-8.874999046325684,-8.883990735753876,0.011725763585078042
-8.8808315485999,-8.84479949801121,-8.809385489862503,-8.774813250871855,-8.74165379403686,-0.039728325517105506,-0.03970616472735818,-0.0397345274686813,-8.906414985656738,-8.918236070577592,0.015415484287801817
-8.914429083846043,-8.877524212550892,-8.84200734776936,-8.807172245986608,-8.773174644015617,-0.039727053790735684,-0.03969983176282462,-0.0397345274686813,-8.937830924987793,-8.952075954247793,0.018576469605545043
-8.950842372464953,-8.91335740438208,-8.876619469268036,-8.84129018810509,-8.806641286540298,-0.039732105765214853,-0.039717820930554086,-0.0567045211791992,-8.984954833984375,-8.989570665304594,0.006019352341040118
-8.986762236499386,-8.948402537896694,-8.911297624372159,-8.87498675071861,-8.84008138150292,-0.05669900781813351,-0.039711085812708116,-0.0567045211791992,-9.01637077331543,-9.02687938638026,0.01370393332525488
-9.022465722453358,-8.982927847035224,-8.945165433680172,-8.90873168039985,-8.873087017285915,-0.056695856504201385,-0.05666597333068196,-0.0567045211791992,-9.047786712646484,-9.064301814015629,0.021536795257972585
-9.061793524563962,-9.020286635235614,-8.981088197597769,-8.94370720525456,-8.9076520600642,-0.056699597036070255,-0.05667708297323297,-0.0567045211791992,-9.094910621643066,-9.104296169623947,0.01223938144428871
-9.102944610988658,-9.0606193522035,-9.019295364438918,-8.980302450474545,-8.943125466099012,-0.05670186786972453,-0.05668948116691554,-0.0567045211791992,-9.142034530639648,-9.14709180918142,0.0065950290029821446
-9.143110145265997,-9.09948552338707,-9.057699088843432,-9.016980569589844,-8.978588658898394,-0.05669670458410971,-0.056672066727447123,-0.0567045211791992,-9.173450469970703,-9.188349108442077,0.019428819672887343
-9.185374867972955,-9.140526261103641,-9.09730413247852,-9.055969973412276,-9.015700394173308,-0.05669868230531639,-0.056674443598433794,-0.0567045211791992,-9.220574378967283,-9.231703428133072,0.014513023440915873
-9.229839158038974,-9.183755275333928,-9.139158953424062,-9.096220313526754,-9.055167552502123,-0.05670086134130918,-0.05668472899848341,0.0701924487948417,-9.267698287963867,-9.274674036478794,0.009096841985952508
-9.27143118309183,-9.227021915252317,-9.181376876220094,-9.137273676194265,-9.09482452148219,0.07019881499560572,-0.05667658989670147,0.0701924487948417,-9.299114227294922,-9.31124837554408,0.015823739777959034
-9.312133076577691,-9.272199770908752,-9.227670779663766,-9.181891209282622,-9.137654470056082,0.07019071199587978,0.07019219336657433,0.0701924487948417,-9.346238136291504,-9.342927751202504,-0.004316963262484208
-9.343707245536569,-9.312810265623213,-9.272771473792648,-9.228123949370628,-9.182226719976581,0.07019091853218935,0.07018487779639752,0.0701924487948417,-9.37765407562256,-9.374737354241647,-0.0038035994936507223
-9.373339299379724,-9.342492679379822,-9.311784893197173,-9.27195869545127,-9.227522197264912,0.07019519338328528,0.07020138240677465,0.0701924487948417,-9.393362045288086,-9.39859330397626,0.006821910734325698
-9.396516436474375,-9.371535011830973,-9.340969446832249,-9.31057747783071,-9.271064768162297,0.07019652599288291,0.07021073789563732,0.0701924487948417,-9.409070014953612,-9.416841263035012,0.010134226553448755
-9.415033577256207,-9.394946001701912,-9.370209204666306,-9.33991852394714,-9.309799411995458,0.07019599754935289,0.07021005578902627,0.0701924487948417,-9.42477798461914,-9.431542005254826,0.008820734689743759
-9.430696099563391,-9.41429869305917,-9.394325590876377,-9.369717425807284,-9.339554428413466,0.07019410943280971,0.07020232881095588,0.0701924487948417,-9.440485954284668,-9.44365117449041,0.004127658558900293
-9.441247436653859,-9.428607842009638,-9.412535724692075,-9.392928144964124,-9.368682806677427,0.07019716768768869,0.07021210043727073,0.0701924487948417,-9.440485954284668,-9.449480289760356,0.011729214207749195
-9.449157343278635,-9.440966875512933,-9.4283709840533,-9.412347975331935,-9.392789142031763,0.07019308278654386,0.07019958481134708,-0.0896219164133071,-9.456193923950195,-9.457402329023795,0.0015758409274688745
-9.454596610565567,-9.446719863335938,-9.438909083347076,-9.426739841201211,-9.411140335319894,-0.08961640837305336,0.07021408245320085,-0.0896219164133071,-9.456193923950195,-9.466692395405735,0.013690707989356454
-9.463278448633515,-9.451630729666748,-9.44421597956174,-9.43692433863451,-9.42527040697875,-0.08961521433092588,-0.08959085636373074,-0.0896219164133071,-9.471901893615724,-9.484676241174997,0.01665860243838324
-9.48125063145758,-9.460302435501042,-9.449118291963275,-9.442224454436252,-9.435449884436066,-0.0896151914348397,-0.08958957502918066,-0.0896219164133071,-9.48760986328125,-9.50042785139073,0.01671551263067883
-9.499159401291719,-9.480148659994411,-9.459372118822662,-9.448380861125848,-9.441678486936073,-0.08961942625817955,-0.08960569759942932,-0.0896219164133071,-9.519025802612305,-9.523772104622116,0.006189494834634601
-9.520085315310089,-9.495956487266378,-9.477444665892222,-9.457228753362799,-9.446793989757442,-0.08961467870067126,-0.08959183213291724,-0.0896219164133071,-9.534733772277832,-9.548529045371394,0.017989957524504163
-9.54567369503456,-9.517604717460012,-9.493862293696571,-9.47578466886776,-9.45599975075028,-0.0896163109383359,-0.08959330755949829,-0.0896219164133071,-9.566149711608888,-9.57683389623151,0.013932890363339112
-9.574077402106278,-9.54327897894225,-9.515583027792792,-9.492259768084635,-9.474598216040029,-0.08961650500769851,-0.08959567969588104,-0.0896219164133071,-9.59756565093994,-9.607879934187505,0.013450514263904978
-9.607629246695401,-9.573859616272458,-9.543095117744127,-9.515437287185906,-9.492151866935432,-0.0896214242766875,-0.08961462871332056,-0.0896219164133071,-9.644689559936523,-9.645627585443824,0.0012232479138880592
-9.644132861375535,-9.606330698751064,-9.572763343954463,-9.542226139435671,-9.51479392662828,-0.08961898204891561,-0.0896102368722328,0.0599768236279487,-9.676105499267578,-9.68169847596801,0.007293615182089042
-9.680120019670465,-9.642761570697953,-9.605173014880927,-9.571845686767755,-9.54154673877215,0.05997992237108886,-0.08960716794262713,0.0599768236279487,-9.707521438598633,-9.713427725573004,0.007702192705854927
-9.713704363990308,-9.680360350481841,-9.642964465028363,-9.605333842413597,-9.57196475773891,0.0599762805458252,0.059977851844543024,0.0599768236279487,-9.738937377929688,-9.737902248934812,-0.0013498773474029946
-9.739263743954492,-9.714887168627323,-9.681358908899965,-9.64375598880474,-9.605919858397181,0.05997415081188204,0.059966090306856436,0.0599768236279487,-9.770353317260742,-9.765258858634985,-0.006643514315818777
-9.765283145575317,-9.739284843338059,-9.7149049813467,-9.681373028445355,-9.643766442412739,0.05997677594909318,0.05997396903396715,0.0599768236279487,-9.78606128692627,-9.785970409757509,-0.00011850989790929134
-9.785803378206323,-9.765138036198923,-9.739162337740082,-9.714807875266798,-9.681301134565949,0.05997715153558493,0.05997802611262467,0.0599768236279487,-9.801769256591797,-9.802394257281783,0.0008150426446338344
-9.802680691416047,-9.786052219088816,-9.765348114981345,-9.739328860146964,-9.714931162519779,0.05997626131538417,0.05997500769206382,0.0599768236279487,-9.817477226257324,-9.816405443529572,-0.0013976762632381678
-9.817612004374427,-9.803728896324259,-9.786937144462168,-9.766049565653248,-9.739848189215401,0.059974454970579474,0.05996723069598293,0.0599768236279487,-9.833185195922852,-9.828670471877068,-0.005887501702048326
-9.827499402121443,-9.816594632502184,-9.802870001105557,-9.786256327021066,-9.765545512693253,0.05997912261106121,0.059983219953547766,-0.0868433713912963,-9.833185195922852,-9.83756711897925,0.0057143203418714705
-9.836937231544757,-9.826952184711505,-9.816132655490819,-9.80250380741874,-9.785985210271365,-0.08684213482911227,0.059983837063474266,-0.0868433713912963,-9.84889316558838,-9.851250086052664,0.0030735817082767625
-9.849156930466167,-9.835118793652649,-9.82541700602842,-9.814915770823289,-9.80160286939687,-0.08683926221733625,-0.08682646840704177,-0.0868433713912963,-9.864601135253906,-9.87243333028844,0.010213705451080912
-9.872823408765067,-9.84949581281556,-9.835404888086293,-9.825643783493222,-9.81508366877286,-0.0868441371730322,-0.08684218179679555,-0.0868433713912963,-9.89601707458496,-9.894557474196233,-0.0019034163961730854
-9.892567024234795,-9.871094196825172,-9.848035961302246,-9.83424771274052,-9.824787052124346,-0.08683946384366674,-0.08682923946098094,-0.0868433713912963,-9.911725044250488,-9.919172934127877,0.009712545857750499
-9.917761071442703,-9.891340462472384,-9.870058697356473,-9.847215155593712,-9.833640017458364,-0.08684059969605372,-0.08682889662311503,-0.0868433713912963,-9.943140983581545,-9.948423908550717,0.0068892870156300745
-9.946904957909089,-9.916441476558884,-9.890226421709848,-9.869175634597806,-9.846561367411308,-0.08684038946655863,-0.08682923096550663,-0.0868433713912963,-9.974556922912598,-9.980240550899836,0.007411830514847395
-9.981319415162163,-9.947842225863614,-9.917232745697286,-9.890853634224598,-9.869640000381523,-0.08684548936138978,-0.08684846432874252,-0.0868433713912963,-10.02168083190918,-10.017643924489189,-0.00526439690780478
-10.017282972925814,-9.981005836943568,-9.947577493920468,-9.917022901562419,-9.89069827310878,-0.08684266278999851,-0.08684278778508302,0.057210199534893,-10.053096771240234,-10.05444738419066,0.0017612894971588133
-10.053843894807585,-10.01675868893625,-9.980563220999326,-9.947226647102383,-9.91676314708716,0.057211384273798266,-0.08683814591631205,0.057210199534893,-10.084512710571287,-10.086770854485675,0.0029447704897549443
-10.087844924402264,-10.05477699765369,-10.017546441767777,-9.981187646255519,-9.94768894929924,0.05720809097680922,0.057203345295351045,0.057210199534893,-10.115928649902344,-10.111909682023555,-0.005241002547865747
-10.113900248702736,-10.089574237741198,-10.056236934771052,-10.018703684969008,-9.982044427862157,0.057206291758129246,0.0571931923911729,0.057210199534893,-10.147344589233398,-10.13989626262014,-0.009713115390496796
-10.140339443176831,-10.114285263711908,-10.089899278721324,-10.05649458385737,-10.018894439166475,0.057209329505921,0.05720297473110108,0.057210199534893,-10.163052558898926,-10.161394260501087,-0.002162531871444884
-10.161476465502904,-10.14041085912469,-10.114345555152854,-10.089947069724989,-10.056529966612576,0.05721003815431765,0.05720871423476625,0.057210199534893,-10.178760528564451,-10.178452932888717,-0.0004011253060145492
-10.178817563727383,-10.161793240107686,-10.140678289550946,-10.114557538284801,-10.090104014477982,0.05720948371063372,0.05720730904012503,0.057210199534893,-10.19446849822998,-10.193104118122521,-0.0017792427894676166
-10.19433637856651,-10.179888095272554,-10.16269701428378,-10.14139468103678,-10.115087928999184,0.05720778042541012,0.05720026074013842,0.0815742537379264,-10.210176467895508,-10.20556558077707,-0.0060129047716834805
-10.205239398392923,-10.194053006221473,-10.17964886401513,-10.162507383687444,-10.141254285304214,0.08157489408218356,0.057210221768487994,0.0815742537379264,-10.210176467895508,-10.211396981108171,0.0015916307495285054
-10.210850563992064,-10.204764696180035,-10.193652248669512,-10.179331196941092,-10.162272194311711,0.08157532643553154,0.08157898379305967,0.0815742537379264,-10.210176467895508,-10.212221058107133,0.0026662821977279094
-10.212153854443532,-10.210792180521114,-10.20471540713891,-10.193613178899273,-10.179302271076175,0.08157438566865638,0.0815758294277436,0.0815742537379264,-10.210176467895508,-10.21042793138143,0.0003279251813292916
-10.208395016015292,-10.210387750501194,-10.209301183695677,-10.20353354394852,-10.192738169530445,0.08157824465142534,0.08158960121706807,0.0815742537379264,-10.19446849822998,-10.202075285675221,0.009919758899275877
-10.199396412248808,-10.20606773323795,-10.20842299001925,-10.207743783940073,-10.202380500695929,0.08157951276262437,0.08159829493437726,0.0815742537379264,-10.178760528564451,-10.188784369737009,0.013071758398959687
-10.185794484282475,-10.196798936438284,-10.203874867860776,-10.206684779161556,-10.20645687459401,0.08158012332522921,0.08160189084468161,-0.0577261894941329,-10.163052558898926,-10.17424014866143,0.01458936428906199
-10.170444474648116,-10.182496976205949,-10.19401508325949,-10.201668200788562,-10.20505104153628,-0.05771873802472615,0.08160853240839448,-0.0577261894941329,-10.147344589233398,-10.161547288426696,0.018521268371262778
-10.158818068296707,-10.168073452956135,-10.180495290047483,-10.192428413758226,-10.200493487259848,-0.05772083163141034,-0.05769831091708276,-0.0577261894941329,-10.147344589233398,-10.157556818313807,0.013317428813557797
-10.152893287993116,-10.154766606331409,-10.164653089757893,-10.17778408282504,-10.190421132594246,-0.05771703429445289,-0.05768592699516929,-0.0577261894941329,-10.131636619567873,-10.149086674048654,0.022756036562700643
-10.145391517173474,-10.149683104611404,-10.152056475225042,-10.162504859700592,-10.17619360988213,-0.05771893535473316,-0.05768937754136833,-0.0577261894941329,-10.131636619567873,-10.145463202511015,0.01803078765960109
-10.141911391179793,-10.142305865847801,-10.147078107124734,-10.149991581062944,-10.16097608568329,-0.057719216763234424,-0.05769235148500617,-0.0595953948795795,-10.131636619567873,-10.144926830410993,0.017331322615936173
-10.14109480245198,-10.138582300457038,-10.139495349671357,-10.144850305188294,-10.14834219593772,-0.05958787204200118,-0.057690535585504875,-0.0595953948795795,-10.131636619567873,-10.145975348397394,0.018698660102561604
-10.141545790756764,-10.137246605255859,-10.13533353934761,-10.136920165670896,-10.142943730768192,-0.05958669900287122,-0.05955471859653756,-0.0595953948795795,-10.131636619567873,-10.148211192228377,0.021614349794093712
-10.145984159280287,-10.139611046332648,-10.13561323718208,-10.134038823242369,-10.135961604027493,-0.059591022884560356,-0.059570030562954575,-0.0595953948795795,-10.147344589233398,-10.155677728208012,0.010866969807874938
-10.15472142696204,-10.145153368471824,-10.138909668328598,-10.135057278355479,-10.133627211148927,-0.05959351751881222,-0.05958386535692954,-0.0595953948795795,-10.163052558898926,-10.166630858533475,0.0046663417243664185
-10.162943469063803,-10.151517991547172,-10.142448934197281,-10.136765953958868,-10.133470148666648,-0.05958815598874545,-0.05956591890161295,-0.0595953948795795,-10.163052558898926,-10.176850077669657,0.017992886037529132
-10.173852052668067,-10.160338921986868,-10.149319156399184,-10.14070599130243,-10.135475541181206,-0.059589509313142115,-0.059565716985474096,-0.0595953948795795,-10.178760528564451,-10.189978574983138,0.014629081802979726
-10.187085607933664,-10.171338775137565,-10.158217139270919,-10.14763729038364,-10.139460797668615,-0.059589715557438486,-0.0595678566261056,-0.0595953948795795,-10.19446849822998,-10.205293437525526,0.014116443858087635
-10.20530576440602,-10.187096316963956,-10.171347816015503,-10.15822430567172,-10.147642596131288,-0.05959541907906886,-0.05958980781914798,-0.0595953948795795,-10.225884437561035,-10.225838312689653,-6.014991303793238e-05
-10.224383108417141,-10.204041549453741,-10.18602902956635,-10.170501813081575,-10.157597955262247,-0.059592538098391455,-0.059584527464284436,-0.0570790395140647,-10.241592407226562,-10.247037508274438,0.007100775454285113
-10.247274330636479,-10.22458884885976,-10.204215241578794,-10.186166709489981,-10.170603746388286,-0.05707950443138357,-0.059594310617884706,-0.0570790395140647,-10.273008346557615,-10.272122201762642,-0.0011555919998116337
-10.270024586289393,-10.24545201819863,-10.223050399171349,-10.20299576409502,-10.185263851839407,-0.05707492158468741,-0.05706380462886648,-0.0570790395140647,-10.288716316223145,-10.296565199316177,0.01023546779398643
-10.29551487773838,-10.269112114914458,-10.24468168306109,-10.222439780337163,-10.202543683680773,-0.05707697757748196,-0.05706706035294063,-0.0570790395140647,-10.3201322555542,-10.324062361610025,0.005125120795478111
-10.323438269809392,-10.294972695310209,-10.268654388582597,-10.244318858745391,-10.222171158149708,-0.057077814329567,-0.05707230650304174,-0.0570790395140647,-10.351548194885254,-10.353883429176271,0.0030453014898803588
-10.353209195011013,-10.32285252598692,-10.294478193169713,-10.268262413316487,-10.24402865423358,-0.05707771589269,-0.057072767959829636,-0.0570790395140647,-10.382964134216309,-10.385486991817205,0.003289974817654695
-10.384402749351976,-10.352267254719655,-10.32205731232452,-10.293847853963047,-10.267795732641552,-0.05707691098576358,-0.05706960077683496,-0.0570790395140647,-10.414380073547363,-10.418437105192393,0.005290640241385702
-10.416686116905197,-10.382881570768495,-10.35098303107657,-10.321039351302675,-10.293094191916156,-0.05707560206511417,-0.057063805547388775,-0.0570790395140647,-10.445796012878418,-10.452347882150333,0.008544075141418972
-10.452872024106652,-10.417141467477492,-10.383265991097037,-10.35128774818139,-10.321264952982908,-0.05708006848223705,-0.057079525055438216,-0.0829150825738906,-10.492919921875,-10.490958681127228,-0.0025575889298092847
-10.489378253374836,-10.451499020719217,-10.415982337687389,-10.382347187778052,-10.350607498962395,-0.08291197996049303,-0.05706823962040725,-0.0829150825738906,-10.524335861206056,-10.53024952499416,0.007711812563668374
-10.529524312788569,-10.488748222161211,-10.450967129862216,-10.415560725639349,-10.38203504124955,-0.08291365887508391,-0.08290655204076419,-0.0829150825738906,-10.57145881652832,-10.574172424380626,0.0035387258860364312
-10.573727567775672,-10.529137841705282,-10.488421951920547,-10.450708506382284,-10.41536925003559,-0.082914209254588,-0.08291032930351311,-0.0829150825738906,-10.618582725524902,-10.620247295380521,0.0021707102712653636
-10.619406736125688,-10.572997328318362,-10.528521352105457,-10.487933281285667,-10.450346712066946,-0.08291343243176828,-0.08290791800889828,-0.0829150825738906,-10.665706634521484,-10.668851849365714,0.004101570231291873
-10.667155222329805,-10.617932784112387,-10.57175297473305,-10.527534994741565,-10.487203017460349,-0.08291175184411549,-0.08290073386534912,-0.0829150825738906,-10.712830543518066,-10.719179003198661,0.008278815448262478
-10.720242899455839,-10.668079486765667,-10.618713075298368,-10.572371485393008,-10.527992917982244,-0.08291717115957643,-0.0829197146768412,0.0711851045489311,-10.775662422180176,-10.771681522223925,-0.005191359434249421
-10.772636924703425,-10.721072909457076,-10.668780205589321,-10.619268511614772,-10.57278271063853,0.07118322895257531,-0.08292432196030411,0.0711851045489311,-10.822786331176758,-10.81921139455752,-0.004661956127774758
-10.818933717483866,-10.772395691554891,-10.72086925334713,-10.668618774219558,-10.619148993584162,0.07118564967009061,0.0711853072530434,0.0711851045489311,-10.854202270507812,-10.85524128595966,0.0013549455468684357
-10.857073920597813,-10.820525826684875,-10.773739796908801,-10.721934680593312,-10.669407578566622,0.07118150681611947,0.07117193314183655,0.0711851045489311,-10.901326179504396,-10.894468804923331,-0.008942474469790795
-10.89590221714631,-10.858319203613604,-10.821577131185594,-10.774573130736274,-10.722551651248063,0.07118229054875898,0.07117077830600246,0.0711851045489311,-10.93274211883545,-10.927378559543595,-0.006994439558113186
-10.929487945956192,-10.897734755638197,-10.859866286437212,-10.82280345186617,-10.775481054845779,0.07118096351145912,0.07116650264552678,0.0711851045489311,-10.964158058166504,-10.956265130429435,-0.010292904951633375
-10.956376363042505,-10.929584579765809,-10.897816336738787,-10.859930953040234,-10.822851328713469,0.07118488618286213,0.07118013098038709,0.0711851045489311,-10.979866027832031,-10.979449816287417,-0.0005427676536751136
-10.978763142423844,-10.955779812178777,-10.929080954003638,-10.89741712948369,-10.859635394221621,0.07118645259127322,0.07119002565870469,0.0711851045489311,-10.99557399749756,-10.998143402112929,0.0033506752334826473
-10.997834300071117,-10.97849460869946,-10.955553108120776,-10.92890125329825,-10.897284085488346,0.07118571136195034,0.07118876609490435,0.0711851045489311,-11.011281967163086,-11.012438568943024,0.0015082859725037423
-11.013151169422455,-10.998453374793558,-10.979017249764768,-10.955967388169087,-10.929207971475563,0.07118370560880792,0.07118037783588546,0.0711851045489311,-11.026989936828612,-11.024323519686655,-0.0034771860477906813
-11.023295257527375,-11.012257862261954,-10.997699218648771,-10.978419455475656,-10.955524802590775,0.07118712317961305,0.07119140173473872,0.0608344301581382,-11.026989936828612,-11.03083750068391,0.00501748025285309
-11.02917551678853,-11.021851401890972,-11.011038916922068,-10.996733001549089,-10.97770410278389,0.06083769287830529,0.07119956245615197,0.0608344301581382,-11.026989936828612,-11.033208768384585,0.008109771715663072
-11.031662526992612,-11.027832212948315,-11.020717345331022,-11.010139988311922,-10.996067466855918,0.060837465658654666,0.060849265869069004,0.0608344301581382,-11.026989936828612,-11.032775681677457,0.007544997722945368
-11.03202880075434,-11.031013670987713,-11.027284429649564,-11.02028313587728,-11.009818515113377,0.06083589639584185,0.06084305575996077,0.0608344301581382,-11.026989936828612,-11.029784624951725,0.003644459974669445
-11.027039686539158,-11.029644123736961,-11.029000456602438,-11.025688622109449,-11.019101656870403,0.06083981887817393,0.0608564411484662,0.0608344301581382,-11.011281967163086,-11.02155301110445,0.01339412732058598
-11.021138669267382,-11.02667972529133,-11.02934023387809,-11.02875957330074,-11.025510280701159,0.0608352435724388,0.06084292005906219,0.0608344301581382,-11.011281967163086,-11.012832356489048,0.002021811234282467
-11.01156342766492,-11.020036281909714,-11.0257490575026,-11.02860252472726,-11.028213399747239,0.06083692125307395,0.060844740990912846,0.0608344301581382,-10.99557399749756,-11.000322090806836,0.006191830808781162
-10.998988833008575,-11.010405154235105,-11.019058433457285,-11.024973949821625,-11.028028662635423,0.06083704754036339,0.06084690014787333,0.0608344301581382,-10.979866027832031,-10.984854828079209,0.006505728733044336
-10.984031776308903,-10.998273803253527,-11.009801505112698,-11.018579941038313,-11.024619691094458,0.06083604593047932,0.060843207749620015,0.0608344301581382,-10.964158058166504,-10.967237763292168,0.004016141182781041
-10.964073939591247,-10.981283190900909,-10.995953366715494,-11.007962172873253,-11.017218165026513,0.06084064121194131,0.0608597258698852,0.0482636615633964,-10.93274211883545,-10.944580552844066,0.015438108657017224
-10.943304761739437,-10.962965590597967,-10.980347490124277,-10.995211668083911,-11.007413045650443,0.04826616613000359,0.060850189991806435,0.0482636615633964,-10.917034149169922,-10.921807919843841,0.006225315807313336
-10.919066777600513,-10.940923382660364,-10.960955160429082,-10.97875388953914,-10.994031823027814,0.048269042830990525,0.048286682469838214,0.0482636615633964,-10.885618209838867,-10.895875049227996,0.013375603635726208
-10.895749958600694,-10.918958104581604,-10.940831637705653,-10.960882437279691,-10.978700047912152,0.04826390713479667,0.04826997908368813,0.0482636615633964,-10.86991024017334,-10.870378305804168,0.0006103888455264439
-10.86936379872502,-10.894868601225047,-10.918214036796202,-10.940241840120763,-10.960445772176076,0.048265653190821906,0.048271500309521945,0.0482636615633964,-10.838494300842283,-10.842290395771427,0.0049503613354406895
-10.844165136968314,-10.870992488179501,-10.896243588703442,-10.919303943266986,-10.941048768012955,0.0482599811691831,0.04825162151202417,0.0482636615633964,-10.822786331176758,-10.815771401762042,-0.00914793649623924
-10.816929516865548,-10.845171254430975,-10.871841882095048,-10.89691687478011,-10.919802420273273,0.04826138801218178,0.04825131314654073,0.0482636615633964,-10.791370391845703,-10.787036942664184,-0.005651107171379621
-10.787944135971356,-10.817717644941585,-10.84583661530314,-10.872369291348859,-10.897307349787745,0.048261880608775246,0.048254598037589636,0.0482636615633964,-10.759954452514648,-10.756559905562842,-0.004426715952906335
-10.757133642908318,-10.788442572750668,-10.8181384399117,-10.846170165366692,-10.872616239923747,0.04826253523214078,0.048257586417043946,-0.0469060838222503,-10.728538513183594,-10.726391695805392,-0.0027995932508755317
-10.726061343602414,-10.75684664801529,-10.788200283231822,-10.81794638513408,-10.846027974856732,-0.04690543529202212,0.048265007784624295,-0.0469060838222503,-10.69712257385254,-10.698358689744019,0.0016119776848402267
-10.699237785536216,-10.72682506184182,-10.757491401386362,-10.788711357610484,-10.818324766382549,-0.04690780961729439,-0.046912014968091026,-0.0469060838222503,-10.681414604187012,-10.678125192858516,-0.004289612077913674
-10.680001661846209,-10.700867976016369,-10.728201316530177,-10.758582312331992,-10.78951902918004,-0.04690976760837246,-0.046921854227906734,-0.0469060838222503,-10.665706634521484,-10.658685240038116,-0.009156367377569197
-10.660491510401746,-10.681570866970667,-10.70219274507607,-10.729251416544287,-10.759359768942895,-0.04690962979809219,-0.04692328681070631,-0.0469060838222503,-10.649998664855955,-10.643239940438,-0.008813828068085172
-10.644301633480806,-10.661413860785673,-10.682349542257784,-10.70280997486718,-10.729708391475338,-0.046908168082700506,-0.0469175761406504,-0.0469060838222503,-10.63429069519043,-10.630318039248507,-0.00518060868892789
-10.630299088382403,-10.644285169834607,-10.661399961691952,-10.682338524912227,-10.702801818017335,-0.04690604661889761,-0.046908026243140694,-0.0469060838222503,-10.618582725524902,-10.618653636106215,9.247213427165946e-05
-10.620562476608198,-10.631957401754418,-10.645685166694353,-10.662509692260768,-10.683160129859807,-0.04690983115844224,-0.04692033351718757,-0.0469060838222503,-10.618582725524902,-10.611440202915594,-0.009314326544155094
-10.610948816388087,-10.620135582455152,-10.631597005170882,-10.645399492406684,-10.662298189203412,-0.046905119157828704,-0.04690615332924055,-0.0469060838222503,-10.602874755859377,-10.604713431945191,0.002397756424304731
-10.605158668613768,-10.611335617653276,-10.620462131445077,-10.631855849606005,-10.645591131597788,-0.046906957887673996,-0.04690845157402184,-0.0469060838222503,-10.602874755859377,-10.601208763877075,-0.002172564819453271
-10.602368825157631,-10.606166476826088,-10.61218643894935,-10.621136548958429,-10.632355164287674,-0.046908361194098275,-0.04691564047666361,0.0639013275504112,-10.602874755859377,-10.59853402444889,-0.005660603684338739
-10.600823727898375,-10.604358014848591,-10.607845809193405,-10.613517589408895,-10.622122085298754,0.06389683252392986,-0.046925498697343304,0.0639013275504112,-10.602874755859377,-10.594307115640321,-0.011172775093374554
-10.595614198169988,-10.601959261451348,-10.605316665629031,-10.608605699523492,-10.614080185116684,0.06389876155410916,0.06388704954041785,0.0639013275504112,-10.587166786193848,-10.582275928885089,-0.006378004599564946
-10.585807373384418,-10.598682155723113,-10.604549321335497,-10.60736971925447,-10.610125707229606,0.06389439480261566,0.0638723301218726,0.0639013275504112,-10.587166786193848,-10.573952784210046,-0.01723194117326088
-10.576681982938307,-10.588178376483556,-10.600683826184955,-10.606135978394574,-10.60854442357143,0.06389596972970339,0.06387396785515553,0.0639013275504112,-10.57145881652832,-10.561246667529156,-0.013317324382265738
-10.563943337511972,-10.579024726550344,-10.590156189456295,-10.602251572212362,-10.607296681657928,0.06389603358844118,0.06387578624673242,0.0639013275504112,-10.555750846862791,-10.54566041431901,-0.013158597994788579
-10.54873131848306,-10.566611198673831,-10.581277013308606,-10.591941501650378,-10.603573353708569,0.06389529891140025,0.06387304911414672,0.0639013275504112,-10.540042877197266,-10.52855213064198,-0.014984700995219313
-10.532281707996619,-10.551971404803913,-10.569346574719786,-10.583445254183054,-10.593546789888853,0.06389400583852005,0.06386738453496339,0.0639013275504112,-10.524335861206056,-10.510380483294188,-0.018198744901262387
-10.511926186669882,-10.533624544432884,-10.553105066767719,-10.570245190546801,-10.584110557302745,0.06389829310610025,0.06388243687459035,0.0639013275504112,-10.492919921875,-10.487136190182017,-0.007542372433242406
-10.490640406499718,-10.514970489623453,-10.536194634409263,-10.555142290916859,-10.571753478673036,0.0638944482555628,0.0638720654657788,0.0639013275504112,-10.477211952209473,-10.464099832966888,-0.017099079273791062
-10.465875353569407,-10.492182897637344,-10.516272705950778,-10.53722685762861,-10.555906512186287,0.06389784194089776,0.06388115920274064,-0.0275782197713851,-10.445796012878418,-10.439152348290618,-0.008663782364509487
-10.442367725799775,-10.46866872656939,-10.494541145176118,-10.518142009702707,-10.538610823479669,-0.02758453203293775,0.06387377614211077,-0.0275782197713851,-10.43008804321289,-10.418056704537527,-0.015689669226897962
-10.421203759770686,-10.44510174352949,-10.470976864645511,-10.496370728837173,-10.519496568214635,-0.027584397906206214,-0.027608086467151793,-0.0275782197713851,-10.414380073547363,-10.402604383995396,-0.015356285694739569
-10.402655721020594,-10.421248359031482,-10.445139395535506,-10.471006710128208,-10.496392825368472,-0.027578320553557478,-0.027584782143054057,-0.0275782197713851,-10.382964134216309,-10.382772040710961,-0.00025050276123295134
-10.383098816327463,-10.402939608738782,-10.42148802538206,-10.445329371015594,-10.47114736120041,-0.027578861280245105,-0.027580766336739334,-0.0275782197713851,-10.36725616455078,-10.36603343157408,-0.0015945254700948652
-10.366114858493091,-10.383169556312549,-10.402999329512099,-10.421535364036629,-10.445364418867658,-0.02757837962446884,-0.0275794707277651,-0.0275782197713851,-10.351548194885254,-10.351243510649219,-0.00039732859418073474
-10.350838076780608,-10.365762636081064,-10.382872199806178,-10.402763624979864,-10.42136085680461,-0.027577423844743924,-0.027575345116117755,-0.0275782197713851,-10.335840225219728,-10.337357282600964,0.0019783441520555556
-10.339417213187156,-10.352627650311218,-10.367273446622315,-10.38406976866474,-10.403650262265446,-0.027582263719756115,-0.02759284159113957,-0.0524833165109157,-10.335840225219728,-10.328132351895484,-0.010051581637204876
-10.328135477349724,-10.33941992843893,-10.352629942606525,-10.367275263647944,-10.384071113925732,-0.05248332264664458,-0.02758228711251565,-0.0524833165109157,-10.3201322555542,-10.320120560691501,-1.5250882077211259e-05
-10.321055818439353,-10.328947986528952,-10.340105872554577,-10.353173667507287,-10.367677818178874,-0.052485152560184184,-0.05249032267221223,-0.0524833165109157,-10.3201322555542,-10.316632696736887,-0.0045636584394479485
-10.317899598963043,-10.32215644518134,-10.32987716795421,-10.34084240351492,-10.353718968770556,-0.052485803627339934,-0.052494634810392946,-0.0524833165109157,-10.3201322555542,-10.315391745393866,-0.006181941876064911
-10.316278893690674,-10.318670312850363,-10.32280710448387,-10.330392923766714,-10.341224250730095,-0.05248505811421718,-0.05249244357314549,-0.0524833165109157,-10.3201322555542,-10.316812713266,-0.004328904861866434
-10.316843834036495,-10.3163059299935,-10.31869313769137,-10.322825196970019,-10.330406318798403,-0.052483377605590444,-0.0524852910405839,-0.0524833165109157,-10.3201322555542,-10.32001580747661,-0.00015185607094991838
-10.318915099853394,-10.315887589568526,-10.315498640325035,-10.318053226239606,-10.322351429346096,-0.052481155659074526,-0.05247513925469442,-0.0524833165109157,-10.3201322555542,-10.324250896727666,0.005370983181476774
-10.321761908552098,-10.316752780702032,-10.314062096225253,-10.314051632960629,-10.316981913577605,-0.05247843025904608,-0.052462526590342846,-0.0684244036674499,-10.3201322555542,-10.329445581785393,0.01214519945887993
-10.328516209065187,-10.320954512015874,-10.316071152829787,-10.313521792665913,-10.313651611468904,-0.06842257917136098,-0.05247147428052757,-0.0684244036674499,-10.335840225219728,-10.33931776336901,0.004534942017542676
-10.338885715163531,-10.328140865333872,-10.320637635812597,-10.31581997568831,-10.313335830065661,-0.06842355549292962,-0.06841934546547428,-0.0684244036674499,-10.351548194885254,-10.35316483811592,0.0021082107512224724
-10.352642082512233,-10.33843156899103,-10.327757461795013,-10.320333724682868,-10.315594970723296,-0.06842337742089279,-0.06841964287889371,-0.0684244036674499,-10.36725616455078,-10.369212217827414,0.0025508241209593052
-10.368007249993227,-10.35159526153887,-10.337547811976128,-10.327056937241679,-10.3198150812796,-0.0684220381373962,-0.0684143587245314,-0.0684244036674499,-10.382964134216309,-10.387472897515407,0.00587972849023366
-10.385191812262894,-10.366025547397845,-10.349922249997565,-10.336221671823424,-10.326075110353905,-0.0684199255597637,-0.06840496513786609,-0.0684244036674499,-10.398672103881836,-10.40720749642663,0.011130721972259394
-10.407147706637277,-10.38513986962699,-10.365981695898858,-10.34988749038466,-10.336195937045323,-0.06842428629125145,-0.06841947805739858,0.0023778900504112,-10.43008804321289,-10.430311765373974,0.0002917486408442471
-10.428905692965714,-10.405926175202767,-10.384108616908865,-10.36516425644711,-10.34928228735901,0.002380650378483915,-0.06841376240857804,0.0023778900504112,-10.445796012878418,-10.451057271718998,0.0068610329368272716
-10.452538811118112,-10.430192786672162,-10.40701277751668,-10.384969930129321,-10.365801942046868,0.002374981569475096,0.002369561655939671,0.0023778900504112,-10.477211952209473,-10.471668310064544,-0.007229279626576712
-10.471743321093404,-10.452603977271114,-10.430247801852708,-10.40705638620564,-10.385002216447832,0.0023777427926686334,0.002374420142295174,0.0023778900504112,-10.492919921875,-10.492639244694784,-0.0003660217899241758
-10.491929271245972,-10.47112652861508,-10.452083262943328,-10.429835049064629,-10.40675079875735,0.0023792838332847756,0.0023830566564729807,0.0023778900504112,-10.508627891540527,-10.511284478827355,0.003464367260150425
-10.513404374719595,-10.49377093989337,-10.472681319384158,-10.45331569345383,-10.430747496674375,0.002373728381276514,0.002363417270852604,0.0023778900504112,-10.540042877197266,-10.532110624961431,-0.010344186724578819
-10.533209380302992,-10.514358923134505,-10.494576797704022,-10.473320095850244,-10.453788620774823,0.0023757330311876238,0.0023655046424182233,0.0023778900504112,-10.555750846862791,-10.551639510760564,-0.00536145688065659
-10.552009020910608,-10.533530393830459,-10.514629932183803,-10.494791617490465,-10.473479140761091,0.002377164647342107,0.0023729673973249214,0.0023778900504112,-10.57145881652832,-10.570076178954197,-0.0018030517454494799
-10.570070958828312,-10.55200448590386,-10.53352656524455,-10.514626897392127,-10.494789370638907,0.002377900298290286,0.002377203717870796,0.0023778900504112,-10.587166786193848,-10.587186318924383,2.547198524638361e-05
-10.586982970693708,-10.56989429918087,-10.55185534464031,-10.533408345965642,-10.514539372052932,0.00237828925305992,0.0023794222774635478,0.0023778900504112,-10.602874755859377,-10.603635646742426,0.0009922525327361598
-10.60381181992665,-10.587136021903008,-10.570023509507468,-10.551957765333782,-10.53348417459545,0.002377544196397411,0.0023769706681064776,0.0969161018729209,-10.618582725524902,-10.617923518561213,-0.0008596499102395683
-10.619449149196823,-10.605137218083888,-10.588254961959429,-10.570910455772124,-10.552614428725562,0.09691310683436719,0.0023661254688000176,0.0969161018729209,-10.63429069519043,-10.628582071920452,-0.007444426033016427
-10.62961024725382,-10.620342380926939,-10.60589131054813,-10.588852705771107,-10.571353003978743,0.09691408341269105,0.09690541135829318,0.0969161018729209,-10.63429069519043,-10.630443456221386,-0.00501705657947582
-10.631356721420357,-10.630403650311896,-10.621012195093888,-10.606422249779396,-10.589245794248194,0.09691430899827821,0.09690724799244724,0.0969161018729209,-10.63429069519043,-10.630873428360037,-0.004456344192085737
-10.629629476863867,-10.630276033223467,-10.629491301592083,-10.620289006854751,-10.605886826991194,0.09691854393366814,0.09692361947156551,0.0969161018729209,-10.618582725524902,-10.623237358364598,0.00606995211406236
-10.624610582846655,-10.630822471521624,-10.63128319435642,-10.630289644452056,-10.620880071444708,0.096913406030185,0.09690826590442261,0.0969161018729209,-10.618582725524902,-10.613444377454147,-0.00670074908354934
-10.61115524413837,-10.622621888461799,-10.629143557306268,-10.629952375351913,-10.629304353509223,0.09692059578014546,0.09693053926621008,0.0877481773495674,-10.587166786193848,-10.59573229307966,0.011169993084340746
-10.594644826235145,-10.610210502653679,-10.621824309949703,-10.628511343562543,-10.629484306836574,0.08775031220780188,0.09692873502917394,0.0877481773495674,-10.57145881652832,-10.575527913194984,0.00530637383543997
-10.572971672958642,-10.59242408156758,-10.608335684773445,-10.6203382046787,-10.627411084204466,0.0877531956271778,0.08776944463097888,0.0877481773495674,-10.540042877197266,-10.54960784800751,0.012473360797748967
-10.546766599505174,-10.570503326137759,-10.59034023067648,-10.606683886043605,-10.619115271791221,0.08775375514055204,0.08777446122182922,0.0877481773495674,-10.508627891540527,-10.519259309747286,0.013864079432698517
-10.516974322151693,-10.544781506732507,-10.568827452509206,-10.589011821843181,-10.605700379505604,0.08775266311813015,0.08777085734754009,0.0877481773495674,-10.477211952209473,-10.485761946589072,0.011149763740126772
-10.481459612626143,-10.513236651071164,-10.541626055016442,-10.5663262317362,-10.587160007159651,0.08775662346738204,0.08778486434587757,0.0877481773495674,-10.43008804321289,-10.446186568768635,0.020993552573465024
-10.444042990166219,-10.47959736952272,-10.511664490741959,-10.540379856238028,-10.565403590591776,0.08775238551136444,0.08777266728531101,0.0139751285314559,-10.398672103881836,-10.406692972370676,0.010459748237330757
-10.402970713609195,-10.440809261904556,-10.476867361137096,-10.509500504631875,-10.538777718075394,0.013982435875866379,0.08778024511109472,0.0139751285314559,-10.351548194885254,-10.365476187996226,0.01816303329181146
-10.363248018384189,-10.4010349817034,-10.439175060169738,-10.475571984216701,-10.508541453744492,0.01397950275791447,0.013999112823252443,0.0139751285314559,-10.3201322555542,-10.328469647711799,0.010872516242562469
-10.324708010537087,-10.359980079957161,-10.398276092091288,-10.436988180879807,-10.473952896759926,0.013982513181514982,0.014007657089123935,0.0139751285314559,-10.273008346557615,-10.287083686294212,0.018355183133166975
-10.285243405813265,-10.323109258977361,-10.358630366928912,-10.397206219829682,-10.436196085601804,0.013978741274187632,0.013996286935806655,0.0139751285314559,-10.241592407226562,-10.248478391115196,0.008979782917730716
-10.244816998872423,-10.282062555600753,-10.320423891794062,-10.356501766403092,-10.395630279892023,0.013982316385888984,0.014006145312669535,0.0139751285314559,-10.19446849822998,-10.208168740260874,0.017866030671493505
-10.20613470401731,-10.243049921163017,-10.280570736692553,-10.31924137696623,-10.355626274585136,0.01397912164540298,0.013997540323614369,-0.051134992390871,-10.163052558898926,-10.170663540456946,0.009925228302472888
-10.169278262996144,-10.204931238282581,-10.242033920039306,-10.279765386668313,-10.318645124521678,-0.05113227288635538,0.013989489886314311,-0.051134992390871,-10.131636619567873,-10.136820067621109,0.006759562473012792
-10.134725595867305,-10.167458681678044,-10.203395094285687,-10.240816270199888,-10.278863882140456,-0.051130880633079884,-0.051116596613305476,-0.051134992390871,-10.100220680236816,-10.108057800122188,0.010220127785514066
-10.108538753299042,-10.135143426002228,-10.167811426151237,-10.203674703002063,-10.241023282524516,-0.05113593657308234,-0.05113448037287628,-0.051134992390871,-10.084512710571287,-10.082713074123856,-0.0023468461283275843
-10.081157573540835,-10.107187405496898,-10.134002578493336,-10.166907114583564,-10.20300518295906,-0.05113193871319323,-0.05112429428102258,-0.051134992390871,-10.053096771240234,-10.058917162242762,0.007590178621429189
-10.058364070042112,-10.080677072319626,-10.10678175225177,-10.133681030767479,-10.166669052111581,-0.05113390658908776,-0.05112779904201197,-0.051134992390871,-10.037388801574709,-10.039458368698874,0.002698853759932618
-10.039119058557043,-10.05806929290129,-10.080428212798598,-10.106584489653713,-10.133534984572941,-0.051134326274884116,-0.051131366990058894,-0.051134992390871,-10.02168083190918,-10.022950466725224,0.001655688601260863
-10.022244713203769,-10.038505932158708,-10.057551673585918,-10.080017913323081,-10.106280718550575,-0.05113360689233888,-0.05112904399552744,-0.051134992390871,-10.005972862243652,-10.008613659354967,0.003443775816625916
-10.010214102156295,-10.023635104750799,-10.0396797415439,-10.058482112927722,-10.080706777438508,-0.051138134296769534,-0.05114558555870609,-0.051134992390871,-10.005972862243652,-9.99998430590199,-0.007809477455721137
-9.99955840991455,-10.009844103190785,-10.023322740755813,-10.03943214107864,-10.058298798371021,-0.05113415629406455,-0.0511349466377439,-0.051134992390871,-9.990264892578123,-9.991858515364486,0.002078190554279047
-9.9929244138778,-10.000484413819017,-10.010625862887258,-10.0239424154548,-10.039890926132314,-0.051137084907281735,-0.051142134112866756,0.0296758636832237,-9.990264892578123,-9.986276500555503,-0.005201129589201159
-9.988715011197561,-9.995042880455456,-10.002272885531447,-10.01204352444623,-10.024992001528734,0.02967107652621717,-0.05115533617211286,0.0296758636832237,-9.990264892578123,-9.981140443795823,-0.011898890650071436
-9.985426350672594,-9.992438411176543,-9.998186284088398,-10.004764556192933,-10.013888268567683,0.02966744981420849,0.029638998248558517,0.0296758636832237,-9.990264892578123,-9.974227834093186,-0.020913395407639257
-9.97627163031698,-9.98720190740668,-9.99393738832644,-9.999374473014406,-10.00564424891088,0.029671851408992082,0.02965215282698278,0.0296758636832237,-9.974556922912598,-9.96690942134183,-0.009972852838332713
-9.970813278697108,-9.979663123135774,-9.990065105265593,-9.996206949266156,-10.001054775016806,0.02966819983391811,0.029642632617314382,0.0296758636832237,-9.974556922912598,-9.959949421974402,-0.019049156884030083
-9.962267239106188,-9.972826892270131,-9.981363074861752,-9.991412599999384,-9.997204586324404,0.029671313465426445,0.02965085191114396,0.0296758636832237,-9.95884895324707,-9.950176116909606,-0.011309957858012254
-9.954390028115755,-9.965928092537569,-9.975917492270355,-9.98381288985409,-9.993226355675692,0.029667591152356915,0.029639774046212188,-0.0225851759314537,-9.95884895324707,-9.943081289038215,-0.020562087278308994
-9.948293862972024,-9.95891847407448,-9.96975113963393,-9.978947893516844,-9.986056490893148,-0.0225954089849409,0.02962857714697308,-0.0225851759314537,-9.95884895324707,-9.939344480696208,-0.025435134944279625
-9.941381915789156,-9.950063893446409,-9.96041278579361,-9.9709356304294,-9.979824848270791,-0.02258917571784476,-0.022610658361677777,-0.0225851759314537,-9.943140983581545,-9.935517284167554,-0.009941813236107322
-9.938365412426824,-9.94385623942838,-9.952152790143115,-9.962068584164367,-9.972161524508413,-0.02259076722841862,-0.022610492804691306,-0.0225851759314537,-9.943140983581545,-9.932483822616597,-0.013897649708775717
-9.93550119111784,-9.940986764252036,-9.946069261638485,-9.953906978646414,-9.96336732278958,-0.0225910994720415,-0.02261335100995292,-0.0225851759314537,-9.943140983581545,-9.93185055742056,-0.01472346982130368
-9.93464105366114,-9.937925446693676,-9.943033392018938,-9.947691554845862,-9.955108066697031,-0.022590654088243088,-0.02261198520656268,-0.0225851759314537,-9.943140983581545,-9.932699470805169,-0.013616430067362018
-9.934934780352767,-9.936582988416573,-9.93956488505636,-9.944332919838658,-9.948653678911112,-0.02258956417466166,-0.022607384475155954,-0.0475618615746498,-9.943140983581545,-9.934776875126216,-0.010907356079236763
-9.939295901580156,-9.938860703964131,-9.939897368448875,-9.94219208297678,-9.94627800351063,-0.04757073309186959,-0.02262338725796801,-0.0475618615746498,-9.95884895324707,-9.941939605092635,-0.02205091939842241
-9.944180648093644,-9.941242817297827,-9.940504347401447,-9.94120022949026,-9.943156674840509,-0.04756626107347468,-0.04758750639135983,-0.0475618615746498,-9.95884895324707,-9.950463391286025,-0.010935332883605042
-9.953880728407102,-9.947149474372571,-9.943749187648429,-9.942491063139753,-9.942671122989907,-0.047568570312787196,-0.047591838458185785,-0.0475618615746498,-9.974556922912598,-9.961769889304728,-0.01667514589307295
-9.96229882975649,-9.95434024769289,-9.947537414051496,-9.944056694424292,-9.942718730192968,-0.04756289996297832,-0.04757252921790678,-0.0475618615746498,-9.974556922912598,-9.972577727096205,-0.0025810035385376295
-9.973651865371929,-9.963231991989886,-9.955128050660914,-9.94816187904921,-9.944519026044354,-0.04756397026693267,-0.04757093945306598,-0.0475618615746498,-9.990264892578123,-9.98624566891229,-0.005241336111252437
-9.987323057410268,-9.974587851249847,-9.964022178761557,-9.95575440521985,-9.94862560963303,-0.047563976647599614,-0.04757203408361794,-0.0475618615746498,-10.005972862243652,-10.001941476856645,-0.00525719580796391
-10.002624736150844,-9.987916641852209,-9.975088972671609,-9.964419400909982,-9.956048494336258,-0.04756320291368728,-0.04756909056677293,-0.0475618615746498,-10.02168083190918,-10.019124203971035,-0.0033340135930064463
-10.019077797164009,-10.002584420038227,-9.987882605805698,-9.975061993438768,-9.964399426447885,-0.04756177047122479,-0.04756285557752626,-0.0475618615746498,-10.037388801574709,-10.037562447129732,0.0002264454018412465
-10.036599282935414,-10.018241044139739,-10.00187800855646,-9.987322657110083,-9.97464742738856,-0.04755997074089999,-0.047554561577204335,-0.0475618615746498,-10.053096771240234,-10.056700750738386,0.00469982998170515
-10.055068540070277,-10.035181292917883,-10.017043935315076,-10.000929100530218,-9.986620119439166,-0.047558657303730816,-0.04754775430491236,0.0357443168759346,-10.068804740905762,-10.074912166637771,0.007964491080228342
-10.073280185374445,-10.053650749349133,-10.033984352345087,-10.016095160656446,-10.000226661599926,0.035747520696498065,-0.047546442584745094,0.0357443168759346,-10.084512710571287,-10.090619277913696,0.007963371682851772
-10.090108097175035,-10.072836094915575,-10.053275835139097,-10.033687170421667,-10.015875137755867,0.03574532039931993,0.035751346677355786,0.0357443168759346,-10.100220680236816,-10.102133422542698,0.002494343722284853
-10.10233498845104,-10.090283208422306,-10.072983928974217,-10.053393018240506,-10.033773928611984,0.0357439211722482,0.03574381176010769,0.0357443168759346,-10.115928649902344,-10.115174428134681,-0.0009835555608272983
-10.113305320269125,-10.10071119297731,-10.088912352586219,-10.071897297517756,-10.052588515052152,0.03574798621108542,0.035757910687841794,0.0357443168759346,-10.115928649902344,-10.122922500449363,0.009120448244866353
-10.123221642028959,-10.113565200799247,-10.100930591754535,-10.089086262640484,-10.072026054321464,0.03574372961677567,0.03574574725748109,0.0357443168759346,-10.131636619567873,-10.130517287966601,-0.0014596831701787494
-10.129599298953622,-10.122424135137207,-10.112891922055361,-10.100396906269298,-10.08869114093487,0.035746119024122766,0.035750600392854714,0.0357443168759346,-10.131636619567873,-10.135071562022988,0.004479394387303159
-10.133494408796091,-10.128229140324253,-10.121267406975425,-10.11197502242662,-10.099718066474686,0.03574741306095438,0.03575792337745504,0.0164065361022949,-10.131636619567873,-10.137538030696643,0.007695834277523517
-10.138987361299845,-10.134753520972968,-10.129292119808976,-10.122109995171256,-10.112598844685753,0.016403690851988326,0.03573656540820656,0.0164065361022949,-10.147344589233398,-10.141921466352795,-0.007072114456207146
-10.142435364434135,-10.139433812461823,-10.135130428157911,-10.12959088149678,-10.122331187673062,0.01640552724436404,0.01639984453292086,0.0164065361022949,-10.147344589233398,-10.14542167914162,-0.0025076031942177224
-10.14551733339607,-10.142518464477895,-10.139503967959735,-10.135186038068792,-10.129632053092118,0.016406348318847703,0.01640481131099878,0.0164065361022949,-10.147344589233398,-10.146986668980567,-0.0004667519158125799
-10.146904001147643,-10.145445515361702,-10.142457833583707,-10.139455907882867,-10.13515045610138,0.016406698391476165,0.016406967054105895,0.0164065361022949,-10.147344589233398,-10.147653916736202,0.00040338372417991764
-10.147592143672316,-10.146850335533482,-10.14540020927386,-10.142421920966989,-10.139429319461854,0.01640665737195454,0.01640716073784815,0.0164065361022949,-10.147344589233398,-10.147575732435246,0.0003014261736726809
-10.147700321715286,-10.147700381143641,-10.14694171278613,-10.145472640958154,-10.14247554680361,0.016406291515113452,0.016405724871638203,0.0164065361022949,-10.147344589233398,-10.146878399549848,-0.0006079424849705362
-10.14732433914447,-10.148087733650492,-10.148027445679132,-10.147200965876937,-10.145664582703356,0.016405660656923424,0.016402953837803477,0.0164065361022949,-10.147344589233398,-10.14567596703387,-0.0021759947983923666
-10.146494784722348,-10.148035690522773,-10.1486882773792,-10.148503476556645,-10.14755340216657,0.016404928642082567,0.016399532138054954,0.0164065361022949,-10.147344589233398,-10.144280727246619,-0.003995480671479257
-10.145874221541549,-10.14787913972465,-10.149204403679587,-10.149614677111645,-10.149189349889328,0.016403407837341996,0.016393001982472368,0.0963428393006324,-10.147344589233398,-10.141382032897491,-0.007775571711627904
-10.141253756523914,-10.145762780891902,-10.147785058254772,-10.149129828452969,-10.149559464272711,0.09634309112612371,0.016404367934060596,0.0963428393006324,-10.131636619567873,-10.13211660566286,0.0006259339269814035
-10.132180303102034,-10.141309093947358,-10.145809498370248,-10.147822089633419,-10.149157245165428,0.09634271425313948,0.09634261437658186,0.0963428393006324,-10.115928649902344,-10.115690306049638,-0.00031081630333673615
-10.11620370057797,-10.132626316800176,-10.14168563181248,-10.146107967310613,-10.14804306539546,0.09634183143125055,0.0963388717029624,0.0963428393006324,-10.100220680236816,-10.098299654345816,-0.002505146070557629
-10.100184409513123,-10.117841089712197,-10.134008648803754,-10.142781360042115,-10.146919205425494,0.09633913924751425,0.09632772480193877,0.0963428393006324,-10.084512710571287,-10.077460310760248,-0.0091968003957561
-10.07803695434441,-10.100685371099756,-10.118264016198816,-10.134343888448967,-10.143029559523027,0.09634170726400045,0.0963348233037631,0.0963428393006324,-10.053096771240234,-10.050939079262768,-0.0028137744546476995
-10.051260332852365,-10.078316044778045,-10.100920987441796,-10.118450781372935,-10.134482162725087,0.09634220863232781,0.09633930281095417,0.0963428393006324,-10.02168083190918,-10.020478761319922,-0.0015675803367951602
-10.021336224933144,-10.05200525804352,-10.078944932505758,-10.101419485656944,-10.11881985167832,0.09634115597275468,0.09633579086435991,0.0963428393006324,-9.990264892578123,-9.987056424800045,-0.0041840562818080684
-9.985670132308053,-10.020131877385715,-10.050988512467628,-10.078138992379234,-10.100822796321701,0.09634556079780435,0.09635153181076349,0.0348481610417366,-9.943140983581545,-9.948328229690828,0.006764515391779469
-9.948584047786984,-9.985892375376144,-10.020319501511938,-10.051137235821447,-10.078249101847922,0.0348476588329825,0.0963436461029324,0.0348481610417366,-9.911725044250488,-9.910767820986537,-0.0012482830708080428
-9.908732230784754,-9.946815620069708,-9.984399416751646,-10.019136083269213,-10.050261075147311,0.03485215720633348,0.03486289440145599,0.0348481610417366,-9.864601135253906,-9.872217931431702,0.009932810955028515
-9.869079897115554,-9.906006050015376,-9.944514098185708,-9.982575077524244,-10.017785407548981,0.03485432146716357,0.034875644122636155,0.0348481610417366,-9.817477226257324,-9.82921916123229,0.015312267471800922
-9.82854126484006,-9.868490971717698,-9.905508861895486,-9.944119993833791,-9.98228329671321,0.03484949185260443,0.03485939524718702,0.0348481610417366,-9.78606128692627,-9.78859784789259,0.0033078449214407613
-9.78667213703072,-9.826868295270547,-9.867078601665515,-9.904389323511898,-9.943291127529834,0.03485194149693985,0.03486390501870753,0.0348481610417366,-9.738937377929688,-9.746143026256824,0.009396646696483657
-9.746707356374836,-9.78716240124083,-9.82728219071768,-9.867406682708541,-9.904632223018979,0.034847053178259674,0.03484771771449725,0.0348481610417366,-9.707521438598633,-9.705409821298593,-0.002753689997879505
-9.704815281704285,-9.746190847552642,-9.786726349321269,-9.826936546981868,-9.86715078040989,0.03484932821088299,0.03485150306640089,0.0348481610417366,-9.66039752960205,-9.66262218508797,0.002901099342279778
-9.664430240034088,-9.70638603719243,-9.74751692547491,-9.78777748682685,-9.827714771714465,0.034844611562495374,0.034835795651671775,0.0348481610417366,-9.628981590270996,-9.622216188280577,-0.008822536068580078
-9.62293908325947,-9.66505825814708,-9.706916228530744,-9.747937190371472,-9.788088635972429,0.034846741891988595,0.034839200986270163,0.0787847116589546,-9.581857681274414,-9.579152744049162,-0.003527418809236238
-9.579583113685786,-9.623312968726893,-9.665373903241145,-9.707166429813226,-9.748122430480517,0.07878386677971323,0.034843520749510144,0.0787847116589546,-9.534733772277832,-9.533123409936534,-0.002100020051980067
-9.534169564900163,-9.580491965296794,-9.6240802479534,-9.66598209975712,-9.707616716829433,0.07878265790205165,0.07877603673338648,0.0787847116589546,-9.48760986328125,-9.483695347912997,-0.00510478949755111
-9.485384945374031,-9.535637409940147,-9.581731163195846,-9.625062518577662,-9.666709337906124,0.07878139472927453,0.07877001194915421,0.0787847116589546,-9.440485954284668,-9.434163797952836,-0.00824451412462146
-9.433694205768827,-9.484976985150363,-9.535292997935954,-9.581458159348259,-9.6248603962624,0.07878563353785688,0.0787849094366394,0.0787847116589546,-9.37765407562256,-9.379411201368761,0.002291409334564065
-9.381042828651855,-9.435111688968126,-9.486173666104186,-9.536241566803328,-9.58216044591804,0.07878150853330668,0.07877342146826988,0.0787847116589546,-9.330530166625977,-9.324424923811106,-0.007961644410475088
-9.324855182619856,-9.38141661783709,-9.435427252777938,-9.486423802955366,-9.536426759209736,0.07878386699728473,0.07877828822032998,0.0787847116589546,-9.267698287963867,-9.266088340319651,-0.0020994792592858857
-9.266025886877099,-9.324800925923812,-9.38137081274056,-9.435390944613765,-9.486396921685118,0.07878483426429819,0.07878433443601555,0.0787847116589546,-9.204866409301758,-9.205100098352776,0.00030474613103059767
-9.205159779869708,-9.266077735450873,-9.324844698012786,-9.381405509407811,-9.435416632789147,0.07878459449531094,0.07878438757230831,0.0787847116589546,-9.142034530639648,-9.141811213613629,-0.00029122031766348755
-9.142406113137602,-9.205676601382342,-9.266514051352889,-9.325190550998638,-9.381661566627733,0.07878354378321306,0.07878014191324192,0.083831287920475,-9.07920265197754,-9.076976649702422,-0.0029028556453489784
-9.075225409317508,-9.140884715543145,-9.204392192843759,-9.265495943770581,-9.324436780443605,0.08383472586433065,0.07879665110843723,0.083831287920475,-9.000662803649902,-9.007215616224128,0.008545305270642345
-9.007442281250386,-9.075422325531104,-9.141050957994855,-9.20452396766112,-9.265593505147146,0.08383084294350839,0.08383302936838315,0.083831287920475,-8.937830924987793,-8.93698278703541,-0.0011060285385315893
-8.935919212171072,-9.006518296025932,-9.074642270063594,-9.140432634181025,-9.204066182754651,0.08383337587521918,0.08383880337073883,0.083831287920475,-8.859291076660156,-8.863270774024775,0.00518979117443763
-8.861693865399852,-8.934549266040717,-9.005361747262059,-9.07372551263756,-9.139753899668229,0.08383438362530493,0.08384517839780471,0.083831287920475,-8.78075122833252,-8.78665172420665,0.007694640724341895
-8.785159765885508,-8.86039772021021,-8.933455022198816,-9.004494376858586,-9.073083342515456,0.08383421685529584,0.08384555032926205,0.083831287920475,-8.702211380004883,-8.707794007798991,0.007280119517027117
-8.706819505018808,-8.784313162416144,-8.859682992693347,-8.932888481661017,-9.004074930443448,0.08383320101354566,0.08384151061404063,0.083831287920475,-8.623671531677246,-8.627317938033904,0.004755157438966151
-8.627094040819841,-8.706624993353925,-8.784148949955087,-8.859552826981513,-8.932792111608814,0.08383172746381698,0.08383487679353954,0.0671864673495292,-8.54513168334961,-8.545969464668657,0.0010925227969256213
-8.543341744796502,-8.624811197912129,-8.704697750315292,-8.782621289018836,-8.858421801290485,0.06719162595223538,0.08385139488312676,0.0671864673495292,-8.450883865356445,-8.46071629953745,0.012822150897568108
-8.459629604570315,-8.542397673883594,-8.62401418551643,-8.704065985313054,-8.782153552735693,0.06718860069245425,0.0671997594240742,0.0671864673495292,-8.372344017028809,-8.376410225475313,0.005302607403436355
-8.373650112676431,-8.457231744739753,-8.540373330180197,-8.622409556139006,-8.702877974932361,0.06719188585912932,0.06720925901921622,0.0671864673495292,-8.278096199035645,-8.288424022680294,0.01346817184608895
-8.28462799304342,-8.370352295650411,-8.454447630736722,-8.538166456361356,-8.620775665445898,0.0671939195170776,0.06722029760399295,0.0671864673495292,-8.183849334716797,-8.19805336458666,0.01852300366238424
-8.196968537557945,-8.283685544910025,-8.369556653252845,-8.453816951686067,-8.537699524078048,0.06718859702541488,0.06720203900815365,0.0671864673495292,-8.10530948638916,-8.109368705360959,0.005293492661582633
-8.107377374541104,-8.195238560368525,-8.282225047350583,-8.368398965807968,-8.452959841177272,0.0671903766264141,0.06720350133033474,0.0671864673495292,-8.011061668395996,-8.018512854280123,0.009716844070680963
-8.0154442456384,-8.104711507624112,-8.192987957210358,-8.280441069689845,-8.367078172352668,0.06719249148209035,0.06721334391965335,-0.0781250298023223,-7.916813373565674,-7.928295530707587,0.01497349982647922
-7.926424456332857,-8.013818741751393,-8.103339209495353,-8.191900182496855,-8.27963572007474,-0.07812135660662316,0.06720649571620889,-0.0781250298023223,-7.838273525238037,-7.845274734093003,0.00913004396990047
-7.842074460642115,-7.923644205048267,-8.011471571950189,-8.10147868669456,-8.190522717748948,-0.07811874719226967,-0.07809740385559685,-0.0781250298023223,-7.7597336769104,-7.771708499036805,0.015615967872221859
-7.767448778100469,-7.8383738098111815,-7.920520006914338,-8.008995124843809,-8.099645213550538,-0.07811666734018065,-0.0780868649057728,-0.0781250298023223,-7.681193828582764,-7.697132904197258,0.020785619200133
-7.693920015447849,-7.764657567221189,-7.836017387598214,-7.918652150036972,-8.00761223020709,-0.07811872242657308,-0.0780926201687527,-0.0781250298023223,-7.618361949920654,-7.630383976124523,0.01567752514207399
-7.626807407489546,-7.690812856108368,-7.762034412037489,-7.833938100438508,-7.9171127199574,-0.07811800846917535,-0.07809195325845143,-0.0781250298023223,-7.555530548095703,-7.568913396119157,0.017452127686492958
-7.5673783657671425,-7.625473843288372,-7.689687022037789,-7.761142001118965,-7.833277391211838,-0.0781220163107352,-0.0781065193885065,-0.0781250298023223,-7.508406639099121,-7.51415043434228,0.007490292635242923
-7.513687483929094,-7.5669761756103595,-7.625134302544132,-7.689417879474633,-7.760942737561028,-0.07812412096219837,-0.07811855131433576,0.021009013056755,-7.461282730102539,-7.46301500358989,0.002259000329092764
-7.459964713397064,-7.511037531243138,-7.564739007713497,-7.6233609745645445,-7.688104970663562,0.021015001227491958,-0.07810129077513218,0.021009013056755,-7.39845085144043,-7.409864464387434,0.01488411361813391
-7.4088771387325405,-7.459106970000304,-7.510313399072346,-7.564165012421866,-7.622936008915454,0.021010951323025006,0.021022390960262132,0.021009013056755,-7.351326942443848,-7.355021329589081,0.004817727591985843
-7.354872735915317,-7.408748047341225,-7.458997987255842,-7.510227012105003,-7.564101054591227,0.021009304768111192,0.021012063486509275,0.021009013056755,-7.304203033447266,-7.304759043063237,0.0007250736760848753
-7.305388201517336,-7.355419320020414,-7.409209489698041,-7.459363757139924,-7.51049781508627,0.021007777925667274,0.021004595771821222,0.021009013056755,-7.257079124450684,-7.254724931694101,-0.0030700245952468563
-7.255955615312209,-7.306457363188262,-7.35632193770843,-7.409924964474554,-7.459893469155409,0.021006597042814507,0.02099856675707525,0.021009013056755,-7.209955215454102,-7.205350228521924,-0.006005210534719474
-7.206901045343303,-7.257302894076343,-7.307594775495741,-7.357223526307126,-7.410592468528408,0.02100596857399398,0.02099498980681423,0.021009013056755,-7.16283130645752,-7.157028441211271,-0.007567323864662967
-7.158904643609959,-7.208531004223115,-7.2586789532408895,-7.308685531456203,-7.3580310831311895,0.021005329793986473,0.020991925958692384,0.0804196670651435,-7.1157073974609375,-7.108687000503545,-0.009155066537071654
-7.111395288388837,-7.161257480324593,-7.2105173380895415,-7.260253453495017,-7.30985123530821,0.08041435029551283,0.020985059355719413,0.0804196670651435,-7.068583488464356,-7.058449583911771,-0.01321528839784225
-7.059423296313287,-7.112241205213346,-7.161971628155698,-7.211083419129877,-7.260672559714617,0.08041775552370306,0.08040706245243234,0.0804196670651435,-7.005751609802246,-7.002108160894096,-0.004751300728575991
-7.005003180938418,-7.061938357391866,-7.114364493652972,-7.163654687707914,-7.212329496415689,0.08041398371266999,0.08039608747083134,0.0804196670651435,-6.958627700805664,-6.9477950795890235,-0.01412646159628217
-6.949498734492296,-7.006483238441631,-7.063187865411102,-7.115354936763808,-7.1643879764745995,0.08041632253862545,0.0804012325455091,0.0804196670651435,-6.895795822143555,-6.889421065503367,-0.008313108439988781
-6.89069944097813,-6.950609328668213,-7.0074208346673945,-7.063931066501657,-7.1159051763536745,0.08041715742503555,0.08040675441579624,0.0804196670651435,-6.832963943481445,-6.828180502579914,-0.006237926430006091
-6.826289390657012,-6.889056529385218,-6.949222334442797,-7.006321410850834,-7.063117092305975,0.08042337959751293,0.08043131163208919,0.0804196670651435,-6.754424095153809,-6.761500280750259,0.009227818648628983
-6.760864970659154,-6.825737462290885,-6.888590575246259,-6.948852988220289,-7.006047960076105,0.0804209142728044,0.08042813463631517,0.0804196670651435,-6.691592216491699,-6.693969427518461,0.0031000419569915394
-6.694113286688106,-6.760989948929712,-6.825842972617987,-6.888674209744791,-6.948914908221155,0.08041938464831905,0.08041983754516652,-0.0795449838042259,-6.62876033782959,-6.6282220438387185,-0.0007019713176967812
-6.627771124168975,-6.693721548291282,-6.760659231868238,-6.8255808242923015,-6.88848012447091,-0.07954409858223048,0.08042275959947494,-0.0795449838042259,-6.5659284591674805,-6.567615715872678,0.002200295438413491
-6.5643999309609775,-6.624977397236285,-6.691363001952119,-6.75878969126726,-6.824196683086652,-0.0795386707428818,-0.07952002973420041,-0.0795449838042259,-6.503096580505371,-6.51512944360452,0.015691657177340446
-6.513183987944079,-6.56270980801303,-6.623550545798167,-6.690231984659462,-6.757952326388289,-0.07954116458706312,-0.07952410979495583,-0.0795449838042259,-6.455972671508789,-6.463252201163398,0.00949299288217098
-6.460927698739385,-6.511164566494766,-6.561004953107286,-6.6221991644781815,-6.689231470111364,-0.07954042046221135,-0.07952376662758345,-0.0795449838042259,-6.408849239349365,-6.417547090794599,0.01134257922934978
-6.413816765398486,-6.457686962554294,-6.508428641814332,-6.55883627734868,-6.620593554266983,-0.0795376606238187,-0.07951250048698692,-0.0795449838042259,-6.361725330352783,-6.375683507295345,0.01820239502423604
-6.37330344627791,-6.411749077182877,-6.455941359426662,-6.5070449607451435,-6.557811849217866,-0.07954031139247625,-0.0795198468307623,-0.0795449838042259,-6.3303093910217285,-6.339215132287641,0.011613681440841184
-6.33706678814454,-6.37143706309058,-6.410173421673227,-6.454692390135903,-6.5061202684121575,-0.07954076628696774,-0.07952423190640476,-0.0795449838042259,-6.298893451690674,-6.306932151937616,0.010483002040911238
-6.304507507973913,-6.334960368303171,-6.369658761586783,-6.4087638216976295,-6.453648772570878,-0.07954022386955963,-0.07952261880860964,0.0583661124110221,-6.267477512359619,-6.276550074636183,0.011831227180995718
-6.277710290851797,-6.305515450786727,-6.335811303232935,-6.370333269173753,-6.409263203066592,0.05836383473501369,-0.07954890761817542,0.0583661124110221,-6.251769542694092,-6.24742823154573,-0.0056613597012580286
-6.249555136763276,-6.279558048880612,-6.307075382390466,-6.337047808710701,-6.371248733743975,0.05836193698154528,0.05834791571061961,0.0583661124110221,-6.220353603363037,-6.212395123548518,-0.010378389238970165
-6.214584983460342,-6.251457586952722,-6.281164153212877,-6.308348487441962,-6.3379903703004175,0.058361813392170434,0.05834554676675415,0.0583661124110221,-6.188937664031982,-6.180743619576635,-0.010685581264383792
-6.180394688165455,-6.214281847800513,-6.251201670924426,-6.280961297158112,-6.3081983000515045,0.058366797414983546,0.058364425002504834,0.0583661124110221,-6.1418137550354,-6.14311939083413,0.0017026362872476497
-6.144577487625997,-6.181661416006327,-6.2153512566524824,-6.252049355464096,-6.281588892568522,0.058363249951390805,0.058355884150862895,0.0583661124110221,-6.110397815704346,-6.1049418913923645,-0.007114889713585981
-6.1080135087983765,-6.147245968419869,-6.183914225876134,-6.217136983499548,-6.253371443954586,0.058360082371811714,0.058340260138769064,0.0583661124110221,-6.078981876373291,-6.067488461000564,-0.01498818131141988
-6.068094634193426,-6.1085401243592035,-6.1476905527450585,-6.184266632963797,-6.217397893142773,0.05836492240340133,0.05835554541089564,-0.0950426757335662,-6.031857967376709,-6.029589781150218,-0.0029578663354872248
-6.030486001968569,-6.068873229872744,-6.109197437702056,-6.148211582992216,-6.184652385182339,-0.09504443514756915,0.058358214553445385,-0.0950426757335662,-6.000442028045654,-5.99708853808599,-0.004373174892885245
-5.999064154670698,-6.032202327348816,-6.070322202173876,-6.110345989461112,-6.1490619297649465,-0.09504655416108362,-0.09505922183780145,-0.0950426757335662,-5.984734058380127,-5.977341672212219,-0.009640165313395954
-5.976881927032601,-5.998664749074322,-6.031865137412265,-6.070054923017153,-6.110148105502861,-0.09504177318578975,-0.09504311315455967,-0.0950426757335662,-5.953318119049072,-5.955038399154472,0.002243360157970109
-5.957792057984025,-5.979274179949632,-6.000684359256619,-6.033466014686228,-6.071240155474218,-0.09504808157307008,-0.09506238320720443,-0.0950426757335662,-5.953318119049072,-5.943014444945362,-0.013436679231714876
-5.943778033671014,-5.958455428964028,-5.979834217216727,-6.001128282020192,-6.03379467927306,-0.09504417477115704,-0.09505379672551338,-0.0950426757335662,-5.937610149383545,-5.934752943801667,-0.00372598691654602
-5.9362746724458075,-5.94510004195643,-5.9595715071910815,-5.980718895005202,-6.001783265913085,-0.09504566311193363,-0.09505556429392815,-0.0950426757335662,-5.937610149383545,-5.931916126632712,-0.007425385980861954
-5.933124603715126,-5.937324542093618,-5.945986372751852,-5.960274071893934,-5.981239048862435,-0.09504504815279313,-0.09505470807359716,-0.0950426757335662,-5.937610149383545,-5.933088255136746,-0.0058968521230795545
-5.936144606245221,-5.935779821847544,-5.939566155235051,-5.947763224327761,-5.961589589450094,-0.09504867580277689,-0.09506792370335895,-0.0950426757335662,-5.953318119049072,-5.941881827294167,-0.014913688298394234
-5.945424611494381,-5.93922241521212,-5.938378198584576,-5.941625801350905,-5.949288112878734,-0.09504963074287154,-0.09507519210808327,-0.0950426757335662,-5.9690260887146,-5.955769655700086,-0.017287274071351
-5.959097067161863,-5.948315314471152,-5.941662831576258,-5.940312634809249,-5.943057988962595,-0.09504920793433586,-0.09507453507043263,-0.0085197016596794,-5.984734058380127,-5.972283509698082,-0.016236347075387236
-5.975328852164199,-5.961742721489022,-5.95054885356726,-5.943433283127161,-5.941623414015076,-0.008525680117297142,-0.0950720010896709,-0.0085197016596794,-6.000442028045654,-5.989046928562632,-0.01485997082455448
-5.992427092841801,-5.9782653843773055,-5.964221828240658,-5.952513958364814,-5.944888176656775,-0.008526337422030877,-0.008550979278337414,-0.0085197016596794,-6.016149997711182,-6.003502057895336,-0.016493758297961847
-6.006433567973194,-5.9949738547935,-5.980415435625197,-5.965926101773627,-5.953775741725629,-0.008525456647485026,-0.008548278588029225,-0.0085197016596794,-6.031857967376709,-6.020888807308721,-0.014304517378111115
-6.023567680746384,-6.00876085076031,-5.996938615283697,-5.981972835387342,-5.96707914503106,-0.00852496068439946,-0.008545506930521153,-0.0085197016596794,-6.047565937042236,-6.037542095827584,-0.013071758453854443
-6.036806708851055,-6.0229288101568725,-6.008221497442539,-5.9965110879932215,-5.981656309424237,-0.008518257986292669,-0.008519456610629795,-0.0085197016596794,-6.047565937042236,-6.050317616976203,0.0035883744234253
-6.050142788967796,-6.0366548262690145,-6.022800586419734,-6.008119858785452,-5.99643583835527,-0.00851935844644467,-0.008516949469435575,-0.0085197016596794,-6.063273906707764,-6.063928080276214,0.0008530860266615647
-6.06412131648152,-6.050310663749835,-6.036796551091144,-6.022912926934202,-6.008203031697053,-0.008520081010926918,-0.00852080474120229,-0.0085197016596794,-6.078981876373291,-6.078258822789767,-0.0009429101669349294
-6.078809216454436,-6.064599473338023,-6.050714337813415,-6.037116529986149,-6.023149827899757,-0.008520782163837443,-0.00852420048465896,-0.0085197016596794,-6.094689846038818,-6.0926303763294145,-0.0026856860566617513
-6.093396657853014,-6.079474926814203,-6.065161485578232,-6.051159826071953,-6.037446353609639,-0.008521205983630833,-0.008526517470783083,-0.0085197016596794,-6.110397815704346,-6.1075305341783555,-0.0037391266206592277
-6.105513453482869,-6.091644310348713,-6.077995543577835,-6.063988828090493,-6.050291632277155,-0.008515741831980644,-0.008506108951317693,0.0613651201128959,-6.110397815704346,-6.117945352786331,0.009842492468153274
-6.11776607879866,-6.1053577084372765,-6.091512825806388,-6.077891320189812,-6.06391166480991,0.06136547205424542,-0.008514400038768884,0.0613651201128959,-6.126105785369873,-6.126776594957619,0.0008747805069662107
-6.125980397611799,-6.117074378940046,-6.10477375509873,-6.091049945574882,-6.077548620169618,0.061366683166030424,0.06137143126900781,0.0613651201128959,-6.126105785369873,-6.129085006283344,0.0038851030585602686
-6.12796167877567,-6.125004502022202,-6.1162504992174735,-6.1041206932673395,-6.090566441878738,0.06136732537091538,0.06137509081760308,0.0613651201128959,-6.126105785369873,-6.130309065902152,0.005481358558578009
-6.129748043189854,-6.127474287888458,-6.124593032318659,-6.115924340980056,-6.103879217336978,0.0613662214834463,0.061371524398765344,0.0613651201128959,-6.126105785369873,-6.128205026978987,0.0027375512703136096
-6.125539222762903,-6.12743211434503,-6.1255191127298545,-6.12304323052747,-6.114776922989427,0.061370353480801276,0.061386173948650494,0.0613651201128959,-6.110397815704346,-6.1203727543467235,0.01300798623331989
-6.119922419214545,-6.125147992185595,-6.127101825999708,-6.125257304233089,-6.122849396850804,0.06136600418735763,0.06137372405693016,0.0613651201128959,-6.110397815704346,-6.11208288517977,0.002197443144704714
-6.110648166632936,-6.1186760013243005,-6.124095729590528,-6.126267732722971,-6.12463977130918,0.06136793667757494,0.06137674247477978,0.0613651201128959,-6.094689846038818,-6.100058293349164,0.007000813860710053
-6.097940909741193,-6.108808680543272,-6.117123053134571,-6.122864759630894,-6.125356366453014,0.06136927685004504,0.06138378443657654,-0.0744192972779274,-6.078981876373291,-6.086904728113285,0.010331927850125489
-6.086698845359134,-6.097762048215611,-6.108657680389521,-6.117003360375728,-6.12277614337969,-0.07441889309963429,0.06137081779910032,-0.0744192972779274,-6.078981876373291,-6.079752250967115,0.001004619925017991
-6.075998742205905,-6.083437968526194,-6.095009120208656,-6.106475526664103,-6.115387771558436,-0.07441192858514609,-0.07439079960630879,-0.0744192972779274,-6.063273906707764,-6.077318831447844,0.01831551994623748
-6.0744073426870155,-6.073469373859236,-6.081302601470586,-6.093316486342548,-6.10522236089764,-0.07441358159492793,-0.07439013727059932,-0.0744192972779274,-6.063273906707764,-6.074168150768151,0.014206821900427435
-6.074168195151784,-6.074407381245487,-6.07346940641143,-6.081302627273619,-6.093316505446194,-0.07441929736505903,-0.07441358192712146,-0.0744192972779274,-6.078981876373291,-6.078981710298074,-2.165731762815426e-07
-6.077151934463511,-6.072578569548652,-6.073065372617859,-6.072405641169868,-6.08051505341552,-0.07441570515736999,-0.07440560223379233,-0.0744192972779274,-6.078981876373291,-6.085828553848311,0.008928524729029164
-6.085671382132183,-6.077015390861106,-6.072463295428687,-6.072973998688105,-6.072337991170062,-0.07441898872660549,-0.07441452879071178,0.0184050202369689,-6.094689846038818,-6.095277953078047,0.0007669308598563518
-6.093523012196088,-6.0841467697150495,-6.075728268274788,-6.0714430365117416,-6.072218635361608,0.018408465445447476,-0.07440585370465923,0.0184050202369689,-6.094689846038818,-6.101256505177896,0.008563362116047024
-6.1023270885472565,-6.094453086089335,-6.0849319654156035,-6.076350666579,-6.071903838025619,0.01840291852349293,0.0184004525623946,0.0184050202369689,-6.110397815704346,-6.10639189383038,-0.00522398968620319
-6.109211731535604,-6.104776834646331,-6.09652123370471,-6.086571316685307,-6.077564383810786,0.018399484478545287,0.018381813179988903,0.0184050202369689,-6.126105785369873,-6.11555448234418,-0.013759603885549865
-6.116855646107715,-6.110342123135117,-6.1057311444386215,-6.097277683079044,-6.087131364832138,0.018402465860080066,0.018389745794601346,0.0184050202369689,-6.126105785369873,-6.121237074972223,-0.006349123548245572
-6.121609035395377,-6.117178788320454,-6.1106149292830505,-6.105947388724896,-6.097437782638777,0.018404290023651338,0.01839968188691522,0.0184050202369689,-6.126105785369873,-6.124713979334019,-0.0018150080319214723
-6.1277211762840045,-6.1242215506418125,-6.119384350431192,-6.112363204415718,-6.107241749301325,0.01839911666464043,0.01838178237205986,0.0184050202369689,-6.1418137550354,-6.130561388908639,-0.014673836994578693
-6.132447022129709,-6.129359328231204,-6.1256045266345085,-6.120480589129407,-6.113174820463337,0.018401318460101374,0.018385003463451743,0.0184050202369689,-6.1418137550354,-6.13475806971211,-0.009201084923178726
-6.136013440887261,-6.133537631221686,-6.130280052462067,-6.126334353860423,-6.121020927186716,0.018402555757703044,0.01839192251514059,0.0184050202369689,-6.1418137550354,-6.137116391901984,-0.006125675271104747
-6.13796858245557,-6.136753785085243,-6.1341626515404,-6.1307754851117755,-6.126701154530452,0.018403347260887052,0.01839617745645153,0.0105514749884605,-6.1418137550354,-6.138625018056016,-0.004158326002455581
-6.139249856614035,-6.138511413632423,-6.137212059109797,-6.134525909993733,-6.131044428719256,0.010550248337967619,0.01839867059727016,0.0105514749884605,-6.1418137550354,-6.139475726518517,-0.0030489453470465833
-6.139973439105182,-6.1396822465581025,-6.138876449924172,-6.137501411138597,-6.134740135919499,0.010550497905049258,0.01054652316077449,0.0105514749884605,-6.1418137550354,-6.1399514080244835,-0.002428624891662068
-6.140500811193176,-6.140450735464058,-6.140085194164309,-6.139195852980776,-6.13773788577393,0.010550396428792538,0.010546385844778563,0.0105514749884605,-6.1418137550354,-6.1397579915758875,-0.0026808528592523473
-6.140407861085975,-6.1410653881169806,-6.140927367886945,-6.140463004704443,-6.139475570434494,0.010550199198507039,0.010545532418634164,0.0105514749884605,-6.1418137550354,-6.1393820653975935,-0.0031710857045164076
-6.140193414254975,-6.141112723885233,-6.141660453996666,-6.141399056657209,-6.140812226252679,0.010549882190668124,0.010544126580815279,0.0105514749884605,-6.1418137550354,-6.138777840011666,-0.003959035965041657
-6.140179503084105,-6.141411115060083,-6.142140742673496,-6.142475330020645,-6.1420023618123345,0.010548723316566068,0.010539391310088035,0.0984300896525383,-6.1418137550354,-6.1365689951012286,-0.0068395172608815
-6.136137824667279,-6.13980492192057,-6.141094882638926,-6.141890075836521,-6.142289745231651,0.09843093610386326,0.010551950452688271,0.0984300896525383,-6.126105785369873,-6.127719144144345,0.0021039276009791053
-6.130699696973706,-6.138727192719662,-6.141990942490165,-6.1428276678471585,-6.143172968225165,0.09842423838655885,0.09840862787272676,0.0984300896525383,-6.126105785369873,-6.114953116537759,-0.014543825063400462
-6.114309576929297,-6.130140619179084,-6.138255202823161,-6.141616811925033,-6.142550674915729,0.09843135301595878,0.09842905501996646,0.0984300896525383,-6.094689846038818,-6.097097850373726,0.0031401984875554234
-6.097988748354677,-6.115083548370797,-6.130794028604539,-6.138773138565896,-6.14200027308283,0.09842834068805233,0.09842468500528562,0.0984300896525383,-6.078981876373291,-6.075648303471355,-0.004347201719309801
-6.075410385731873,-6.097782056298209,-6.1149090528653804,-6.130655711868231,-6.1386707337857835,0.09843055672024507,0.09843012140600221,0.0984300896525383,-6.047565937042236,-6.048456180533843,0.0011609369739806752
-6.048138692510522,-6.075134566650089,-6.097549201727492,-6.114724476854788,-6.1305190583707345,0.09843071292847941,0.09843293298955241,0.0984300896525383,-6.016149997711182,-6.0173379782587455,0.001549205981328683
-6.017723956457912,-6.048474012726286,-6.075417653825891,-6.097773595439836,-6.114890609959029,0.09842933192025342,0.09842782403793673,0.0984300896525383,-5.984734058380127,-5.983289800459476,-0.0018834087930503784
-5.981683045855818,-6.01632808150554,-6.047295574089237,-6.074483545031358,-6.097082014592436,0.09843324394943823,0.0984413578279055,0.0563886687159538,-5.937610149383545,-5.943622323303943,0.00784027635585094
-5.944063991827869,-5.98206674728004,-6.016652013518666,-6.047552344134599,-6.0746736484182415,0.056387801655325726,0.09842993823936311,0.0563886687159538,-5.90619421005249,-5.904541569397247,-0.0021551537972088752
-5.903347251980244,-5.943026423450108,-5.98119080157813,-6.015957680731227,-6.047038284894043,0.05639101333766355,0.05639674063762672,0.0563886687159538,-5.859070301055908,-5.863539212494434,0.005827759002275279
-5.861780774572747,-5.90181960149485,-5.941736736037323,-5.9801685096092445,-6.015200812205559,0.05639212078963852,0.05640417453353626,0.0563886687159538,-5.811946392059326,-5.818526136464197,0.008580426176627576
-5.81662098046882,-5.8601256621316455,-5.900422306955007,-5.940629147506885,-5.979348490550508,0.05639240881891439,0.05640638011088835,0.0563886687159538,-5.764822483062744,-5.771951218940415,0.009296347725260112
-5.770254746041592,-5.815147162362772,-5.858881421594771,-5.89943603920082,-5.939898950025397,0.056391999143135016,0.05640510623167989,0.0563886687159538,-5.717698574066162,-5.724046456994745,0.008278063325111162
-5.722901531435937,-5.7692600870524515,-5.81430744202715,-5.858215803440553,-5.8989432392509284,0.056390916374141654,0.056400568447375614,0.0563886687159538,-5.67057466506958,-5.674858761452309,0.005586747825395477
-5.674497353044494,-5.722587556331776,-5.7689950200468525,-5.814097332299511,-5.858060245689316,0.05638937821410478,0.056393621369744074,0.0563886687159538,-5.623450756072998,-5.624803078449501,0.0017635187029467758
-5.625299822719422,-5.674928901759238,-5.722951882433022,-5.769283809131453,-5.814311141441462,0.056387693533491524,0.056385660284370406,0.0563886687159538,-5.576326847076416,-5.574468123324866,-0.002423899919444139
-5.57591504231461,-5.6265568397967645,-5.6759901124993934,-5.723793068604339,-5.769906593381623,0.056385828200001084,0.05637686393069401,0.0563886687159538,-5.529202938079834,-5.523788839003804,-0.007060346812322926
-5.52284155767426,-5.575092087597224,-5.625862077250979,-5.675439397524743,-5.72338533887192,0.05639052836929124,0.056392918217209494,0.0222738608717918,-5.466371059417725,-5.469915608219266,0.004622328383844909
-5.470300912300038,-5.523176292246778,-5.575374680355795,-5.62608607905536,-5.675605240474301,0.022273104462901025,0.056387644524251816,0.0222738608717918,-5.419247150421143,-5.4178054149249055,-0.0018801193831397
-5.418882756432986,-5.47123685735528,-5.5239664445547465,-5.576001007596509,-5.626549789413745,0.022271745891090107,0.022265040997916125,0.0222738608717918,-5.3721232414245605,-5.3680920318649274,-0.005256966517320549
-5.369866148997369,-5.420424028299961,-5.472538044338508,-5.524997851847543,-5.576764624783009,0.022270378017497674,0.02225846734267323,0.0222738608717918,-5.3249993324279785,-5.318360919361586,-0.008656934029833252
-5.317268081230181,-5.368916741184157,-5.419622510336262,-5.4719027079235865,-5.524527471417782,0.02227600627465678,0.022278557468433758,0.0222738608717918,-5.262167930603027,-5.266257125616315,0.0053325834218389545
-5.2661272042382965,-5.31715521147587,-5.368821453222146,-5.419546978763781,-5.471846787040272,0.022274115926670116,0.022276978683567587,0.0222738608717918,-5.215044021606445,-5.215530162999068,0.0006339608462155866
-5.216112617060502,-5.266633213701978,-5.317582399528568,-5.369160070867901,-5.419797679195858,0.0222727174283337,0.022269756493849175,0.0222738608717918,-5.167920112609863,-5.165740678917863,-0.0028421271025687034
-5.1664803497502305,-5.216755209268144,-5.267175708919092,-5.3180124172973064,-5.369478440692317,0.022272408788562546,0.022267181291637565,-0.0567841008305549,-5.120796203613281,-5.118028494295429,-0.00360927781064202
-5.118000383975083,-5.1664559287888805,-5.216734592375234,-5.267159366599367,-5.3180003180264395,-0.056784045645839,0.022272619182928798,-0.0567841008305549,-5.073672294616699,-5.073777478155303,0.00013716635973270996
-5.074998837714262,-5.1190614453296375,-5.1673517079518785,-5.217444646482261,-5.26768506534443,-0.056786498539988406,-0.056793187027623496,-0.0567841008305549,-5.0422563552856445,-5.037686257231407,-0.005959713107595022
-5.036410548797736,-5.073890560541732,-5.1181258051861915,-5.16661005738219,-5.216895554842763,-0.05678159642624302,-0.056776950378881925,-0.0567841008305549,-4.995132446289063,-4.99990590762379,0.006224912408343997
-4.999030259742534,-5.035649825945745,-5.073248335964703,-5.1176167352977755,-5.166233160186834,-0.05678238180426987,-0.05677504255639148,-0.0567841008305549,-4.963716506958008,-4.966993016851406,0.004272787744838524
-4.968855540316144,-5.000648334989816,-5.037015852598641,-5.07433113948957,-5.118418404422055,-0.05678775723955319,-0.05679632203828929,-0.0567841008305549,-4.9480085372924805,-4.941039324336533,-0.009088319180520443
-4.9410729175292385,-4.968884724546369,-5.000672973174226,-5.037035382461304,-5.074345598703581,-0.05678416677896007,-0.0567880086709991,-0.0567841008305549,-4.916592597961426,-4.916466898544334,-0.0001639204355701196
-4.917669359468524,-4.9421175606137915,-4.969766642923564,-5.001372040301099,-5.037552946837982,-0.056786461439173555,-0.05679316671211516,-0.0567841008305549,-4.900884628295898,-4.896385245383121,-0.005867495839942727
-4.897691165271456,-4.918803882971854,-4.943075358680654,-4.97052585733619,-5.001934135583699,-0.05678666454442007,-0.05679623572078593,-0.0567841008305549,-4.885176658630371,-4.880290151707091,-0.006372331406328868
-4.881018590763665,-4.89832399982571,-4.919338140491359,-4.943498846702707,-4.970839392768967,-0.056785530864147275,-0.056792116615822,-0.0567841008305549,-4.869468688964844,-4.866743006842281,-0.003554471540913262
-4.86652900551175,-4.880832676190038,-4.898167045281622,-4.919213727886948,-4.943406736046122,-0.056783680714295744,-0.05678392915083491,-0.0217120945453643,-4.853760719299316,-4.854561472080991,0.0010442351109878345
-4.856558537157733,-4.868263964361432,-4.882297379413404,-4.899328066415275,-4.920073306540056,-0.021716015079443474,-0.05679862793780668,-0.0217120945453643,-4.853760719299316,-4.846288076903019,-0.009744824795671292
-4.84669902831854,-4.8569155529623,-4.868565367590586,-4.882536291647101,-4.899504948515092,-0.021712901303766016,-0.021719090884399182,-0.0217120945453643,-4.838052749633789,-4.836515046628416,-0.002005267424889823
-4.8384104395264345,-4.8483456590269425,-4.8583056869742585,-4.8696672802106615,-4.8833521084641704,-0.021715815481920975,-0.02172708755218509,-0.0217120945453643,-4.838052749633789,-4.830960545432573,-0.009248707979152115
-4.830537366334239,-4.838042800869985,-4.848035287674196,-4.85805966600969,-4.869485135059957,-0.021711263782212945,-0.021712648157710252,-0.0217120945453643,-4.822344779968262,-4.823928236665925,0.002064933295605975
-4.82473882329407,-4.8312415669435795,-4.838637307709491,-4.848506533312054,-4.858408559478492,-0.021713685846787963,-0.02171733069492749,-0.0217120945453643,-4.822344779968262,-4.8193117170631545,-0.003955316611852666
-4.820782972053503,-4.826016982376301,-4.832320626385284,-4.839492641948059,-4.849139792286791,-0.0217149828364851,-0.02172469759469664,-0.0217120945453643,-4.822344779968262,-4.816839620149145,-0.007179096103413052
-4.81870776882854,-4.822405934230142,-4.827387134718508,-4.8334067002057335,-4.840296732282591,-0.02171576199749084,-0.021728965172958647,0.0216119959950447,-4.822344779968262,-4.8153545185156865,-0.009115767825988996
-4.817712846504876,-4.820756576382659,-4.824135597748747,-4.828758180994075,-4.834421773985823,0.021607366248443467,-0.021733413127630274,0.0216119959950447,-4.822344779968262,-4.813520359611799,-0.011507633543352824
-4.816694523238961,-4.820470414768134,-4.8230845965109665,-4.825980941245924,-4.830124407526778,0.02160576464243727,0.021583608918876195,0.0216119959950447,-4.822344779968262,-4.810467655897872,-0.015488563081750506
-4.810835336633165,-4.817013947454518,-4.820740082073634,-4.82329835274209,-4.82613919873833,0.021611274183387305,0.021603012701003264,0.0216119959950447,-4.806636810302734,-4.805261018054975,-0.001794124982657408
-4.806970117998165,-4.812320124538157,-4.8182674490178865,-4.821733690733,-4.824033985168045,0.02160864077910806,0.02159848226230727,0.0216119959950447,-4.806636810302734,-4.80024167934595,-0.008339677909669163
-4.803153302721591,-4.809499603292029,-4.814455590324023,-4.8199601611441585,-4.822986914440499,0.021606280047776448,0.021586848457023917,0.0216119959950447,-4.806636810302734,-4.795742062539003,-0.014207478763229808
-4.7996427743021295,-4.8065420627937145,-4.81236049408593,-4.81672332253066,-4.821639109217788,0.021604338321001688,0.021577084799582393,0.0216119959950447,-4.806636810302734,-4.792041079579517,-0.019033807737546482
-4.796744259823905,-4.803728682308673,-4.80999150635179,-4.8150947523345495,-4.818747669852574,0.0216027629567009,0.021569136921135573,0.0216119959950447,-4.806636810302734,-4.789038393255174,-0.02294951125918221
-4.7912286026310875,-4.7986470136117765,-4.805335042947647,-4.811264814569021,-4.816037464340932,0.021607696290143343,0.021586370126312558,0.0216119959950447,-4.790928840637207,-4.782733488552881,-0.010687286499911686
-4.78630630628142,-4.794332503354515,-4.801267417776086,-4.807412149466524,-4.8128026301798705,0.02160498202548179,0.021580955196037678,0.0216119959950447,-4.790928840637207,-4.777560027801084,-0.01743382486477696
-4.78198330898882,-4.790149050782173,-4.797576661138346,-4.803838952874695,-4.809316022369791,0.021603312439941638,0.021571875556726832,-0.0418830178678035,-4.790928840637207,-4.774377753284495,-0.021583723384109632
-4.778880476013595,-4.785895068669311,-4.793451473207984,-4.8001943806650385,-4.805777019081888,-0.04189185737840038,0.021569611383414525,-0.0418830178678035,-4.790928840637207,-4.774080497958693,-0.021971364183158038
-4.777606196475014,-4.78194344171934,-4.7884809142892735,-4.795501186327506,-4.801711915179671,-0.04188993933538466,-0.041918245804280614,-0.0418830178678035,-4.790928840637207,-4.777736339042518,-0.017203903229811246
-4.78044584414013,-4.779960090648071,-4.7839306683232286,-4.790056122186454,-4.7966674140932,-0.04188833702700196,-0.0419102188839931,-0.0418830178678035,-4.790928840637207,-4.780790381504757,-0.013221227874194774
-4.785472971518636,-4.7845138642956195,-4.783394432756851,-4.786652956159343,-4.792071607041735,-0.04189221048447985,-0.04192338431732946,-0.0418830178678035,-4.806636810302734,-4.789115438030148,-0.022849039726659193
-4.7915129129073275,-4.787555788099575,-4.786272239233643,-4.784788237611898,-4.78768487958026,-0.04188772446553505,-0.041910154613225774,-0.0418830178678035,-4.806636810302734,-4.797665909644609,-0.011698653640396905
-4.801122203537504,-4.794515583048835,-4.790090730433093,-4.788281603024788,-4.786275898922388,-0.04188980308384505,-0.04191359342591006,-0.0418830178678035,-4.822344779968262,-4.809411977437741,-0.01686523830437814
-4.810174466289772,-4.801784618997582,-4.7950748136379415,-4.790534013770072,-4.788609794202968,-0.04188451474617977,-0.04189551000417961,-0.0110760554671287,-4.822344779968262,-4.8194916899068785,-0.0037206200029373804
-4.821267907682206,-4.811717563099263,-4.803087346650887,-4.796107442168249,-4.791298535117285,-0.011079542445295465,-0.04189780901705812,-0.0110760554671287,-4.838052749633789,-4.831406476356294,-0.008667184270108486
-4.834116771092373,-4.823622487857068,-4.813705368846025,-4.804663013615205,-4.7972740098108835,-0.011081376176504251,-0.011099827904028114,-0.0110760554671287,-4.853760719299316,-4.843619305488047,-0.01322508097272479
-4.843485357505939,-4.83400040320849,-4.823524246671319,-4.81362749635211,-4.804605359597121,-0.011075792507431088,-0.011080373630092155,-0.0110760554671287,-4.853760719299316,-4.854261927488102,0.0006536089547504176
-4.8551759712203175,-4.844279436918108,-4.834670788373433,-4.82405563851355,-4.814020919926219,-0.011077849870147281,-0.011082633754681017,-0.0110760554671287,-4.869468688964844,-4.866048509009283,-0.004460143101872482
-4.864498198809566,-4.8538291325859255,-4.843142396181085,-4.833769494306179,-4.823388352520274,-0.011073011978940926,-0.01106624642600502,-0.0110760554671287,-4.869468688964844,-4.875269658527995,0.007564851767286385
-4.875030147817255,-4.864290122852488,-4.853653468750962,-4.843003153349119,-4.83366640387786,-0.011075585272183767,-0.011071219338246145,-0.0110760554671287,-4.885176658630371,-4.886072862721209,0.001168709993494943
-4.883551749536522,-4.872839919926456,-4.862441068131594,-4.852187785072528,-4.841918013410083,-0.011071106149115415,-0.011056715760765872,-0.0110760554671287,-4.885176658630371,-4.894610190611455,0.012301955785488872
-4.893609006513583,-4.882681966557994,-4.872105623587085,-4.861859016044337,-4.851756854459207,-0.01107408999468569,-0.011063612691510674,-0.0110760554671287,-4.900884628295898,-4.9046308711316415,0.004885350875939665
-4.90154321951662,-4.890926595931873,-4.880417396752121,-4.870310575033012,-4.860530026094327,-0.011069993950394824,-0.01105098017250158,-0.0110760554671287,-4.900884628295898,-4.9124380406669355,0.015066421404521968
-4.911197870468491,-4.900465816338345,-4.890017020521267,-4.8796964068222035,-4.86977677979458,-0.011073620829628096,-0.01106071177858999,0.0340472385287284,-4.916592597961426,-4.9212330818953,0.006051500995838843
-4.918626839391278,-4.908933686116447,-4.898554325400482,-4.888501845747128,-4.87857462544043,0.03405235496818479,-0.011054114159722848,0.0340472385287284,-4.916592597961426,-4.926344667865105,0.012717350512262193
-4.923483808406785,-4.916141455468283,-4.906835452003299,-4.896891125572794,-4.88727047189329,0.034052854818919794,0.034073767342901504,0.0340472385287284,-4.916592597961426,-4.927297396681836,0.013959772523708835
-4.9243560982951475,-4.920928542819814,-4.91398422520171,-4.905125487902932,-4.895625129118766,0.03405301273243179,0.03407486924644656,0.0340472385287284,-4.916592597961426,-4.927598384042458,0.014352280145436325
-4.92513262216947,-4.922213957093756,-4.919120084294612,-4.91255072076641,-4.904064172328217,0.03405207918393126,0.03407146796169272,0.0340472385287284,-4.916592597961426,-4.925819015731105,0.012031865020296628
-4.92417089048099,-4.923700806290573,-4.9210051760708104,-4.918161924108159,-4.9118413331259445,0.03405047404232537,0.03406441473412157,0.0340472385287284,-4.916592597961426,-4.92275957306997,0.008042147444631276
-4.92207206932502,-4.923573618654258,-4.923196571870258,-4.92060548635281,-4.917866008091214,0.03404858820025039,0.03405561972949402,0.0306757614016532,-4.916592597961426,-4.919165107837019,0.003354724700224132
-4.916274858306926,-4.919561152651135,-4.921453829042812,-4.921516285721825,-4.919361462396276,0.030681435388901796,0.03407022054775463,0.0306757614016532,-4.900884628295898,-4.911699399144369,0.014103183523931584
-4.910719613643495,-4.915423665451305,-4.918842550639588,-4.920884217322989,-4.921094565513013,0.030677684865485798,0.03068876868667205,0.0306757614016532,-4.900884628295898,-4.904550801601102,0.004780934860133534
-4.905339392016972,-4.911404704949093,-4.916002039655277,-4.919301008478185,-4.921223643161146,0.030674213282047117,0.030671782585514125,0.0306757614016532,-4.900884628295898,-4.897933871085446,-0.003847984488683842
-4.897094442184,-4.904610134559014,-4.910789044381967,-4.91551402616682,-4.918939700690628,0.030677409324724656,0.030680496067499414,0.0306757614016532,-4.885176658630371,-4.888317643904546,0.004096054589446396
-4.889734794822499,-4.898325598121316,-4.905649512565116,-4.911612924477052,-4.916123997615167,0.030672979324827626,0.030666802523891746,0.0306757614016532,-4.885176658630371,-4.8798739460874625,-0.006915091333429935
-4.880019958724012,-4.889861643926666,-4.898432687861103,-4.905734399011125,-4.911675771375195,0.030675474757254753,0.030671886479361875,0.0306757614016532,-4.869468688964844,-4.868922337105317,-0.0007124793166237708
-4.868333158465696,-4.8795081072541935,-4.889429523880783,-4.89809016078972,-4.905480804179698,0.03067691804645274,0.03067988452082072,0.0306757614016532,-4.853760719299316,-4.855965315099774,0.0028749401726191337
-4.858286630792839,-4.8703498114288335,-4.881210624922586,-4.890779052551088,-4.899089303702047,0.030671204315662778,0.030659543938363946,0.0306757614016532,-4.853760719299316,-4.8450747920027055,-0.011327029343109807
-4.846242795508385,-4.859301338847292,-4.87120645777431,-4.881889659757287,-4.89128178573286,0.030673468438042778,0.030662462282333842,-0.047057420015335,-4.838052749633789,-4.833682299908737,-0.005699358351474615
-4.836612537266064,-4.848788451778663,-4.86145045664645,-4.872909991393767,-4.883150895312518,-0.047063172504602006,0.030651536797842306,-0.047057420015335,-4.838052749633789,-4.827088351846968,-0.014298307045385705
-4.830189062061369,-4.839306292561986,-4.851062599125512,-4.86325309699612,-4.874244602038564,-0.047063507168030615,-0.0470863800651152,-0.047057420015335,-4.838052749633789,-4.826450474436749,-0.01513014179326344
-4.829662278083003,-4.83297933025263,-4.841661918930037,-4.852929825163296,-4.864635524581703,-0.04706372526086626,-0.04708754621790079,-0.047057420015335,-4.838052749633789,-4.826034783682108,-0.015672230302029355
-4.828590880566127,-4.831882898212623,-4.834854042994273,-4.843147940861206,-4.85403002281953,-0.0470624380115236,-0.04708285661110917,-0.047057420015335,-4.838052749633789,-4.828488315221003,-0.012472661299633536
-4.829933658248626,-4.829846528519618,-4.832942953098206,-4.835694312958427,-4.843770046784258,-0.047060257437441015,-0.04707325581888273,-0.047057420015335,-4.838052749633789,-4.832644547511991,-0.0070526567901350035
-4.8327959949047266,-4.830065228820536,-4.829957604261162,-4.833030999114158,-4.835759499089506,-0.04705771732896356,-0.047061390959856356,-0.047057420015335,-4.838052749633789,-4.837486061937454,-0.0007389986060868381
-4.839470899638012,-4.834520331168913,-4.8315209641452,-4.831111516842207,-4.8338853148483585,-0.0470613165452665,-0.04707257303551447,-0.047057420015335,-4.853760719299316,-4.846333829447957,-0.009685160421178729
-4.849204160695667,-4.841964512218658,-4.836625512156559,-4.833189670527373,-4.832346967552659,-0.04706305490004969,-0.04708279981249178,-0.0378002673387527,-4.869468688964844,-4.858728448587681,-0.014005990811325475
-4.858694422696456,-4.849174600556748,-4.841939556681087,-4.836605730738686,-4.833175025070853,-0.03780020054089635,-0.047062800230030566,-0.0378002673387527,-4.869468688964844,-4.8695960074585125,0.00016603181957286495
-4.870315745609762,-4.859319698301897,-4.849702476589629,-4.842357986312664,-4.836915521119503,-0.0378016802911812,-0.03780558748954482,-0.0378002673387527,-4.885176658630371,-4.882483533661187,-0.0035120148383605
-4.883374802918145,-4.871090039598886,-4.85997338003153,-4.850220628178755,-4.842741607275434,-0.03780201703210837,-0.037808351080704954,-0.0378002673387527,-4.900884628295898,-4.897549666148884,-0.0043490133876833426
-4.898270200733619,-4.8840007704285915,-4.871618499758296,-4.860392272680621,-4.850530761361233,-0.03780168185469791,-0.03780740994173902,-0.0378002673387527,-4.916592597961426,-4.913896492887737,-0.0035159010936789414
-4.914196121632093,-4.898530504490214,-4.884220526506039,-4.871792693032465,-4.860521239170249,-0.0378008555542881,-0.03780392445453322,-0.0378002673387527,-4.932300567626953,-4.931179413146659,-0.0014620603261787934
-4.930853233795727,-4.913912751922175,-4.898291275457435,-4.884030897673106,-4.871652298605458,-0.037799627000450184,-0.03779841423391261,-0.0378002673387527,-4.9480085372924805,-4.949229039155418,0.0015916159487332493
-4.948151314416738,-4.929916955807257,-4.913122318542197,-4.897664725420363,-4.883567022364241,-0.03779815160571266,-0.03779156066713941,-0.0378002673387527,-4.963716506958008,-4.967749150494561,0.005258836519004717
-4.969087279727479,-4.949313819926302,-4.930898377105722,-4.913900258298427,-4.898240684279747,-0.037802894284324526,-0.03780816696122805,-0.0378002673387527,-4.995132446289063,-4.9901254180484305,-0.006529499253988824
-4.989797009522173,-4.968801973411938,-4.94907295595417,-4.930707452311183,-4.913758904387652,-0.03779962262424936,-0.03780043627947429,-0.0378002673387527,-5.01084041595459,-5.012069258972877,0.0016024933724274604
-5.010194255891577,-4.988168092554484,-4.967426793860211,-4.947982897233297,-4.929900411698452,-0.037796586430421567,-0.03778558898535282,-0.0429913699626922,-5.026548385620117,-5.03356429495712,0.009149214380347104
-5.033475420650845,-5.01011704595687,-4.988102909659649,-4.9673751255650584,-4.947944643869712,-0.04299119548928591,-0.03779592124222327,-0.0429913699626922,-5.057964324951172,-5.058296875911454,0.00043366866386840286
-5.056031746405832,-5.031507579678999,-5.008455736805323,-4.986786045598926,-4.966400166365064,-0.04298692317849675,-0.04297424191206099,-0.0429913699626922,-5.073672294616699,-5.0821479837536945,0.011052864740792145
-5.081246671844562,-5.055248727819565,-5.030846532388183,-5.0079317467828135,-4.9863981020682395,-0.04298960055412516,-0.04298017722378763,-0.0429913699626922,-5.105088233947754,-5.108460773812833,0.004398017241919128
-5.105121866825642,-5.07834598208079,-5.052799880316489,-5.028905413082369,-5.006494611256121,-0.04298481519450616,-0.04296461018721073,-0.0429913699626922,-5.120796203613281,-5.133289766392157,0.01629244033063948
-5.131113859069413,-5.103231538007794,-5.07675011096648,-5.051534886793746,-5.027968856979339,-0.04298709833483625,-0.04296852940919505,-0.0429913699626922,-5.152212142944336,-5.160353979432147,0.010617498587653706
-5.158865268939403,-5.129820535444619,-5.102139676213817,-5.0758846287325285,-5.050894114605036,-0.04298844740383881,-0.04297595593955967,-0.0429913699626922,-5.183628082275391,-5.189198557305697,0.007264271501323805
-5.18480143149484,-5.155045247034479,-5.126595560743636,-5.099583346901773,-5.073992013651498,-0.0429827377544619,-0.04295553669748978,-0.0429913699626922,-5.199336051940918,-5.215789270786276,0.021456096313709594
-5.212237363053643,-5.181715696420027,-5.152440178844326,-5.124530610537257,-5.098054531391284,-0.0429843970425435,-0.04295615316320938,-0.0429913699626922,-5.230751991271973,-5.244042562831066,0.017331793013657837
-5.241530998076087,-5.210055430402099,-5.179873644783777,-5.150980046276276,-5.1234495804424345,-0.04298643938965849,-0.04296559899725591,0.0821347907185554,-5.262167930603027,-5.271565734153684,0.012255363525849994
-5.26769506341994,-5.2381683362770675,-5.20721657253696,-5.177623377341006,-5.149314028491135,0.08214238941761515,-0.042957468986406094,0.0821347907185554,-5.2778754234313965,-5.292358746265457,0.01888722034216439
-5.292659909266194,-5.267956700068346,-5.2383892176209335,-5.20739165777209,-5.1777530042067275,0.08213419949104782,0.08214013533449203,0.0821347907185554,-5.309291362762451,-5.3081644673829675,-0.0014695468421672686
-5.30523610024403,-5.290115877756161,-5.265808953939513,-5.23668677127855,-5.20613122719804,0.08214053953630714,0.08215611713342089,0.0821347907185554,-5.309291362762451,-5.320248762543357,0.014289181178263277
-5.319314599645461,-5.304424542220396,-5.289430736634006,-5.265265865544767,-5.23628468799398,0.0821366246184715,0.08214753136736616,0.0821347907185554,-5.3249993324279785,-5.32849479452241,0.004558316039185328
-5.326877898046861,-5.31790991389839,-5.303238665251655,-5.288490731723348,-5.264569919423204,0.08213796492544966,0.08214872643392836,0.0821347907185554,-5.3249993324279785,-5.331049455327987,0.007889764359937601
-5.329711939780008,-5.325715925678721,-5.316928942693575,-5.302461082269569,-5.287915037006821,0.08213741645937293,0.08214797568778175,0.0811919644474983,-5.3249993324279785,-5.33000406437484,0.006526504733536775
-5.326426031903043,-5.326603508726013,-5.323091696876273,-5.314848804512285,-5.3009210221239575,0.0811989886543734,0.0821641965837205,0.0811919644474983,-5.309291362762451,-5.322679688188326,0.017459270585095332
-5.318387609029945,-5.322697269727943,-5.323455578169599,-5.320596437874338,-5.3130014037115,0.08120039043361509,0.08123111312906083,0.0811919644474983,-5.293583393096924,-5.309643547100266,0.02094351350623125
-5.305633196144866,-5.314903599439355,-5.319755966492704,-5.321124105716945,-5.318870298795107,0.0811998373594896,0.08123040628677167,0.0811919644474983,-5.2778754234313965,-5.292881403417902,0.01956880017814555
-5.289922167155577,-5.303062346951511,-5.312733213034521,-5.318035573962665,-5.319850388425395,0.08119777386590428,0.08122198604475267,0.0811919644474983,-5.262167930603027,-5.27324083684531,0.014439809318779417
-5.268687195007291,-5.28596617128085,-5.299722579031138,-5.310085890986484,-5.316075591104097,0.08120090391983609,0.08123185603134508,0.0811919644474983,-5.230751991271973,-5.24779086369161,0.022219827691402294
-5.246056290532466,-5.267180277136699,-5.284693986950479,-5.298714161168802,-5.309339294354647,0.08119536967112492,0.08121388649762373,0.0811919644474983,-5.215044021606445,-5.22153446855254,0.00846397632605278
-5.219450023606366,-5.244245420046493,-5.265651487080158,-5.283482166333001,-5.29781697238904,0.08119605652118322,0.08121097089757945,0.0811919644474983,-5.183628082275391,-5.191427683730009,0.01017120124589077
-5.189798678232817,-5.2180348180948135,-5.24305066198357,-5.264704442423926,-5.282781008234806,0.08119516242619278,0.08120824896776428,0.0811919644474983,-5.152212142944336,-5.158307575528823,0.00794885121481137
-5.154103341721,-5.1861462320827325,-5.214951315768416,-5.24060647307929,-5.262894852102626,0.08120021798020104,0.08122662941399883,-0.007478155195713,-5.105088233947754,-5.120819687149834,0.02051486570688077
-5.11770815709184,-5.151400186639557,-5.183864149160838,-5.213142385154487,-5.2392672053471046,-0.007472046802064334,0.0812235065228627,-0.007478155195713,-5.073672294616699,-5.085315055636109,0.015182938009751012
-5.082213238281344,-5.11501343996298,-5.149125227285089,-5.182060865159955,-5.21180729797328,-0.007472065869537125,-0.00744883095505379,-0.007478155195713,-5.0422563552856445,-5.053862773193963,0.015135544165469916
-5.051255516670647,-5.0799481729956915,-5.113101205315087,-5.147609462996946,-5.180938647323031,-0.007473036765586783,-0.00745255161010803,-0.007478155195713,-5.01084041595459,-5.020596280127997,0.012722298493411444
-5.018006160942176,-5.049005339520435,-5.0780485073490595,-5.111595404052805,-5.146494621429154,-0.0074730704087146195,-0.007453650772190124,-0.007478155195713,-4.979424476623535,-4.989116216099046,0.012638675604356386
-4.986298553036896,-5.015558304073598,-5.04693878684894,-5.076410420337892,-5.110382622832963,-0.007472623706435338,-0.007451981341533516,-0.007478155195713,-4.9480085372924805,-4.958551703212265,0.013748992555955297
-4.955468601876888,-4.9836200955301395,-5.013297071569718,-5.0451463836622565,-5.075083388923582,-0.007472102611850976,-0.007449547941252,-0.007478155195713,-4.916592597961426,-4.928128984040746,0.015044217982906005
-4.924763006719501,-4.952544394644317,-4.981151393889106,-5.011340214554454,-5.043697596496589,-0.007471547284457949,-0.007446909634446628,-0.007478155195713,-4.885176658630371,-4.897771513514491,0.016424532001352965
-4.893970263700751,-4.921460654642442,-4.949756452017986,-4.97894148524895,-5.009704076987845,-0.007470692780185441,-0.007443096468684063,-0.007478155195713,-4.853760719299316,-4.867984282090471,0.018548475896388084
-4.866996305019478,-4.893111954383462,-4.920736044704916,-4.949182078016686,-4.978516239216723,-0.0074762156506168595,-0.007463298171829521,-0.007478155195713,-4.838052749633789,-4.841749574255703,0.004820906224379584
-4.839636658886267,-4.865160700731203,-4.89156228332449,-4.91950767241695,-4.948272634970216,-0.007474007230376887,-0.0074604013345715555,0.0178699716925621,-4.806636810302734,-4.814542942733425,0.010310124754082217
-4.811655446220428,-4.83712813390779,-4.863042930259274,-4.88988359768025,-4.918264833416658,0.01787564027523101,-0.007452395488090944,0.0178699716925621,-4.77522087097168,-4.786025340547293,0.014089749976086807
-4.786067394086581,-4.811691980413028,-4.837158977146333,-4.863067378660293,-4.889901698404699,0.01786988913524544,0.017875325521516428,0.0178699716925621,-4.759512901306152,-4.759355544861309,-0.00020520331418971693
-4.758290862596081,-4.785142446802855,-4.81091111274682,-4.836540009529829,-4.862609117105279,0.01787206182129798,0.017877857850923173,0.0178699716925621,-4.728096961975098,-4.732080803025839,0.00519519481790276
-4.730281388499783,-4.756727613509916,-4.7838227060056315,-4.80986499846778,-4.8357655038150655,0.01787350420938097,0.017885529710463442,0.0178699716925621,-4.696681022644043,-4.703414093805576,0.008780374508281064
-4.704373544686409,-4.73111491556704,-4.757431301544014,-4.784380495915596,-4.81027796623006,0.017868088148595803,0.017866323108008463,0.0178699716925621,-4.680973052978516,-4.677382968001928,-0.00468171059754674
-4.677232573450503,-4.704242888774903,-4.731004612008676,-4.7573438676117785,-4.784315762949478,0.01787026693930746,0.01786921379092021,0.0178699716925621,-4.649557113647461,-4.65011986180937,0.0007338611900662428
-4.652356983950307,-4.6791760829041715,-4.705883656544094,-4.7323051936043585,-4.75830677185518,0.017865579890965363,0.01785352298586735,0.0178699716925621,-4.633849143981934,-4.625478253142796,-0.010916200760726191
-4.6265567476656955,-4.653293930692119,-4.679967080865365,-4.706510654105765,-4.73276940024448,0.017867854448321802,0.01785750779613138,0.0712591931223869,-4.602433204650879,-4.598397680726371,-0.005262592737284244
-4.602329057772926,-4.6299721483343035,-4.65617731226011,-4.682252640754506,-4.7082028011599055,0.07125147524785762,0.017838429682897297,0.0712591931223869,-4.586725234985352,-4.57201476053159,-0.019183441226112485
-4.575751848918921,-4.605575669335641,-4.632713033181109,-4.658349919776284,-4.683861161898829,0.07125185666522782,0.07122350465438218,0.0712591931223869,-4.555309295654297,-4.541325812868932,-0.01823539553347331
-4.544961693204929,-4.578910535553017,-4.608242325375011,-4.634826802010521,-4.659914878854721,0.07125205535159962,0.07122464357303865,0.0712591931223869,-4.523893356323242,-4.510288575055445,-0.017741543460426
-4.51116671649099,-4.545724582342902,-4.579554588972304,-4.608752844925364,-4.63520477248389,0.07125746920088606,0.07124548281850385,0.0712591931223869,-4.47676944732666,-4.473483607021494,-0.004284955224977516
-4.475991696315931,-4.513345629821283,-4.547564084979463,-4.581012701033769,-4.6098323791091484,0.0712542693721962,0.07123869716801347,0.0712591931223869,-4.4453535079956055,-4.4359687089654845,-0.01223840476247684
-4.439476276912392,-4.479038911011746,-4.515918177975994,-4.549603257644144,-4.58252243177144,0.07125230724779472,0.07122801664628717,-0.0758516937494278,-4.413937568664551,-4.400812908255033,-0.017115433793113866
-4.403982223532523,-4.44222963315108,-4.481363375225189,-4.517760702818689,-4.550967397345562,-0.07585791558400783,0.0712285862061617,-0.0758516937494278,-4.382521629333496,-4.370662646876882,-0.015464905205676338
-4.371503004938278,-4.404712288202173,-4.442845975190027,-4.481851928893509,-4.518122410536156,-0.07585334349657764,-0.07586420532384615,-0.0758516937494278,-4.351105690002441,-4.347961227986261,-0.004100588493235691
-4.347127939770196,-4.370779082227079,-4.404101131384963,-4.442361531673117,-4.4814932641856045,-0.07585005788142984,-0.07584710667166913,-0.0758516937494278,-4.319689750671387,-4.322807758654306,0.004066090666954736
-4.32272398250744,-4.347055158883339,-4.370717638464537,-4.404052426974606,-4.442325472664162,-0.07585152928446236,-0.07584943085089053,-0.0758516937494278,-4.303981781005859,-4.30429525561125,0.0004087918229487286
-4.3070287795510085,-4.3250987431526156,-4.349060001575919,-4.372306810044555,-4.405228992953221,-0.0758570600611654,-0.07587198860437931,-0.0758516937494278,-4.303981781005859,-4.293753447877702,-0.01333842956743947
-4.294624205373342,-4.307785253859524,-4.325737380984446,-4.349566228371679,-4.372681602315475,-0.07585340317516265,-0.07586357732846065,-0.0758516937494278,-4.288273811340332,-4.285015600351317,-0.004248924751303562
-4.286939087462198,-4.296295243049649,-4.3091959929507135,-4.32685562655994,-4.350394137526616,-0.075855469839079,-0.07586779969738996,-0.0758516937494278,-4.288273811340332,-4.281076483871692,-0.0093857957412391
-4.282825123733731,-4.288458225841254,-4.297577744292228,-4.310212588683431,-4.327608277795439,-0.07585512658807245,-0.07586855770044236,-0.0758516937494278,-4.288273811340332,-4.281730729434238,-0.008532615829471624
-4.283177906488876,-4.284082365006057,-4.289519625853399,-4.298419080493106,-4.310835484010139,-0.07585453477200006,-0.07586595812238121,0.0552459731698036,-4.288273811340332,-4.28285874663394,-0.0070616060588104546
-4.284608091113333,-4.284697657007281,-4.285365383034656,-4.2905366312250655,-4.299172035010678,0.05524253894789088,-0.07586762790713904,0.0552459731698036,-4.288273811340332,-4.281728092888452,-0.008536054061278442
-4.285155575877948,-4.287585731658959,-4.28721146862074,-4.287357997212523,-4.2920118917190635,0.05523924451382608,0.055216885625462606,0.0552459731698036,-4.288273811340332,-4.275448813798604,-0.016724653398508593
-4.279638160957441,-4.288795089187886,-4.290658315701818,-4.289647002967749,-4.289161180008183,0.05523774886179431,0.05520788894656025,0.0552459731698036,-4.288273811340332,-4.2725980611825065,-0.020442225216670273
-4.274854307975215,-4.281598285034351,-4.290449883510052,-4.291970015675734,-4.290618138861988,0.05524154382368721,0.05522086176807905,0.0552459731698036,-4.272565841674805,-4.264123389981041,-0.011009520894833535
-4.268654253755403,-4.278790515309458,-4.2849213468875815,-4.2930839632188205,-4.2939201943784395,0.05523707841417327,0.055207632142830296,0.0552459731698036,-4.272565841674805,-4.255612200490825,-0.022108680467358255
-4.258942940645456,-4.271547848548366,-4.281233373029769,-4.286857718293435,-4.294517583569661,0.055239434434317614,0.0552121491726939,0.0552459731698036,-4.256857872009277,-4.244394867983817,-0.016252589675112894
-4.247104265724647,-4.261296741551849,-4.2735349964137965,-4.2828085185136135,-4.28802389985052,0.05524065422136237,0.05521915568923122,0.0552459731698036,-4.24114990234375,-4.231011844920212,-0.013220704018942264
-4.233765194324556,-4.249496249827201,-4.263316124793067,-4.275135693799176,-4.283993617787585,0.055240567937747155,0.0552200465158701,0.0552459731698036,-4.225441932678223,-4.215139416385523,-0.013435169368824162
-4.2176382046964775,-4.235936027385562,-4.251328930863082,-4.264768829600401,-4.276211224644788,0.055241067678818936,0.05522186551897006,-0.0825852900743484,-4.209733963012695,-4.200383966515704,-0.01219301993475419
-4.204904047608075,-4.2215650445295,-4.239251180919102,-4.253956741911997,-4.2667143672108505,-0.08259416366197939,0.055207236701970946,-0.0825852900743484,-4.209733963012695,-4.192820668599355,-0.022056065583615947
-4.19365151684727,-4.205625850586481,-4.222174411806021,-4.239734205927111,-4.254314356406486,-0.08258692115232803,-0.08260038222471422,-0.0825852900743484,-4.194025993347168,-4.190917115266746,-0.004054184664292748
-4.1922584374925504,-4.194816796283097,-4.206609613714978,-4.222954207852396,-4.240311539117536,-0.08258792328823746,-0.08259696040610237,-0.0825852900743484,-4.194025993347168,-4.189007017526915,-0.006545079695814415
-4.192769059763936,-4.195526727819196,-4.1975759829792025,-4.208796728493431,-4.224573469656478,-0.0825926755196047,-0.0826160806511743,-0.0825852900743484,-4.209733963012695,-4.195657107609022,-0.018357159664266653
-4.197037044429729,-4.19396788579468,-4.196538811968517,-4.1983782281491795,-4.209390682214585,-0.08258799909439772,-0.08260300378798728,-0.0825852900743484,-4.209733963012695,-4.20457049863153,-0.0067335024298884605
-4.2066133075904,-4.198811743473179,-4.195466138856949,-4.197726426934541,-4.1992574959276165,-0.08258930041043297,-0.08260328869234522,-0.0825852900743484,-4.225441932678223,-4.217798125267354,-0.00996803540708413
-4.219621565108457,-4.208197428772043,-4.200149105106499,-4.196526220581936,-4.198511273648298,-0.08258886975641365,-0.082602948119354,-0.0825852900743484,-4.24114990234375,-4.234326932966131,-0.008897607786515493
-4.235360031555144,-4.220519073938028,-4.208955132089279,-4.200749711120274,-4.1969708878609415,-0.08258731819965714,-0.08259660208106277,-0.0129183158278465,-4.256857872009277,-4.252992211142379,-0.005041079964711592
-4.253428572032215,-4.23573912194949,-4.2208391131842875,-4.209208816468871,-4.200937529990235,-0.012919172468803945,-0.0825905841842401,-0.0129183158278465,-4.272565841674805,-4.270933061189358,-0.002129254809297265
-4.271400796210408,-4.253834918837598,-4.236082171858575,-4.221111037344753,-4.209410139422283,-0.012919234060863241,-0.012922673276056016,-0.0129183158278465,-4.288273811340332,-4.286523634749077,-0.002282347172362975
-4.286443470328099,-4.271331153025905,-4.253776124015551,-4.236035567174529,-4.221076532898296,-0.012918158453233103,-0.012918634062629868,-0.0129183158278465,-4.303981781005859,-4.304281741211386,0.00039116814287609714
-4.303901017354669,-4.2861127148448706,-4.271051919531392,-4.253554784987152,-4.235871695649372,-0.01291756841061288,-0.012915308889316243,-0.0129183158278465,-4.319689750671387,-4.321114347829549,0.001857769845587498
-4.320561124349066,-4.303420402083542,-4.285706965315453,-4.270730295484207,-4.253316666009579,-0.012917229768341532,-0.012913427756855235,-0.0129183158278465,-4.335397720336914,-4.3374677786855536,0.00269949434945449
-4.33670695439572,-4.319900154984536,-4.302862392330774,-4.285264649694505,-4.270402820768474,-0.012916822217251985,-0.012911535306581061,-0.0129183158278465,-4.351105690002441,-4.353952551584745,0.0037124976502056484
-4.352973585241222,-4.335856473186562,-4.319182153765836,-4.302293256839297,-4.28484328206818,-0.012916393972140922,-0.012909495050542836,-0.0129183158278465,-4.366813659667969,-4.370476767840231,0.004776937722053454
-4.369399424027026,-4.3520376381833925,-4.33506631918795,-4.3185558251850065,-4.301829545488739,-0.012916200842619503,-0.012908330489903093,-0.0129183158278465,-4.382521629333496,-4.386552847518473,0.0052569777653470595
-4.3857005272503855,-4.368658967139014,-4.351412522728444,-4.334570811126938,-4.318188968683137,-0.012916642597115901,-0.012909821570507457,0.0640028491616249,-4.398229598999023,-4.401418821345711,0.004158958953837555
-4.398264257021528,-4.382959985965641,-4.366345321686116,-4.3495785735544805,-4.333213020544898,0.06400904203790216,-0.012893031960395894,0.0640028491616249,-4.398229598999023,-4.410033386159124,0.015392926852431543
-4.40970909950766,-4.39798253160239,-4.382722145091438,-4.366156793199941,-4.3494389937849816,0.06400348578427845,0.06401146919218846,0.0640028491616249,-4.413937568664551,-4.415150988401594,0.0015823803835388617
-4.413912107060532,-4.408632816029764,-4.397073901475734,-4.382001904456412,-4.365623552712732,0.06400528126890785,0.06401275830950762,0.0640028491616249,-4.413937568664551,-4.418573229936193,0.006045211922174332
-4.4174874837480695,-4.412968860403459,-4.407836499495054,-4.396442688059168,-4.381534576547636,0.06400498064195644,0.06401340763951992,0.0640028491616249,-4.413937568664551,-4.418000226958201,0.005297977766998585
-4.414558801230157,-4.414497730388537,-4.4104448227967,-4.405835779515176,-4.3949614263183605,0.06400960518926009,0.06403073832013749,0.0640028491616249,-4.398229598999023,-4.411106767649452,0.016792688008850476
-4.409890810546714,-4.413502433282614,-4.413605913537601,-4.4097379094815885,-4.405312406100468,0.0640052362652379,0.06401870613584716,0.0980990752577781,-4.398229598999023,-4.402779482076856,0.005933351428168088
-4.400972401883154,-4.408320901878908,-4.412177070270951,-4.412555342717687,-4.408960104302854,0.09810262282343618,0.06401876152882195,0.0980990752577781,-4.382521629333496,-4.389283383983474,0.008817779693030658
-4.388320000939294,-4.400135458732127,-4.407614329886548,-4.41161699434397,-4.412140682469913,0.09810096652116256,0.09810983335545925,0.0980990752577781,-4.366813659667969,-4.370418458061199,0.004700897875581589
-4.367514618775311,-4.385797278106784,-4.3980057020147765,-4.405926143147463,-4.4103671210718005,0.09810477592372702,0.09812270058248658,0.0980990752577781,-4.335397720336914,-4.34626334149892,0.014169495729163373
-4.346095398008291,-4.367368717147614,-4.385674103666986,-4.397908065766389,-4.405853856750212,0.09809940495568632,0.098106032912756,0.0980990752577781,-4.319689750671387,-4.320318163667474,0.0008194925197031466
-4.319797747120921,-4.3456432839017065,-4.3669870291384925,-4.385371552380157,-4.397684067580576,0.09810009691242015,0.09810330006282665,0.0712927356362342,-4.288273811340332,-4.290221112304528,0.0025394105209608497
-4.289973776819043,-4.319582873357226,-4.3454618811587205,-4.366843237266562,-4.385265094004836,0.07129322119236911,0.09810194811838574,0.0712927356362342,-4.256857872009277,-4.2577833549374375,0.001206891552948619
-4.254834011571889,-4.287411522122187,-4.3174197426787915,-4.343747239999712,-4.365573778085069,0.07129852563342082,0.07131529583330533,0.0712927356362342,-4.209733963012695,-4.220769851893484,0.01439153620693645
-4.219801958383187,-4.253993149934081,-4.286701642028184,-4.31685704453056,-4.343330638352814,0.07129463575433066,0.07130576992445653,0.0712927356362342,-4.178318023681641,-4.181939699391852,0.004722907024190981
-4.17973080282469,-4.217882970017779,-4.252373083587878,-4.2854174697563865,-4.3159062891655156,0.0712970720268555,0.07131116845077927,0.0712927356362342,-4.131194114685059,-4.139459390728912,0.010778472013476481
-4.136820479303049,-4.177438237206699,-4.215947518781536,-4.250838916288602,-4.2842816269861475,0.07129791620961537,0.07131682321041347,0.0712927356362342,-4.084070682525635,-4.09394499339844,0.012876760900692119
-4.091546892033175,-4.134737118457898,-4.175679402784842,-4.21455334970906,-4.249806723214086,0.07129744346385451,0.07131586502737096,0.0712927356362342,-4.036946773529053,-4.045920018387922,0.011701710634737239
-4.044253500690501,-4.090099097636805,-4.133514847901151,-4.174710549897249,-4.213836045573901,0.07129600725692517,0.07130991667406603,0.0712927356362342,-3.989822626113892,-3.996058422305491,0.008131894733617973
-3.995230116798289,-4.043533906728994,-4.089491595277237,-4.13303330115028,-4.17435402985164,0.07129436172243779,0.07130220678827529,0.0291317328810691,-3.9426987171173096,-3.9457980807396007,0.004041777175403549
-3.945668431427747,-3.9951174834026246,-4.043438818307895,-4.089416221874147,-4.132977497369944,0.029131987401841298,0.07129533209504352,0.0291317328810691,-3.895574808120728,-3.8960599314928683,0.0006326332795105749
-3.89617783074643,-3.945770856909881,-3.9952039540032755,-4.043507360653671,-4.089466968183198,0.02913150142739897,0.02913110497366443,0.0291317328810691,-3.8484508991241455,-3.8480097422630504,-0.0005752980125088847
-3.8486362801422116,-3.8967221382158117,-3.9462303772639524,-3.995568200380227,-4.043777035684577,0.029130502894557517,0.02912681204505137,0.0291317328810691,-3.801327228546143,-3.7989828414887405,-0.003057237308579097
-3.7999114443665314,-3.8494430078745356,-3.8974032014641593,-3.946770233264862,-3.995967890515646,0.029129909896294694,0.029123552677997787,0.0291317328810691,-3.754203319549561,-3.7507286620059905,-0.004531185515291636
-3.74863377057733,-3.798091498454099,-3.8479065560763965,-3.8961853076410145,-3.945868548100154,0.02913584546274402,0.029145589310440978,0.0291317328810691,-3.691371440887451,-3.6992101311173076,0.01022217561961103
-3.698117281511973,-3.747684352796093,-3.7972899720750997,-3.847271212990949,-3.895714922272634,0.0291338783064591,0.02914402499955782,0.0291317328810691,-3.644247531890869,-3.6483367698374445,0.0053326394097146235
-3.6509024421008536,-3.7003462202935014,-3.7495660883880277,-3.7987815607842186,-3.848375532091103,0.029126696086994718,0.02911467528837842,-0.063704714179039,-3.6128315925598153,-3.6032313288759554,-0.012519385062213395
-3.604374903183834,-3.6518959271849547,-3.701184949584006,-3.750230920974012,-3.7992737791273976,-0.06370695918452146,0.02911813689632022,-0.063704714179039,-3.5657076835632324,-3.561428643307665,-0.0055801542978684004
-3.563126529757611,-3.6058499493184817,-3.6531412044596454,-3.7021720391254975,-3.7509617268775206,-0.0637080473812301,-0.06371966717714478,-0.063704714179039,-3.5342917442321777,-3.527938572060815,-0.008284960850978518
-3.5298505340600137,-3.5647875549437193,-3.6072522355713406,-3.6542527497536184,-3.702994987630884,-0.06370846764319159,-0.06372235764266287,-0.063704714179039,-3.502875804901123,-3.495721602235564,-0.009329558117638914
-3.4967213179375385,-3.530719041363309,-3.565520774320586,-3.607833433986532,-3.6546830483385775,-0.06370667676880372,-0.06371595011044758,-0.063704714179039,-3.4714598655700684,-3.467719117195957,-0.004878185730989859
-3.467116136566613,-3.496197475929959,-3.530276798553241,-3.5651702232734497,-3.607573898489538,-0.06370353043889254,-0.06370216370293294,-0.063704714179039,-3.4400439262390137,-3.4423001664925024,0.002942287988795478
-3.442998197979186,-3.4677225544141246,-3.4967094316896703,-3.530682608718084,-3.565470670651023,-0.0637060845180749,-0.06370875492194551,-0.063704714179039,-3.4243359565734863,-3.4217240538658134,-0.003406095584371105
-3.423118946819591,-3.4442100172146732,-3.46874560780855,-3.4975203718124432,-3.531282999872284,-0.06370745256018931,-0.06371652472705795,0.0294592306017875,-3.408627986907959,-3.4034085594861447,-0.006806481972762679
-3.4054015468054115,-3.424850363099979,-3.4456717296969828,-3.4699042582820465,-3.4983781953132933,0.029455318072949283,-0.06372236926333658,0.0294592306017875,-3.392920017242432,-3.3854626330486575,-0.0097249270804598
-3.3887858206250425,-3.4082885802636347,-3.427287681548771,-3.447603710308035,-3.471334627844962,0.029452706693129518,0.02943044535946014,0.0294592306017875,-3.3772120475769043,-3.364777303880593,-0.016215736318344387
-3.365324276909761,-3.389261005789785,-3.40868974553774,-3.4276056718104795,-3.447839138960398,0.029458156812842806,0.02944861282146923,0.0294592306017875,-3.3457961082458496,-3.3437494379119728,-0.0026689948160809607
-3.3457339053166777,-3.367048291477837,-3.390716469529143,-3.4098434428422193,-3.428459828161586,0.029455334798801525,0.029443303877806422,0.0294592306017875,-3.3300881385803223,-3.3226626343064916,-0.009683353535538064
-3.3259463872441604,-3.3485866797634034,-3.3694566874628027,-3.3926255242728907,-3.411256838910366,0.029452784109157065,0.029430757237616546,0.0294592306017875,-3.314380168914795,-3.302092982229314,-0.016023312120630795
-3.3064032059981545,-3.329690912627409,-3.3517479180831624,-3.371962495082532,-3.3944807348941977,0.029450768995117088,0.029420523829406898,0.0294592306017875,-3.298672199249268,-3.282544151521797,-0.021032051457234413
-3.287168827117187,-3.3104209127542212,-3.3330827786864967,-3.3544365365789077,-3.373953052358628,0.029450151679679244,0.029416155170763094,-0.0735884830355644,-3.28296422958374,-3.265659562186718,-0.022566442094821948
-3.269637238161604,-3.290624450178332,-3.3133382512474796,-3.335395255091722,-3.3561486116618937,-0.07359629180173685,0.029420380385522082,-0.0735884830355644,-3.267256259918213,-3.2523725435712456,-0.019409360225982386
-3.25411084162964,-3.271147392054394,-3.291899366453697,-3.3143488346310095,-3.336143454998243,-0.07359189557171911,-0.07360930225888722,-0.0735884830355644,-3.251548290252685,-3.245043905433265,-0.008482152243801888
-3.2481755040604736,-3.2568314313666513,-3.2734441938246417,-3.2937199642051924,-3.315696740295877,-0.07359463082678225,-0.07361533431949581,-0.0735884830355644,-3.251548290252685,-3.2398304364168773,-0.01528086405791651
-3.2429601056966177,-3.250894417668598,-3.2591268180996584,-3.2752636699235627,-3.2950670394384844,-0.07359462703918784,-0.07361805513417431,-0.0735884830355644,-3.251548290252685,-3.239837655672703,-0.01527144966613525
-3.2452631630583797,-3.2476735385048023,-3.2548736360970536,-3.2622810111246725,-3.277598921981855,-0.07359913410890702,-0.07363523476524463,-0.0735884830355644,-3.267256259918213,-3.246955030387043,-0.026474159263396135
-3.2501060164549944,-3.248000595717678,-3.2499845595647865,-3.2567055050027505,-3.2636372615502567,-0.07359466888719551,-0.07362271796382792,-0.0735884830355644,-3.267256259918213,-3.255465861920807,-0.015375466489994327
-3.259985230186677,-3.2540322370169386,-3.251315226444383,-3.2526119562022533,-3.258650735797739,-0.07359735522381156,-0.07362849452882576,0.0647154673933982,-3.28296422958374,-3.266053602433265,-0.022052587294685733
-3.268865790723626,-3.262428330823785,-3.2560947743381177,-3.252950130621991,-3.2538223809656053,0.06470994665190719,-0.07361840331454249,0.0647154673933982,-3.28296422958374,-3.2724415492316297,-0.013722278007440636
-3.278831097458112,-3.274416738146477,-3.2671146036909917,-3.259809425709189,-3.2557003260575077,0.06470292376531908,0.06466212347048592,0.0647154673933982,-3.298672199249268,-3.2747637099734543,-0.03117826690562131
-3.280159356546805,-3.2835185885575324,-3.2783740558223853,-3.270251436723794,-3.262131825048189,0.0647048749412461,0.06466253953535227,0.0647154673933982,-3.298672199249268,-3.2784827032688844,-0.02632845125028993
-3.2806707530192254,-3.2820602341506997,-3.2851233652668816,-3.2796461085117117,-3.27119321918208,0.06471117192816121,0.06468849827478076,0.0647154673933982,-3.28296422958374,-3.274776958412648,-0.010676748449314655
-3.278398165216208,-3.2838166919590894,-3.28471612821215,-3.2872286034372467,-3.2812047517943363,0.06470835842892507,0.06468406866142119,0.0647154673933982,-3.28296422958374,-3.269414353918105,-0.01766994288796564
-3.2713395282872644,-3.2800706687053798,-3.285228668532557,-3.285835354698353,-3.2880572388235003,0.06471168799140949,0.06469394927825269,0.0647154673933982,-3.267256259918213,-3.2600526190460233,-0.009394028841152924
-3.2611091018480614,-3.2722573522521814,-3.2808455226566093,-3.285842869278838,-3.2862900870326084,0.06471339336142114,0.06470378064539387,0.0647154673933982,-3.251548290252685,-3.247595130053047,-0.00515518493883782
-3.2482819424997476,-3.261705773106476,-3.2727610796550817,-3.281244810478905,-3.2861384877465323,0.0647141190789969,0.06470825284833998,-0.0231115520000457,-3.235840320587158,-3.2332703974197616,-0.0033513514599641248
-3.2332790042311017,-3.248289419704009,-3.261712085581948,-3.2727660833427312,-3.2812485150308426,-0.02311156889648917,0.06471405466049883,-0.0231115520000457,-3.220132350921631,-3.2201001458502656,-4.1997564093954054e-05
-3.221835567684119,-3.234786659391487,-3.2495622264760806,-3.262720996832949,-3.2735130452619448,-0.023114958889746292,-0.02312455782626339,-0.0231115520000457,-3.220132350921631,-3.213638728394184,-0.008468117496235994
-3.2138012303653585,-3.221976741968454,-3.2349058428691584,-3.2496566992226077,-3.2627909410862115,-0.02311187101544652,-0.023116175151205367,-0.0231115520000457,-3.2044246196746826,-3.2038165678222814,-0.000792940228381056
-3.2023007164735353,-3.2124843280055213,-3.2208649743137543,-3.2340245819268554,-3.249004245040798,-0.023108576159678287,-0.023100525481851784,-0.0231115520000457,-3.1887166500091557,-3.194388681024592,0.007396707289033078
-3.194474540582312,-3.202375307332507,-3.2125472997996876,-3.220914889943545,-3.2340615376794952,-0.02311172055505474,-0.023109218783704283,-0.0231115520000457,-3.1887166500091557,-3.188395379671688,-0.0004189579782658548
-3.1862925936373387,-3.192647736197332,-3.200833065410383,-3.211324816339403,-3.220009806775135,-0.023107423920092327,-0.023095982052981308,-0.0231115520000457,-3.173008680343628,-3.1808769107050785,0.010260697924248774
-3.1800990509085776,-3.1856168246033354,-3.1920772321288715,-3.20038084596432,-3.210990009184659,-0.02311002494623232,-0.023101601954461926,-0.0400687903165817,-3.173008680343628,-3.1759192855919998,0.003795623648310986
-3.175663705451458,-3.1798770145654456,-3.1854293750003957,-3.1919286471138077,-3.2002708389167145,-0.040068288574969656,-0.0231081120323618,-0.0400687903165817,-3.173008680343628,-3.1739650132223645,0.0012471219490235441
-3.173623070550647,-3.175366641289008,-3.17962622427358,-3.185230581945034,-3.191781467823249,-0.040068119032549344,-0.04006572927252047,-0.0400687903165817,-3.173008680343628,-3.174288165592024,0.0016685342229729727
-3.173626583840065,-3.1730483185664897,-3.1748814187812893,-3.1792416046612253,-3.18494582329701,-0.0400674915337654,-0.04006316736100271,-0.0400687903165817,-3.173008680343628,-3.1754841949905357,0.0032282364435363142
-3.174154635769169,-3.1724715235647887,-3.1720731827535054,-3.174108461318647,-3.1786693345143786,-0.04006618019520991,-0.04005754032131657,-0.0400687903165817,-3.173008680343628,-3.1779836412107922,0.006487681257148381
-3.175783455812377,-3.1722432152689675,-3.1708578462326917,-3.1707940748389647,-3.1731614554231546,-0.040064471027272876,-0.040049712698332324,-0.0400687903165817,-3.173008680343628,-3.181241360830299,0.010735965229797806
-3.181307176823775,-3.175840633738957,-3.172291486554123,-3.170896109261898,-3.1708224034215853,-0.04006891952311001,-0.040064963633335914,-0.0400687903165817,-3.1887166500091557,-3.1884703789241855,-0.0003211539436791533
-3.1866987890468357,-3.1797681005204983,-3.1745413003150955,-3.1712615485156874,-3.1701335798589425,-0.040065312423663055,-0.04005565989017423,-0.0400687903165817,-3.1887166500091557,-3.1953456065617023,0.008644602104164623
-3.195064290029331,-3.1864543941029337,-3.1795617751300296,-3.174377753096163,-3.1711404639857896,-0.0400682380506265,-0.04006320688332006,-0.0400687903165817,-3.2044246196746826,-3.2054772532974205,0.0013727045512976765
-3.202796389882437,-3.1927352784408844,-3.1844881741078717,-3.178003218467315,-3.173223853310796,-0.040063527385241875,-0.04004817287341585,-0.0400687903165817,-3.2044246196746826,-3.2144559070106786,0.013081468693425524
-3.2127367062399035,-3.2013028268401635,-3.191474368648863,-3.1834886931940507,-3.1772632384335266,-0.040065415271226756,-0.04005065986355707,-0.0758926048874855,-3.220132350921631,-3.2265652772779414,0.008388965635069745
-3.224944587398469,-3.2113287249569056,-3.2001141676831906,-3.1905321583908806,-3.1827911143119567,-0.07588942323357835,-0.04005328506367743,-0.0758926048874855,-3.235840320587158,-3.2419046376921146,0.007908274551244876
-3.2394745632512616,-3.2228334498067874,-3.2095464405897163,-3.1987014106253273,-3.189486203434707,-0.07588783429198952,-0.07587123511029752,-0.0758926048874855,-3.251548290252685,-3.260641172354702,0.011857725590584955
-3.2604924902164685,-3.2393453950060587,-3.2227244021800154,-3.209460002192342,-3.1986374147177266,-0.07589231300246048,-0.0758867214663845,-0.0758926048874855,-3.28296422958374,-3.2835205702171404,0.0007255053449224391
-3.281198744720548,-3.2584753943593308,-3.2376425034335417,-3.2213745771284477,-3.208460639849895,-0.07588804680067536,-0.07587493507869869,-0.0758926048874855,-3.298672199249268,-3.30736003413492,0.011329516966629871
-3.306010271781758,-3.280026132887885,-3.257485441006043,-3.236857800603534,-3.2207936111303646,-0.07588995510437829,-0.07587794437596507,-0.0758926048874855,-3.3300881385803223,-3.3351386957717852,0.006586263913247237
-3.3339982633251113,-3.305019516203052,-3.279189707926011,-3.2568224349841004,-3.236366934583248,-0.07589036604994122,-0.07588141942926281,-0.0758926048874855,-3.361504077911377,-3.3657713619124707,0.005564823356814852
-3.36444426089389,-3.3328453386240464,-3.304046183304547,-3.278418179573225,-3.256251222899239,-0.07588999959192931,-0.07588043323614495,-0.0350732505321502,-3.392920017242432,-3.397885779976512,0.006475686277247483
-3.396253100606633,-3.3630258636896855,-3.331647886040435,-3.303097002792112,-3.277715440163247,-0.03507004534110033,-0.0758777796478987,-0.0350732505321502,-3.4243359565734863,-3.430445136099483,0.00796677814472213
-3.4287821214229286,-3.3948083494746637,-3.361806162346138,-3.3306810696819995,-3.302381206430532,-0.035069985788407226,-0.03505759834958167,-0.0350732505321502,-3.455751895904541,-3.4619745844500525,0.00811480148763577
-3.4631002207703756,-3.4297600228034155,-3.3956339225448238,-3.362460566437383,-3.331165567139484,-0.03507546032271035,-0.035078410720507755,-0.0350732505321502,-3.502875804901123,-3.4986638852255854,-0.005492624578407934
-3.4986078306279795,-3.46305152309832,-3.4297189107982264,-3.395601334436796,-3.3624364393640733,-0.03507314048868553,-0.03507504077674312,-0.0350732505321502,-3.5342917442321777,-3.5345014900073424,0.0002735225001035957
-3.533425060087917,-3.4976726775192906,-3.462262039374894,-3.429093113522062,-3.3951380164452694,-0.035071137341031844,-0.03506508384657262,-0.0350732505321502,-3.5657076835632324,-3.5697354821293468,0.0052525183539486875
-3.567733710788582,-3.531686012651183,-3.4962045225906375,-3.461098282190196,-3.4282315091943096,-0.03506932075897877,-0.03505615489304022,-0.0350732505321502,-3.597123622894287,-3.6046138752465495,0.009767789354451217
-3.6017793652045187,-3.5652712180339856,-3.529607103934798,-3.4945566413569837,-3.4598782496772222,-0.035067685969759635,-0.0350481055989744,-0.0350732505321502,-3.628539562225342,-3.6391457663793707,0.013831198623843743
-3.6388658658793807,-3.60153620044482,-3.565065931201157,-3.5294443799456836,-3.494436166317093,-0.035072701046075974,-0.03506559102784568,-0.0350732505321502,-3.675663471221924,-3.676710806317473,0.001365794917946861
-3.6754389314356577,-3.637760919121464,-3.600603371935219,-3.5643265093193426,-3.5288969383472275,-0.03507075365366753,-0.03506318157755297,0.0605965182185173,-3.7070794105529785,-3.711838527456742,0.006206206312278528
-3.7106465645073015,-3.6744034085116883,-3.636886700251728,-3.5999104079497446,-3.563813463490958,0.06059885821805904,-0.03506183229360294,0.0605965182185173,-3.738495349884033,-3.7429554513471928,0.00581627020596498
-3.743359405540862,-3.710997501445379,-3.674699679783191,-3.6371215445546703,-3.6000842782986657,0.060595725196696856,0.06059583478447579,0.0605965182185173,-3.769911289215088,-3.7683997684995485,-0.0019711239701845074
-3.7668630231994333,-3.742024351471171,-3.7098704095840342,-3.6738062718561015,-3.6364600971784045,0.06059953507680113,0.060607227113057875,0.0605965182185173,-3.7856192588806152,-3.7913694711374344,0.007498660849662553
-3.7893252188180035,-3.7650870702303063,-3.7405250398080137,-3.7086819555005803,-3.6729263828250365,0.0606005313881321,0.06061483547771802,0.0605965182185173,-3.801327228546143,-3.8089764367411143,0.00997507839028211
-3.807398638711204,-3.7879545000132517,-3.7639298691520118,-3.73960776531421,-3.708002838169242,0.060599615669380755,0.06061234056755386,0.0605965182185173,-3.817034959793091,-3.822938783653619,0.007698980640886699
-3.8223907247103286,-3.8069225101539113,-3.7875525382994444,-3.763611247579256,-3.739371869261656,0.06059759413927201,0.06060371766866857,0.0605965182185173,-3.832742929458618,-3.834793663079168,0.0026742936132944095
-3.8324387097892294,-3.8203448489406555,-3.805195321733854,-3.786183453951505,-3.762597626340433,0.060601141340084846,0.06061522001115393,0.0605965182185173,-3.832742929458618,-3.8415547223243767,0.011491166452060497
-3.8418468810619424,-3.83269252394539,-3.8205591263067915,-3.8053651722172686,-3.786309205193693,0.06059594466770992,0.06059895465022585,0.0605965182185173,-3.8484508991241455,-3.8473576960061284,-0.00142560988285112
-3.8464718698915026,-3.841077315826063,-3.8320428343681474,-3.8200441391630076,-3.8049838940970084,0.060598257226179626,0.06060257471751718,-0.0705599784851074,-3.8484508991241455,-3.851765494054971,0.0043224531774099795
-3.84930934175025,-3.844338077043753,-3.8392759052262284,-3.830614916586969,-3.818986959747821,-0.07055515669490814,0.06061664053171288,-0.0705599784851074,-3.8484508991241455,-3.8576413596943926,0.011984974430593986
-3.855643011729814,-3.8475732683862587,-3.8428724329146697,-3.8381141382681623,-3.8297547857520566,-0.07055605543252967,-0.07054019986950118,-0.0705599784851074,-3.864158868789673,-3.871636311511279,0.009751084740497795
-3.8671413064902143,-3.851737956841275,-3.84427650634276,-3.8402592001832434,-3.836179393924216,-0.07055115412551272,-0.0705224121399224,-0.0705599784851074,-3.864158868789673,-3.880978333254379,0.02193370506352954
-3.8769888158662145,-3.863675396150503,-3.8488119335252735,-3.8419571457697486,-3.838542028307872,-0.07055214647248952,-0.07052129420317162,-0.0705599784851074,-3.8798668384552,-3.89479486314641,0.01946714126630633
-3.890585106609735,-3.8733315718217556,-3.860587843300741,-3.8463645339069368,-3.8401451783502343,-0.07055171411047119,-0.07052063814929409,-0.0705599784851074,-3.895574808120728,-3.911326926336805,0.020541814265388147
-3.909776962938921,-3.8892385692609226,-3.8721947854388685,-3.859686750851482,-3.8456973971844355,-0.0705569356777429,-0.07054011326200023,-0.0705599784851074,-3.9269907474517822,-3.9327904193476173,0.007563159522433249
-3.9296138529912312,-3.9070173072943457,-3.886908786903992,-3.870348045082149,-3.858319490133777,-0.07055374241558716,-0.07053316036472022,-0.0705599784851074,-3.9426987171173096,-3.9545848317491394,0.01550028737436282
-3.9527694917746397,-3.928036768603436,-3.9056858863290893,-3.8858534141473884,-3.8695666847206938,-0.07055641470427812,-0.07054015533088813,-0.0705599784851074,-3.974114656448364,-3.9809073176466008,0.008858083896263302
-3.9796966752291074,-3.951717740982694,-3.927148849690879,-3.904982062779033,-3.885332328284567,-0.07055760181500748,-0.07054735353595826,-0.0705599784851074,-4.005530834197998,-4.010060830721934,0.005907418033631373
-4.006047351268864,-3.97620994774275,-3.9487741432200134,-3.9248155584432562,-3.903254577128854,-0.07055209943141251,-0.07052756254631252,0.0306388661265373,-4.021238803863525,-4.03625649010067,0.01958406591085904
-4.0338788281528375,-4.003981747255262,-3.974466104159672,-3.9473918568827955,-3.923792162922266,0.030643533828558528,-0.07053430359442073,0.0306388661265373,-4.05265474319458,-4.0615515075926725,0.011601975005621767
-4.061703737230937,-4.034011078303905,-4.004093396717492,-3.974554604944775,-3.9474573797087396,0.03063856727724509,0.030642394451352133,0.0306388661265373,-4.084070682525635,-4.083501067813468,-0.0007428156302324851
-4.082097925267915,-4.060484751127217,-4.032981974428799,-4.003277660581555,-3.973950662993423,0.030641620702856243,0.030649069231082415,0.0306388661265373,-4.099778175354004,-4.105028471198671,0.006846736457919
-4.106328698348101,-4.0832275031799075,-4.061438373980602,-4.0337378792896965,-4.003837305590052,0.030636313588360463,0.030631889029089653,0.0306388661265373,-4.131194114685059,-4.1263289089214625,-0.006344553271361519
-4.126954309661583,-4.106872017923064,-4.083686189524493,-4.061801959266198,-4.0340070648721325,0.03063763837239782,0.030631632717038167,0.0306388661265373,-4.146902084350586,-4.144561952253878,-0.0030516885556366447
-4.144996333743428,-4.127331680443442,-4.107190605421952,-4.08393872315262,-4.0619889261608035,0.030638013371435336,0.03063438720282456,0.0306388661265373,-4.162610054016113,-4.160984680074731,-0.0021195961811413255
-4.161585396677227,-4.1455182088679745,-4.127772262753078,-4.107539840246073,-4.084197284165021,0.03063768683101036,0.03063351725088884,0.0306388661265373,-4.178318023681641,-4.176070254991354,-0.002931240504550736
-4.173712372129785,-4.159536975829636,-4.14378887181838,-4.1264014752585485,-4.1065249580582375,0.030643494999287188,0.030655334629549787,-0.0460511334240436,-4.178318023681641,-4.187140778454164,0.011505461510645354
-4.185364632555108,-4.172169337763112,-4.158234300892392,-4.142756285074327,-4.125636984848389,-0.04604764658698059,0.030656788732200752,-0.0460511334240436,-4.194025993347168,-4.200671997677157,0.00866683354459763
-4.198431391999784,-4.183418096764222,-4.170526015071148,-4.1569316940950936,-4.1417918814438535,-0.04604673478374968,-0.0460308765606807,-0.0460511334240436,-4.209733963012695,-4.218117888590841,0.01093319893100464
-4.219010502858528,-4.199206854472745,-4.184072764962234,-4.171044948600683,-4.157315893978662,-0.04605288575785424,-0.046053415640134154,-0.0460511334240436,-4.24114990234375,-4.23780990741923,-0.004355576465696842
-4.237346322844288,-4.218607761771,-4.198866848616587,-4.183803253720456,-4.170845412086239,-0.04605022333896635,-0.046049416015010815,-0.0460511334240436,-4.256857872009277,-4.258592518410803,0.002262094767665701
-4.256677529017155,-4.235682667596269,-4.21720325514262,-4.197753543305389,-4.182979002161066,-0.046047374016668,-0.04603589041871189,-0.0460511334240436,-4.272565841674805,-4.279731372281739,0.009344330509805765
-4.276479311628132,-4.253852287378119,-4.233297515616299,-4.2153126251422615,-4.196353788260344,-0.04604474914805355,-0.046023033659397396,-0.0460511334240436,-4.288273811340332,-4.300442411451806,0.01586866730751968
-4.299197150783977,-4.27539748608275,-4.2529389784752984,-4.232573566272288,-4.214776638859147,-0.046048688793198796,-0.04603542887614645,-0.0460511334240436,-4.319689750671387,-4.324349282185521,0.0060763403127204185
-4.321097285658099,-4.2963719648548375,-4.273012381134713,-4.251048385755575,-4.231173838828497,-0.04604474927394273,-0.04602434891588671,-0.0372542515397071,-4.335397720336914,-4.3475660805002505,0.015868354399123596
-4.345892405124407,-4.319643272997904,-4.295144444657115,-4.27203936703274,-4.250328000805649,-0.03725096586743488,-0.04603222249140629,-0.0372542515397071,-4.366813659667969,-4.373076238547756,0.008166821147876924
-4.3725117038303285,-4.345401963167678,-4.319229227491853,-4.294816244667417,-4.271796379461784,-0.037253143274571264,-0.037246740553648496,-0.0372542515397071,-4.398229598999023,-4.400341981871646,0.0027546883556617274
-4.39713183268952,-4.369722872961874,-4.343047550229759,-4.3173629632994475,-4.293434529197859,-0.03724794954213359,-0.03722911660769521,-0.0372542515397071,-4.413937568664551,-4.425949343922233,0.015664157223570285
-4.423821070135416,-4.395282885710281,-4.368161937611263,-4.341810249115503,-4.316446909668335,-0.03725007342352641,-0.037232020274552635,-0.0372542515397071,-4.4453535079956055,-4.453317108739274,0.01038506727261268
-4.451885190392507,-4.422577084930989,-4.394232676860038,-4.367329472269185,-4.341193921456375,-0.0372514404722349,-0.03723935609446798,-0.0372542515397071,-4.47676944732666,-4.482127416814337,0.006987150080114191
-4.477834180573511,-4.448155422997071,-4.419428305738041,-4.391736745172377,-4.365481573435872,-0.03724582328206636,-0.03721930733725388,-0.0372542515397071,-4.492477416992188,-4.508541900580697,0.020949159574467302
-4.505181323381785,-4.474914664720376,-4.44569068195636,-4.417474588157854,-4.390290282332509,-0.03724765422969078,-0.03722067072239123,-0.0372542515397071,-4.523893356323242,-4.536468004963929,0.016398181710306936
-4.533725166408549,-4.5027984706243425,-4.472902990428924,-4.444096095196979,-4.416294012973508,-0.03724886694200156,-0.03722712519364727,-0.0372542515397071,-4.555309295654297,-4.565572482324489,0.013383880914181745
-4.5631791104862005,-4.531645914360242,-4.5010431049694715,-4.471511570931732,-4.443065937809971,-0.037249552996847665,-0.03723095352284046,-0.0372542515397071,-4.586725234985352,-4.595680782842646,0.011678632562670543
-4.590402188335386,-4.558593308871165,-4.527774445934066,-4.497974321758406,-4.4692395532545435,-0.03724388887807084,-0.037210044854202505,0.0072399973869323,-4.602433204650879,-4.622184713786554,0.02575728715087955
-4.618306817137868,-4.587033248991773,-4.5557491513184845,-4.525519977606679,-4.496305193788071,0.007247610271531682,-0.0372148643917708,0.0072399973869323,-4.633849143981934,-4.648359504832418,0.018922479721497965
-4.646231687792646,-4.616458266959584,-4.585472648632184,-4.55451211574038,-4.524604120569066,0.007244174606450997,0.0072635361205459345,0.0072399973869323,-4.665265083312988,-4.673226974995002,0.010382838542067674
-4.669185704296572,-4.642720816542702,-4.613494286322487,-4.583123200563449,-4.552772668155894,0.007247930998951702,0.0072744218813651194,0.0072399973869323,-4.680973052978516,-4.6960947288356,0.01971967532090879
-4.69423155041427,-4.667567060052941,-4.641354309526375,-4.612411102029634,-4.582321249532129,0.007243655081707238,0.007261876135056032,0.0072399973869323,-4.71238899230957,-4.719360655990062,0.009091515089012958
-4.716249646514454,-4.691528847591006,-4.665285358940687,-4.639545681560146,-4.611072058367015,0.007246104758600758,0.007266939728020519,0.0072399973869323,-4.728096961975098,-4.739737775073004,0.015180397790007127
-4.739147550047442,-4.715736885992362,-4.691095960096493,-4.664942223538507,-4.639291636342286,0.007241156085942185,0.007250522353941822,0.0072399973869323,-4.759512901306152,-4.761721412486249,0.0028800460891851287
-4.760028503044679,-4.737676827710164,-4.714495258994417,-4.690111764006985,-4.664213559843685,0.007243320818519949,0.007253826827672944,0.0072399973869323,-4.77522087097168,-4.781555420112565,0.008260675175368881
-4.779298693699599,-4.7580679622956135,-4.736021681621124,-4.713183280186696,-4.6891404216741375,0.007244427674614184,0.007260211501998658,0.0072399973869323,-4.790928840637207,-4.799373086979887,0.011011861236889686
-4.800497054567574,-4.780275145361451,-4.758892311470718,-4.736675115571796,-4.7136670593866885,0.007237790872341097,0.00723601523230179,0.0917747840285301,-4.822344779968262,-4.8181391043768045,-0.005484481875715375
-4.816400788226381,-4.798986884957255,-4.779000215816888,-4.7578817175691395,-4.735926907878087,0.09177819660020213,0.007250801464902975,0.0917747840285301,-4.822344779968262,-4.828849232484658,0.008482240525180984
-4.8298057249841735,-4.81723174518718,-4.799688403231988,-4.779556285831355,-4.758293411982113,0.09177290629230382,0.09177103764111598,0.0917747840285301,-4.838052749633789,-4.834473734364406,-0.004667274959988532
-4.83459392692294,-4.829910142784836,-4.817319897761656,-4.799758278822018,-4.7796080192269175,0.09177454807276315,0.09177200669966777,0.0917747840285301,-4.838052749633789,-4.837603011656255,-0.0005864883614954408
-4.834968081029652,-4.8323048196413785,-4.827977611177791,-4.815788044754549,-4.798624149471189,0.09177995678701362,0.09179426946165042,0.0917747840285301,-4.822344779968262,-4.832204195437973,0.012857336300166722
-4.831726519630544,-4.834553098123472,-4.8319544788823245,-4.827699907805017,-4.815582443078392,0.09177572177678057,0.09178353199702684,0.0917747840285301,-4.822344779968262,-4.824132153114912,0.002330853965021973
-4.822214001073265,-4.830060116818513,-4.833146271920847,-4.830839334922397,-4.826874294975662,0.09177854964465142,0.0917900783681748,-0.0701133385300636,-4.806636810302734,-4.813814174944419,0.009359762881540057
-4.810032571760753,-4.818928717090336,-4.827286583578603,-4.83094778511816,-4.8292116536770235,-0.07010591468377629,0.09180685341335389,-0.0701133385300636,-4.790928840637207,-4.805078889428971,0.018452608731053033
-4.801338443659421,-4.806783043457838,-4.816185369845776,-4.825112024202293,-4.829337818886184,-0.07010599548186672,-0.07007791896165431,-0.0701133385300636,-4.790928840637207,-4.804924886116199,0.018251778125047302
-4.80174961164672,-4.7985799103471365,-4.804454208606795,-4.814339380545204,-4.823745319539782,-0.07010710499670843,-0.07008222983809446,-0.0701133385300636,-4.790928840637207,-4.802810121270891,0.01549398351791087
-4.799107013339825,-4.798532520751108,-4.7958639477146345,-4.802301356094257,-4.812745485301243,-0.07010606878156532,-0.07007938873318985,-0.0701133385300636,-4.790928840637207,-4.804785174937984,0.018069585417100242
-4.8031979152081465,-4.797728074642685,-4.797368380198209,-4.794941172531994,-4.801618166249021,-0.07011022250448397,-0.07009418878515054,-0.0701133385300636,-4.806636810302734,-4.812576038067144,0.007745149696233966
-4.808894872389612,-4.799999886739389,-4.795028205070872,-4.79522828411528,-4.793356721693706,-0.07010611185745391,-0.07008267046984892,-0.0701133385300636,-4.806636810302734,-4.820411040812337,0.017962516589550503
-4.817907121191327,-4.80671958148099,-4.798163442257607,-4.79357251710616,-4.794150544646304,-0.07010842296555847,-0.07008737103289867,-0.0701133385300636,-4.822344779968262,-4.831713976863634,0.01221805853667135
-4.829403108821616,-4.815899544669841,-4.805024726411249,-4.796819987472326,-4.79257787108175,-0.07010880195435722,-0.07009112705390762,-0.0701133385300636,-4.838052749633789,-4.846699583782631,0.011276049267319621
-4.847288947221504,-4.829915120836577,-4.816331800252648,-4.805367360918208,-4.797073661845223,-0.0701144955376514,-0.07011321310107076,-0.0701133385300636,-4.869468688964844,-4.867263401680299,-0.0028758419140544333
-4.866687446771422,-4.846788583924478,-4.829492699443619,-4.815996960978243,-4.805119457857567,-0.07011220784540309,-0.07011018474835591,0.0254685208201408,-4.885176658630371,-4.8873317737142745,0.0028104140133304867
-4.886227199330059,-4.865727843038251,-4.845978458265654,-4.828850539997389,-4.815521529019366,0.02547068926300565,-0.07010394055336659,0.0254685208201408,-4.900884628295898,-4.905017738162714,0.005389851323988282
-4.904607189034578,-4.885870533014382,-4.865426734857885,-4.8457397799072375,-4.828673831050491,0.02546932678879289,0.02547376205700317,0.0254685208201408,-4.916592597961426,-4.918128795682974,0.0020033044342406825
-4.917934275456059,-4.90443819875326,-4.885727866454993,-4.865313647859869,-4.845656054325833,0.025468902692112622,0.025470782693932367,0.0254685208201408,-4.932300567626953,-4.933028425778152,0.0009491756440889176
-4.93353622523908,-4.9183754284154,-4.904810633039908,-4.886023082626295,-4.865532215387667,0.025467523934703695,0.025465102018749686,0.0254685208201408,-4.9480085372924805,-4.946108447092744,-0.0024778445308131225
-4.947551355964901,-4.934789758509572,-4.919433698023479,-4.905649487874444,-4.8866441408378325,0.02546568817664194,0.025456724346012666,0.0254685208201408,-4.963716506958008,-4.958317412988741,-0.007040779150885079
-4.960696863838695,-4.949618514094894,-4.9365349141233565,-4.920817024363445,-4.90667365337639,0.025463849606240156,0.02544787895044208,0.0254685208201408,-4.979424476623535,-4.970521018489723,-0.011610704084085377
-4.973798416477316,-4.96354411739529,-4.9520222491822405,-4.9384402743298415,-4.9222276851279245,0.025462086803217154,0.025439319609283452,0.0254685208201408,-4.995132446289063,-4.982869038633077,-0.015992302677925174
-4.983926059733573,-4.974716708091328,-4.9643193661496205,-4.952636762875702,-4.9388952383590325,0.02546644573140425,0.025454175428255524,0.0254685208201408,-4.995132446289063,-4.991177271877705,-0.005157811605451812
-4.993659075546276,-4.986082137313671,-4.9765369321168,-4.965762196702488,-4.953704983175357,0.025463648672520888,0.025447870435798513,-0.047003973275423,-5.01084041595459,-5.001553972799064,-0.012110142132640611
-5.00462278144835,-4.996325116220697,-4.988332887162962,-4.978321026054675,-4.967083076245233,-0.04700999780062857,0.025440679882306007,-0.047003973275423,-5.026548385620117,-5.015065480087471,-0.014974475777982832
-5.014345893694295,-5.003997637683386,-4.99579735149142,-4.98791454575802,-4.978011300993712,-0.04700256062091804,-0.04700461198782783,-0.047003973275423,-5.026548385620117,-5.029240942739097,0.003511274323764191
-5.028985075045924,-5.014123607538582,-5.003809977181327,-4.995648599303696,-4.9878044149417375,-0.04700347096930262,-0.0470006455548325,-0.047003973275423,-5.0422563552856445,-5.043213764132313,0.0012485250830751582
-5.042761723731536,-5.028592363009207,-5.013792068501711,-5.0035471773033064,-4.995454031643695,-0.04700308585326683,-0.04700008762992872,-0.047003973275423,-5.057964324951172,-5.059655775221384,0.0022057641272885675
-5.0586345361993414,-5.04187451795163,-5.0278433578291395,-5.01319835720962,-5.003107614630416,-0.047001968432198046,-0.046995442292674675,-0.047003973275423,-5.073672294616699,-5.077493579211651,0.004983210342119904
-5.078965476649346,-5.05991325341046,-5.042954048582136,-5.028699065563272,-5.013831892707157,-0.04700686282776295,-0.047012984988564994,-0.047003973275423,-5.105088233947754,-5.099580670211343,-0.007182230972128778
-5.0994487320789625,-5.078850854831034,-5.059816486304554,-5.0428773445418855,-5.028642276626623,-0.047003714261357625,-0.0470058753242623,-0.0353051498532295,-5.120796203613281,-5.121289891321907,0.0006438017463183954
-5.119630115974163,-5.098006795127788,-5.077633529301576,-5.058851553174287,-5.042162942455298,-0.035301891468768026,-0.04699129151490354,-0.0353051498532295,-5.136504173278809,-5.142714740864376,0.008098994946289295
-5.139824425503518,-5.117119142109519,-5.095886957234224,-5.075953204881527,-5.057607500882813,-0.03529947573674538,-0.03528025862854717,-0.0353051498532295,-5.152212142944336,-5.163027160119162,0.01410350474995159
-5.1621897202278575,-5.13909689600665,-5.116504940337902,-5.095400100084053,-5.07559275320561,-0.035303505834879095,-0.03529320783822866,-0.0353051498532295,-5.183628082275391,-5.186761625047225,0.004086349069294393
-5.184101534236187,-5.15987875492817,-5.1371459112186475,-5.1149584601129865,-5.094255141262668,-0.035299927701583154,-0.035283596132198385,-0.0353051498532295,-5.199336051940918,-5.209289612094795,0.012980107256408857
-5.205100654907148,-5.180462359715392,-5.156806456901057,-5.13471060358673,-5.113155445169098,-0.03529692631079133,-0.03526857505309379,-0.0353051498532295,-5.215044021606445,-5.23071831256533,0.020440322323788784
-5.228480195278706,-5.203156280916398,-5.178820862078601,-5.155505296763801,-5.1337472710117735,-0.03530075609801462,-0.035280174909088684,-0.0353051498532295,-5.2464599609375,-5.25483457542487,0.01092105664672971
-5.250714807350036,-5.224901129096381,-5.200134728114235,-5.176425778485014,-5.153732062263772,-0.03529706213925173,-0.03526992130202079,-0.0353051498532295,-5.262167930603027,-5.277583328897977,0.020102708998121166
-5.275058037013261,-5.248520949195666,-5.223049009600346,-5.198666615091309,-5.1753388399459315,-0.035300192331810094,-0.03527816135195602,-0.0588050037622451,-5.293583393096924,-5.303032560988607,0.012322346057261235
-5.301361974646857,-5.273606707964683,-5.247295694581698,-5.2220777913506495,-5.197947559726381,-0.05880172415420363,-0.03528768866944313,-0.0588050037622451,-5.3249993324279785,-5.331250352722417,0.008151747980565283
-5.326464118641502,-5.297203913263659,-5.270096350406612,-5.2445131518477295,-5.220017695917283,-0.05879560767693788,-0.05876590112999863,-0.0588050037622451,-5.340707302093506,-5.358616490996852,0.023354778516122998
-5.3545485992203155,-5.32293012021579,-5.294220407985445,-5.267731425809525,-5.242762245993441,-0.058797017889112554,-0.0587651611540327,-0.0588050037622451,-5.3721232414245605,-5.387344528355523,0.019849574814440274
-5.383482526224798,-5.351193468307344,-5.320097620145863,-5.291975180153762,-5.266069139172755,-0.05879742208093502,-0.05876811236684394,-0.0588050037622451,-5.403539180755615,-5.417990067305452,0.01884492126106263
-5.417192587204449,-5.382789711967118,-5.350608574160371,-5.319633994167063,-5.29163192800886,-0.05880343819087246,-0.058791453265269446,-0.0588050037622451,-5.450663089752197,-5.453647110494619,0.003891362356100103
-5.451634377252963,-5.415444016569306,-5.381313517274635,-5.349438444124459,-5.3187676716074845,-0.05880105246924113,-0.058788373697491014,-0.0588050037622451,-5.482079029083252,-5.489610298809608,0.009821278749891249
-5.486359501383938,-5.448810233048614,-5.413059791075935,-5.3794236216691385,-5.348039232799187,-0.0587986219661583,-0.05877672156672016,-0.0588050037622451,-5.513494968414307,-5.5256588417641215,0.015862503294608032
-5.524371870013978,-5.48524143915692,-5.447866332074745,-5.412311592422956,-5.378869682062232,-0.05880247724637733,-0.05878898950368841,-0.0588050037622451,-5.560618877410889,-5.565434483960198,0.006279872583113466
-5.5621207015820975,-5.521493007362098,-5.482811018742852,-5.4459398193045265,-5.410885271054447,-0.05879849831738223,-0.05877767492698929,-0.0588050037622451,-5.592034816741943,-5.604434367952908,0.016169842966885284
-5.60290604794716,-5.560792967023019,-5.520372094846615,-5.481922508976033,-5.44528199835149,-0.05880200344406008,-0.05878705946093825,0.0281371846795082,-5.639158725738525,-5.644877412126398,0.007457549010886133
-5.6420533247853735,-5.600452609958761,-5.558721702606231,-5.518730272992938,-5.480706962611957,0.028142728780595337,-0.05878086629375272,0.0281371846795082,-5.67057466506958,-5.6811418694342,0.013780340293591209
-5.681765649703952,-5.642595236569755,-5.600910107805185,-5.559084345809185,-5.518998761090974,0.028135960106591692,0.02813806003783764,0.0281371846795082,-5.717698574066162,-5.71536450546519,-0.0030437813522068424
-5.715249997586387,-5.681666170493184,-5.6425112532979345,-5.600843537081572,-5.559035059218889,0.028137409475408146,0.028136817151701618,0.0281371846795082,-5.749114513397217,-5.749542980370986,0.0005587495518559749
-5.749520309547924,-5.715230302211629,-5.681649543079284,-5.642498073304454,-5.60083377908431,0.028137229185686518,0.028137579157339613,0.0281371846795082,-5.780530452728272,-5.780615282689773,0.00011062393573890716
-5.781193622052967,-5.750022744349864,-5.7156544724298834,-5.681985768588864,-5.642747002684194,0.028136049313811237,0.028132900549715907,0.0281371846795082,-5.811946392059326,-5.809782354795252,-0.0028220491322015206
-5.811189679929153,-5.782416241798251,-5.7510549158519115,-5.716472640170839,-5.682591510813878,0.02813442189214979,0.028125516054993614,0.0281371846795082,-5.843362331390381,-5.838096385085761,-0.006867145703021826
-5.8401459741921125,-5.812970269254804,-5.783919467609774,-5.752246472549533,-5.717354826266815,0.028133161032991447,0.0281190815475436,-0.0465184301137924,-5.874778270721436,-5.867109093272249,-0.010001119631563249
-5.866144252720155,-5.839307764824835,-5.812262628285492,-5.783358544340607,-5.751831184959814,-0.04651653598910437,0.028140382473871118,-0.0465184301137924,-5.890486240386963,-5.894096492501031,0.004708009891819742
-5.8931585798286,-5.865329437063813,-5.838619873513458,-5.811717359907964,-5.7829548470745085,-0.04651658885251435,-0.04650951609250119,-0.0465184301137924,-5.921902179718018,-5.925411672764416,0.004576613337704316
-5.924754059578609,-5.892587275553305,-5.864847125213188,-5.838237561081388,-5.811434309413964,-0.046517139121858335,-0.04651166688407853,-0.0465184301137924,-5.953318119049072,-5.955778784066879,0.003208871535357538
-5.9549156545260065,-5.9240042120885095,-5.891954232276237,-5.864345333033402,-5.837866052042028,-0.046516735662860804,-0.04651067894671604,-0.0465184301137924,-5.984734058380127,-5.987963726995206,0.0042117035892985655
-5.989839585809736,-5.9565453149156085,-5.925380019258852,-5.893044788489343,-5.865152741971644,-0.04652211270205441,-0.04653077570657409,-0.0465184301137924,-6.031857967376709,-6.024838856046699,-0.009153389993095118
-6.025310938342138,-5.9902497093283875,-5.9568915532369715,-5.925654470766823,-5.893247982600739,-0.046519356881151656,-0.046525646046895124,-0.0465184301137924,-6.063273906707764,-6.061507463432319,-0.00230356001502674
-6.060684366794429,-6.024595869608183,-5.989646027298843,-5.956413034733615,-5.925300192727707,-0.04651681425336958,-0.046513196336079324,-0.0465184301137924,-6.094689846038818,-6.097769719050558,0.004016360117434559
-6.098859929865751,-6.061631492115414,-6.0253954606249,-5.990279836287502,-5.956882284311428,-0.046520570358847116,-0.04652497403990758,-0.0465184301137924,-6.1418137550354,-6.137734390945874,-0.005319763240629882
-6.136824968543742,-6.098069865253909,-6.060964496362839,-6.024866755456205,-5.98988840183069,-0.04651664478312819,-0.04651376370038174,-0.0465184301137924,-6.173229694366455,-6.176632582172898,0.004437592984447569
-6.174453213605505,-6.134931632754761,-6.096471455566244,-6.059697490598115,-6.0239287095609555,-0.04651415169100134,-0.0465003330918023,0.0618494674563407,-6.20464563369751,-6.21280042151265,0.010634387983533777
-6.210528911144916,-6.172479829232335,-6.133265643700986,-6.09515088190394,-6.0587197849413705,0.0618539267671121,-0.04649715035560705,0.0618494674563407,-6.2360615730285645,-6.244561138153029,0.011084000623169388
-6.243891796180382,-6.209947417435757,-6.1719889151623395,-6.132876512578052,-6.094862783094334,0.061850781473617826,0.06185893652076856,0.0618494674563407,-6.267477512359619,-6.269982064294688,0.0032661030067533403
-6.267344425310075,-6.241600336001183,-6.208012899443412,-6.170455487614211,-6.131741217493189,0.06185464553173152,0.06187052313346823,0.0618494674563407,-6.2831854820251465,-6.293055031661809,0.012870551930748597
-6.293183868813226,-6.267456353137876,-6.241694828761168,-6.208087800685909,-6.170510941823678,0.06184921452995954,0.06185368123781783,0.0618494674563407,-6.314601421356201,-6.3141193369358675,-0.0006286702833842028
-6.313976756402681,-6.293060001363575,-6.267351780598414,-6.241611937615454,-6.2080264310369655,0.06184974736301269,0.061850281687521234,0.0618494674563407,-6.3303093910217285,-6.330842900595145,0.0006957321177729625
-6.327921449515867,-6.311438733249137,-6.2909173276657775,-6.265653355002035,-6.240354483858393,0.061855202696844545,0.06187161324147943,0.0618494674563407,-6.3303093910217285,-6.341240912206471,0.014255433760387959
-6.340102971202222,-6.326932858388452,-6.31060413558062,-6.29025577007801,-6.2651635613507715,0.061851701402815054,0.06186371972452224,0.0618494674563407,-6.346017360687256,-6.350275322178779,0.0055526661816687195
-6.348097174546723,-6.338210696106052,-6.325335344168813,-6.309337839623376,-6.289318249698912,0.06185374348225513,0.06186800395593428,0.0618494674563407,-6.346017360687256,-6.354167579991698,0.010628430340442918
-6.351811148814533,-6.346050014856185,-6.336482423762287,-6.323965400630895,-6.308323582270925,0.06185409347921942,0.061871380415524556,0.0515897795557975,-6.346017360687256,-6.354834683529414,0.0114983779106419
-6.35292521513794,-6.350152289960829,-6.344649557484775,-6.335372328161316,-6.323143525426521,0.05159352812462937,0.061868385077008,0.0515897795557975,-6.346017360687256,-6.353162232741094,0.00931739037675161
-6.352103826424612,-6.352005720111601,-6.349376025250461,-6.344034238477028,-6.334916767906141,0.05159185736391788,0.0516014498673718,0.0515897795557975,-6.346017360687256,-6.349977718316645,0.005164570867956186
-6.346962367848848,-6.349484227774611,-6.349794177983506,-6.347623009958544,-6.342736368455694,0.05159569913468721,0.051614426041288915,0.0515897795557975,-6.3303093910217285,-6.34159226608062,0.014713622679819238
-6.3408262204049715,-6.346296862382999,-6.348922388511867,-6.349348826838404,-6.347293287848953,0.05159128341674453,0.05160143267640643,0.0515897795557975,-6.3303093910217285,-6.333175790048989,0.0037379757833706506
-6.331409325021808,-6.339291596337257,-6.345001287667179,-6.347895429875266,-6.348588503278341,0.05159324738787738,0.05160450469225178,0.0515897795557975,-6.314601421356201,-6.321211201682045,0.008619595023731108
-6.319192996362296,-6.329656000495355,-6.33781138827009,-6.343827976363722,-6.347026752018621,0.0515937415913,0.051608352837547784,0.0515897795557975,-6.298893451690674,-6.306445196905403,0.009847980154324532
-6.3048636334422365,-6.317819006321255,-6.328496037743296,-6.336891924690092,-6.343147238311014,0.05159288439876328,0.051605578953465105,0.0803390964865684,-6.2831854820251465,-6.28910339542964,0.007717354347279937
-6.288607345407598,-6.3044326878583155,-6.317455189400767,-6.328207652269209,-6.336678414366975,0.08034007030611942,0.05159659713233336,0.0803390964865684,-6.267477512359619,-6.2693336383660085,0.0024205122862435147
-6.267383519908896,-6.286913171635047,-6.303002416595079,-6.316321461327405,-6.327368280424853,0.08034292485749059,0.08035466615319056,0.0803390964865684,-6.2360615730285645,-6.243358549992474,0.009515745338837256
-6.244031415735499,-6.267968074908683,-6.287406670136511,-6.3033935963101815,-6.316611076841615,0.08033777555160891,0.08033788872983959,0.0803390964865684,-6.220353603363037,-6.217835866141104,-0.0032832975014898125
-6.218002294811573,-6.244176001356686,-6.268090138337128,-6.287503425723453,-6.303465230697096,0.08033876976247617,0.08033652990039548,0.0803390964865684,-6.188937664031982,-6.188314919208394,-0.0008121008441781541
-6.188755482460449,-6.218385036026118,-6.244499122732597,-6.268346265817551,-6.287693053378165,0.08033823159575246,0.08033547232491349,0.0803390964865684,-6.157521724700928,-6.155873219765413,-0.0021497605424496413
-6.153897923400116,-6.1870394352721885,-6.216936298582833,-6.243350757137481,-6.267496056873965,0.08034297428544776,0.08035301588927211,0.0803390964865684,-6.110397815704346,-6.117789003671366,0.009638602779407535
-6.1178170613246925,-6.1539222986067665,-6.1870600135376375,-6.216952610283864,-6.243362833739359,0.08033904140524564,0.08034276428527283,0.0803390964865684,-6.078981876373291,-6.078876889904783,-0.000136909367165039
-6.0778404154339745,-6.1169166196833356,-6.153162119323673,-6.186457444908746,-6.2165064899546,0.08034113123923235,0.08034679899700316,0.0803390964865684,-6.031857967376709,-6.035736260159173,0.005057552826314371
-6.034471551599102,-6.076741694448806,-6.115989047153963,-6.152426863681153,-6.185913087845323,0.0803415792965017,0.08035059707073866,0.0803390964865684,-5.984734058380127,-5.989466360254016,0.006171237722297107
-5.988598471503916,-6.033717569525578,-6.076105160634961,-6.115484488142712,-6.152053306178423,0.0803408002805315,0.08034807509239811,0.0769131705164909,-5.937610149383545,-5.940857626065598,0.00423492649806434
-5.940828843374054,-5.988573466417205,-6.03369645949688,-6.076088427423032,-6.115472099469194,0.07691322702117089,0.08034101570732394,0.0769131705164909,-5.890486240386963,-5.890593939812296,0.00014044724406492293
-5.891679286508035,-5.941771742970404,-5.9893694899530585,-6.034327440663076,-6.076555583381915,0.076911039820422,0.07690510364059758,0.0769131705164909,-5.843362331390381,-5.839301167922194,-0.005296028414749188
-5.83849475798406,-5.890978714416053,-5.941180299431835,-5.988900672491141,-6.033980344929168,0.0769147536184544,0.0769170754723029,0.0769131705164909,-5.780530452728272,-5.78354788724389,0.003934936148112911
-5.7817748503119315,-5.836954424545887,-5.889678319681985,-5.940149520128384,-5.988137520245562,0.07691665125019173,0.07692802408200802,0.0769131705164909,-5.717698574066162,-5.724332945225247,0.00865166311273935
-5.725536188088004,-5.782820172708967,-5.837836916418634,-5.890377841399553,-5.940667421067805,0.0769108083728112,0.07690764546454308,0.0769131705164909,-5.67057466506958,-5.6660723562895665,-0.005871311366243859
-5.6666560269531026,-5.726043254479978,-5.783248253051577,-5.838176241352683,-5.890629065482665,0.07691202468466295,0.0769064398342161,0.0549975559115409,-5.607742786407471,-5.605558800418927,-0.002848063601319062
-5.602650287274382,-5.66412924368584,-5.723910069824339,-5.7815573491007495,-5.8369243563538165,0.05500326575296556,0.07693379372792664,0.0549975559115409,-5.529202938079834,-5.540086047943021,0.014192302163602122
-5.537836336608745,-5.600695840905013,-5.662479242651156,-5.722602169328692,-5.780589026204757,0.0550019724275859,0.05502010393142059,0.0549975559115409,-5.466371059417725,-5.474789056653626,0.01097763064842816
-5.4734666137304835,-5.536687458648068,-5.599725924383613,-5.66171042234595,-5.722032962185707,0.055000152062566886,0.055011870377423826,0.0549975559115409,-5.403539180755615,-5.408487513771526,0.006452956760590212
-5.408061909492324,-5.473096868187755,-5.536375308600037,-5.599478493506932,-5.661527233346585,0.05499839143568094,0.05500333753827447,0.0549975559115409,-5.340707302093506,-5.342299833362439,0.0020767671426487055
-5.339525016179441,-5.405651275165001,-5.471061739878958,-5.53476213062752,-5.598284154051218,0.05500300328802158,0.05501915981880439,0.0549975559115409,-5.262167930603027,-5.272550775291026,0.013539922961570916
-5.271465018976707,-5.3385817607251935,-5.404854951203457,-5.47043052057539,-5.534294798360217,0.05499968741175165,0.05501112973442412,0.0549975559115409,-5.199336051940918,-5.203398748124889,0.005298027178505471
-5.2038311299718325,-5.271840652560476,-5.338898881630425,-5.405106322311967,-5.470616626781919,0.054996707082033094,0.054996451208693675,0.0549975559115409,-5.136504173278809,-5.134886281624459,-0.002109838779095874
-5.133358059341516,-5.20250348030986,-5.2707198117176235,-5.338010428676098,-5.404448543420874,0.05500055603788161,0.055008145207061446,0.0443905070424079,-5.057964324951172,-5.063682645678663,0.007457072165325762
-5.063983424884165,-5.133619362566164,-5.202724080167597,-5.270894673828137,-5.338139890348308,0.044389916568347135,0.05499830482731044,0.0443905070424079,-4.995132446289063,-4.994006986999263,-0.001467674085299464
-4.992467239577748,-5.062645762708633,-5.132490068865259,-5.201828926916115,-5.270231934275918,0.0443935297943,0.044401440954371305,0.0443905070424079,-4.916592597961426,-4.92235404359262,0.007513309920140543
-4.9227973753094005,-4.992852385907897,-5.062970914553784,-5.132747805830567,-5.2020197461760525,0.04438963671668629,0.04439021163589976,0.0443905070424079,-4.853760719299316,-4.852101855288812,-0.002163269468135276
-4.850869349726784,-4.921726630816881,-4.9919484319553975,-5.06225438056522,-5.132217309612244,0.04439292663309374,0.04439886152179087,0.0443905070424079,-4.77522087097168,-4.779832675275779,0.006014100843049874
-4.7806167926448735,-4.851550555053812,-4.9223017243635985,-4.9924042893269895,-5.062591881110322,0.04438896770405413,0.0443870578320661,0.0443905070424079,-4.71238899230957,-4.709454972399953,-0.0038261579304821325
-4.708606009972224,-4.779879252895073,-4.85092790233263,-4.9218081684290675,-4.992038878109967,0.044392173681201304,0.04439532184409064,0.0443905070424079,-4.633849143981934,-4.637025801920722,0.004142574126738907
-4.6351627118957515,-4.706987442523309,-4.778512810711102,-4.849844769430213,-4.921006255445393,0.04439416456364771,0.04440611815569467,0.0798254385590553,-4.555309295654297,-4.562280628572213,0.009091083752522877
-4.563300012439262,-4.6360483060018005,-4.707735087080967,-4.77910544348343,-4.8502835336055234,0.07982343735777395,0.04438653488813955,0.0798254385590553,-4.492477416992188,-4.488663074038761,-0.004974157977930993
-4.489305831394067,-4.563858410648101,-4.636519722172022,-4.708108762872514,-4.779382099716711,0.07982417673131345,0.07981862657921447,0.0798254385590553,-4.413937568664551,-4.411532491374013,-0.0031363814261933243
-4.411992142476493,-4.489705155260526,-4.564195531585855,-4.636786946635712,-4.708306606337993,0.07982453619596619,0.07982073642891879,0.0798254385590553,-4.335397720336914,-4.333677792250493,-0.0022429011017077727
-4.334427605354431,-4.4126435458260564,-4.490255089102468,-4.5646314457030766,-4.6371096819063204,0.07982396656504707,0.07981892414847384,0.0798254385590553,-4.256857872009277,-4.254052212216295,-0.0036587677649908557
-4.252174587503737,-4.332796410833346,-4.411266443496852,-4.4891635062603585,-4.563823276685323,0.0798291246140363,0.0798380198257921,0.0798254385590553,-4.162610054016113,-4.169635773004838,0.009162006821400226
-4.169338247748449,-4.251916111161335,-4.332578197512638,-4.411093473114221,-4.489035445156025,0.07982602264513275,0.07983135147011584,0.0798254385590553,-4.084070682525635,-4.085183966149067,0.001451796203122413
-4.083198993765844,-4.16761379447812,-4.250460277056648,-4.331424206631981,-4.410239099409779,0.07982933535338879,0.07984087935972889,0.0798254385590553,-3.989822626113892,-3.9972500199224834,0.0096858176150727
-3.9976072594474084,-4.083509347135117,-4.167875803908742,-4.250667963147124,-4.331577970008672,0.07982473724503794,0.07982666156018686,0.0798254385590553,-3.911282777786255,-3.9099460545864573,-0.001743176334625396
-3.9091735570243773,-3.996936148877554,-4.082942775878928,-4.167426701871099,-4.250335464010428,0.07982695508600952,0.07983051907651481,0.0798254385590553,-3.817034959793091,-3.81992550056748,0.0037694582340956906
-3.818284244627955,-3.907747708888513,-3.9957324059985724,-4.081988609260267,-4.166720270925842,0.07982866058717972,0.07983923922219138,0.0045880153775215,-3.722787380218506,-3.7289286516571294,0.008008628142261998
-3.726224775008772,-3.815935240194324,-3.905764610346279,-3.994160470277452,-4.080824804097064,0.0045933234872417225,0.07984889800912438,0.0045880153775215,-3.628539562225342,-3.638656960757909,0.013193763445271234
-3.634218006590993,-3.7223684145401443,-3.812679587410458,-3.90318396354657,-3.992249851395553,0.004596729701000475,0.004626547261900041,0.0045880153775215,-3.5342917442321777,-3.5509014769290355,0.021660200829899168
-3.548591985420008,-3.6322116259384454,-3.7206745690580894,-3.8113369328914843,-3.902189910010802,0.004592549250890054,0.004614015309859226,0.0045880153775215,-3.455751895904541,-3.464393579325494,0.011269332374125529
-3.459989235224821,-3.5447656925948516,-3.6289813571424014,-3.7181140432944013,-3.8094412109072735,0.004596661756322172,0.004625513983215755,0.0045880153775215,-3.361504077911377,-3.3779843062413706,0.021491318485685085
-3.3716246655573943,-3.4544642701077786,-3.5401013547534097,-3.6252840929307717,-3.7153767206918253,0.004600500292671844,0.004644261091896993,0.0045880153775215,-3.267256259918213,-3.2910528407876845,0.03103233086919177
-3.2862378379962616,-3.3674416112335703,-3.4509328127750916,-3.5373020869355787,-3.6232116148416185,0.004597467940061873,0.004636538639026869,0.0045880153775215,-3.1887166500091557,-3.206733486023417,0.023495157538695466
-3.1996784890076646,-3.280108779084006,-3.362267279665634,-3.446831293636563,-3.5342654683981536,0.0046018653799830425,0.004650271736238324,0.0045880153775215,-3.094468832015991,-3.1208673056659606,0.034425372839947066
-3.111957142468865,-3.191937746519627,-3.273573816900002,-3.357087234259703,-3.4429961727037868,0.004605507345546006,0.004668554343891583,0.0340500995516777,-3.000221014022827,-3.0335611710562445,0.043477791619177975
-3.0266347075980957,-3.1059397476359836,-3.1868576850475048,-3.2695470225055487,-3.3541059392586066,0.034063697223757634,0.004657349120085543,0.0340500995516777,-2.9216811656951904,-2.9475986909158496,0.033798183964734996
-2.9392995417360623,-3.0194247861578822,-3.099852920172824,-3.182032861008827,-3.2659748948082683,0.03406639200882716,0.03412581299513911,0.0340500995516777,-2.8274333477020264,-2.8584872050531516,0.040496304127501936
-2.852259485328951,-2.933889183518558,-3.014857202827479,-3.0962323500179156,-3.17935231995145,0.03406232548647503,0.03411300396943133,0.0340500995516777,-2.7488934993743896,-2.7721964567918973,0.030388612917853663
-2.7644712102884146,-2.845548144299915,-2.9282232722837533,-3.010366024969694,-3.092907242057377,0.03406526535300268,0.034120145828690905,0.0340500995516777,-2.6546456813812256,-2.683552102717247,0.03769590413278667
-2.6780753182899057,-2.7597132303303864,-2.841531317859039,-2.9250392686482907,-3.0080087021982727,0.034060851289436145,0.03410625686695484,0.0415730997920036,-2.576106071472168,-2.5965991700615674,0.02672436933059874
-2.589722966387724,-2.672101586860175,-2.754670030785767,-2.8375337426785365,-2.9220796065114416,0.04158659879669434,0.03411231688983976,0.0415730997920036,-2.481858253479004,-2.5075877160273916,0.0335529376790582
-2.5030470694507576,-2.585778260202054,-2.668771350026926,-2.7520302637109157,-2.8355793532527556,0.041582013752721504,0.04162058369786532,0.0415730997920036,-2.403318405151367,-2.4203086517438854,0.022156416365031184
-2.414405458548432,-2.49791864504681,-2.581448693678544,-2.665339447814137,-2.7494894056712464,0.041584688633232794,0.041626196763655025,0.0415730997920036,-2.309070587158203,-2.3311592272629285,0.028805062035600848
-2.3275539770245492,-2.4112733819429972,-2.495274453975275,-2.579352732075884,-2.6637876725715004,0.04158017743137957,0.041611672471543064,0.0415730997920036,-2.2305307388305664,-2.244020908026514,0.017592081663593273
-2.239018809018713,-2.323208382060399,-2.4076047030272982,-2.4923664152096308,-2.5771997238550144,0.041582919652085215,0.041617616117161096,0.0415730997920036,-2.1362829208374023,-2.154999835749932,0.024408107181533634
-2.152238711528137,-2.236620070510156,-2.3211832965512302,-2.405999485645312,-2.491177969491324,0.041578520287176464,0.041603585548938185,0.0415730997920036,-2.0577430725097656,-2.068074680708976,0.01347310715801564
-2.063839550950002,-2.1485594243879946,-2.2335139082315276,-2.3187211458626047,-2.4041765970592803,0.041581413978027455,0.041610218518667474,0.0415730997920036,-1.9634953737258911,-1.9793424337738055,0.020665624755433543
-1.977182099777649,-2.061962751526412,-2.1469749751857283,-2.2322579684754844,-2.317791292845642,0.04157734084711641,0.041597583203294514,0.0219326466321945,-1.884955644607544,-1.8930392086324956,0.010541507403964978
-1.8922868771308858,-1.9765285085593087,-2.0614109706213823,-2.146537596963529,-2.23193414923375,0.021934123570189788,0.04158297174379566,0.0219326466321945,-1.8064157962799072,-1.809230879443932,0.00367105647023358
-1.8059789338393064,-1.8894617354411445,-1.9741434409594703,-2.0595204075063243,-2.145137891437977,0.021939030682326388,0.02195846306636536,0.0219326466321945,-1.7121679782867432,-1.7243361479065418,0.015868105917622444
-1.7223873910170817,-1.8042859429344915,-1.8880324627895966,-1.9730105044521105,-2.058681621709214,0.021936472330158045,0.021953616338614937,0.0219326466321945,-1.6336281299591064,-1.6409200121926129,0.009509101470104975
-1.6397553694272657,-1.721375602620204,-1.8034317614497015,-1.8873553817673148,-1.972509217803394,0.02193493299817465,0.021945189209706322,0.0219326466321945,-1.5550884008407593,-1.559446275306758,0.005682959373746188
-1.5554595153624604,-1.6362918546287388,-1.718451601690437,-1.8011140039544473,-1.8856393967535596,0.021940473231542284,0.02196477228216486,0.0219326466321945,-1.4608405828475952,-1.475758289701802,0.019453686117707925
-1.4727308079667618,-1.552829377622018,-1.63407141509092,-1.7166915337201616,-1.799810912381508,0.021938590026555824,0.021963132706536825,0.0219326466321945,-1.3823007345199585,-1.3936290025021811,0.014772818083719441
-1.3912188637034915,-1.4706369895497022,-1.5510617146107757,-1.6326702478916617,-1.7156541594820822,0.021937378091076765,0.021956628939626775,0.0219326466321945,-1.303761005401611,-1.3127792920752872,0.011760448169668036
-1.3105133361113825,-1.3892503047424687,-1.4689750742506018,-1.5497443700772109,-1.6316949329667059,0.021937095038849778,0.021954337854007307,-0.0163002461194992,-1.2252211570739746,-1.2336999386626224,0.01105689750430039
-1.2310316596284403,-1.308195257257724,-1.3872933144832518,-1.467423833690018,-1.5485958868730183,-0.016295007893159914,0.021957066027065403,-0.0163002461194992,-1.146681308746338,-1.1566655076931767,0.013020062288848555
-1.1529085748391532,-1.227767808100185,-1.3054398179256042,-1.385109170114581,-1.4658067710714349,-0.016292870704717324,-0.016266888771886083,-0.0163002461194992,-1.0681414604187012,-1.082199197470921,0.01833222805702528
-1.0774295139041525,-1.1487648917860958,-1.224269589150766,-1.3026668970597062,-1.3830561983692828,-0.0162908825252988,-0.01625717155440961,-0.0163002461194992,-0.9896016716957092,-1.0074489316838997,0.023274019074418284
-1.004624398413968,-1.074975688513102,-1.1466933003126107,-1.2226275080502114,-1.3014511587584854,-0.01629470114298767,-0.01626974203739412,-0.0163002461194992,-0.9267698526382446,-0.9373387255850756,0.013782516236240827
-0.9323029405950498,-1.0002495386083001,-1.071282303358572,-1.1437656777398457,-1.2204600006767772,-0.016290360128852863,-0.016257010331268255,-0.0163002461194992,-0.8482300043106079,-0.8670729658411783,0.02457248039033555
-0.8632022009653071,-0.9289401970096544,-0.9974106116966995,-1.0690319811849862,-1.1420996194339612,-0.016292647235624527,-0.016261389020984764,-0.0163002461194992,-0.7853981852531433,-0.7998818603493577,0.01888767971554306
-0.7933082477680924,-0.8574913468448926,-0.9241189262112853,-0.9935889519920771,-1.0662025605945096,-0.016287341145871503,-0.016243446407033235,-0.0163002461194992,-0.7068583369255066,-0.7314555604429913,0.03207642235852881
-0.7258268360997064,-0.788418269356505,-0.8533630834322159,-0.9208465902247586,-0.9911662310972685,-0.016289196101216305,-0.016245212423167208,0.0197374895215034,-0.644026517868042,-0.6650881470831056,0.027465771239622794
-0.6602215663644718,-0.7215989732304301,-0.7848489833335465,-0.8505338300800027,-0.9187519119150324,0.019747043339142425,-0.01625277171495941,0.0197374895215034,-0.5811946392059326,-0.5994044701356216,0.023746835798881705
-0.595393295041429,-0.656736840799771,-0.7186570655488166,-0.7825170317565172,-0.8488073362741674,0.01974536405140103,0.01977706536064419,0.0197374895215034,-0.5183627605438232,-0.5333718243028914,0.01957282162353524
-0.5265045139116286,-0.5894272896890782,-0.651700163836621,-0.7146646605999425,-0.77956119747483,0.019750971067365262,0.019796763089185317,0.0197374895215034,-0.4398229718208313,-0.46551915737628213,0.03350954225763986
-0.45980641717213444,-0.521541546360621,-0.5852374067009292,-0.6483789840787221,-0.7122057775182522,0.01974870447534575,0.019793728614771067,0.0197374895215034,-0.3769911229610443,-0.3983671237462465,0.027875732764512606
-0.3935937492175092,-0.4556595275800383,-0.5180406203567569,-0.5824623400437403,-0.6463244236660567,0.019746860361607978,0.019784431251009375,0.0197374895215034,-0.3141592741012573,-0.33202034497583877,0.0232920293927254
-0.3279330990692179,-0.3900429368082875,-0.45266182744305344,-0.5156644439710762,-0.5807031037663404,0.019745513389655467,0.01977745174234058,0.0197374895215034,-0.2513274252414703,-0.26662113169180185,0.019944014704727675
-0.26300936711723716,-0.32479536310628565,-0.38739396794091613,-0.4505620786418334,-0.514109864821652,0.019744579949484666,0.019772545985134504,0.0197374895215034,-0.1884955614805221,-0.2020101060988484,0.017623868842451568
-0.19876182802723058,-0.2601874116125244,-0.32241298537743884,-0.3855055369964017,-0.44916395169933254,0.01974386637172562,0.019768891995660613,0.0197374895215034,-0.1256637126207351,-0.13781815902091354,0.015850209922639635
-0.13478535930362762,-0.19612707026690626,-0.2579630717182135,-0.3206498257253513,-0.38420015645247724,0.019743443355850317,0.019766565649664083,0.0197374895215034,-0.0628318563103675,-0.07418002318324513,0.01479876756621469
-0.07091407485413419,-0.13194805268694013,-0.19373173267840876,-0.25606436792749815,-0.31924409313378427,0.019743901061054225,0.019767887656749118,-0.058613434433937,-0.0,-0.012220565184605844,0.015936433233722635
-0.011180458787126833,-0.07001047796090669,-0.13118520964753527,-0.19312705257920515,-0.255616684340896,-0.05861139255126389,0.01975168583631234,-0.058613434433937,0.0471238903701305,0.04323200760027113,0.005075275077577324
0.04722124034476641,-0.0077147957328236915,-0.0670846634105106,-0.1288660145560193,-0.19141000322043286,-0.058605602980116744,-0.0585815347593654,-0.058613434433937,0.1099557429552078,0.09502878334714206,0.0194657523267478
0.09824656409638442,0.05001670116988005,-0.005354785590745894,-0.06521396250204263,-0.12748101430007272,-0.058607117454468664,-0.05858151919405077,-0.058613434433937,0.1570796370506286,0.14503930590228165,0.015701396012293478
0.1453645014614386,0.09852907913297858,0.050255208662334204,-0.005165728698635429,-0.0650739915196284,-0.05861279602696323,-0.058604683497376284,-0.058613434433937,0.1884955614805221,0.18727874078161547,0.001586815464964364
0.18947728869169658,0.14727449938662796,0.10014155548546376,0.051533364600605466,-0.0042194276124318105,-0.05860911835925994,-0.05859634078602282,-0.058613434433937,0.235619455575943,0.22739290226303766,0.010727974985962507
0.22849045327404896,0.19043079083927714,0.14807947390766835,0.10077963179749098,0.0520057735524966,-0.058611279778992394,-0.0586009036343282,-0.058613434433937,0.2670353651046753,0.2629285353811492,0.005355580261843185
0.26387172726571745,0.22930985526857467,0.1911225540720675,0.14862781142747508,0.10118560134710723,-0.05861158280878481,-0.05860422036962385,-0.058613434433937,0.29845130443573,0.29492205756914064,0.004602373638624757
0.2963858318152818,0.2651433874193377,0.23038342812384727,0.1919735392775365,0.14925785053316332,-0.05861056082862336,-0.05860062705121766,-0.0207537040114402,0.3298672139644623,0.3243900456850166,0.007142593266079356
0.32331616693942167,0.29545289504979844,0.2643557747979487,0.2297591140075291,0.1915113193646805,-0.02075581219422705,-0.058618598376233094,-0.0207537040114402,0.3455751836299896,0.3495934361828332,-0.005240069715048479
0.34988029687447897,0.32356537839546934,0.29566328668130004,0.26452254518980706,0.22988258485974425,-0.020753140861480456,-0.020753665158096648,-0.0207537040114402,0.3769911229610443,0.37591774413569323,0.0013997576811133894
0.3746495373416866,0.3487785367835768,0.32263524016376655,0.29492599729257085,0.26397668241320055,-0.02075619368892405,-0.020762632875851377,-0.0207537040114402,0.3926990926265716,0.3974444842347534,-0.006188307610103028
0.39848880537559883,0.37555679581128826,0.3495444710333114,0.32324237056175026,0.2953754949930285,-0.020751653854602564,-0.020748377368018336,-0.0207537040114402,0.4241150021553039,0.42020734860744846,0.00509584122544221
0.42005827049590916,0.39835929312688884,0.37544745776665067,0.3494578024314326,0.32317820421894194,-0.020753996673819386,-0.02075276964390744,-0.0207537040114402,0.4398229718208313,0.44038079411196324,-0.0007274375255661991
0.4396681830058945,0.4194391865415331,0.39783664426770987,0.37503317154039956,0.3491510796801923,-0.020755102972425037,-0.02075933027942034,-0.0207537040114402,0.4555309414863586,0.4581973983911919,-0.0034772379012393273
0.45740454709164147,0.43897939003932723,0.4188576872866385,0.39737570930602917,0.37469191172862915,-0.020755260495791066,-0.02076103714338588,-0.0207537040114402,0.471238911151886,0.47420561178872456,-0.003868775781579903
0.47363016629097826,0.4569046263477199,0.4385573422626992,0.4185231441653705,0.3971280255066126,-0.02075483369605133,-0.020759567472350488,-0.0207537040114402,0.4869468510150909,0.48910005997823164,-0.0028079283045412406
0.4891377483046842,0.47366290818620743,0.4569322680174287,0.43857925288745203,0.41853936601075115,-0.02075363002368188,-0.020754551614187402,-0.0486606322228908,0.5026548504829407,0.5025138278445825,0.0001839029395683811
0.5035849062722383,0.4900682522819489,0.4744484669763218,0.45755495413056047,0.4390402674847925,-0.04865852953754218,-0.02074561343531811,-0.0486606322228908,0.5183627605438232,0.5143549862547073,0.005226405359285757
0.5169348206439139,0.5058261484612862,0.491960374771911,0.47594828903123404,0.4586653689063938,-0.04865556762646912,-0.04863922052168399,-0.0486606322228908,0.5340707302093506,0.5244174745109149,0.01258849018865038
0.5251925886934924,0.5176082044140466,0.5063946388199229,0.49241099801771654,0.47628191441621726,-0.048659110559123586,-0.048649766210647274,-0.0486606322228908,0.5340707302093506,0.5311703985325543,0.003782226224785301
0.5311226566808689,0.5251511127551033,0.5175731892085496,0.5063668834405854,0.4923904489244263,-0.0486607259472059,-0.04865946788755333,-0.0486606322228908,0.5340707302093506,0.5342493712507153,-0.00023295984968840777
0.5340943029988322,0.530987940472047,0.5250373813744789,0.5174830381565425,0.506300138815863,-0.048660936644801325,-0.04866188657028591,-0.0486606322228908,0.5340707302093506,0.5346509664804844,-0.000756666852557486
0.5348875967808813,0.5342998765870731,0.531161491733733,0.5251749496404422,0.5175848887958975,-0.048660167682617335,-0.04865916556281172,-0.0486606322228908,0.5340707302093506,0.533185304072973,0.0011546548210018548
0.5341455444946334,0.5357218097651171,0.5350041436924329,0.5317197406540706,0.5255882572376372,-0.0486587471289391,-0.04865298067185141,-0.0421364083886146,0.5340707302093506,0.5304776909192931,0.004685563219635092
0.5291744545667117,0.5330133523244978,0.5347659798782174,0.5342464893900705,0.5311588004214867,-0.04213896683430223,-0.048668501325372884,-0.0421364083886146,0.5183627605438232,0.5232392261803763,-0.006359236897763965
0.523779337363021,0.5296436784728602,0.5334094849289926,0.5350799809114715,0.534478964559915,-0.04213534807048938,-0.04213492432078489,-0.0421364083886146,0.5183627605438232,0.5163417659507333,0.0026355119351648693
0.5154846013924652,0.5230346719771402,0.5290150100803916,0.5329111605735386,0.5347110393256069,-0.04213809112940321,-0.04214176360015203,-0.0421364083886146,0.5026548504829407,0.5058621992535506,-0.004182597021328838
0.5043144637804347,0.5141399995628493,0.5218995196164122,0.5281152128657095,0.5322449827965388,-0.0421394468222333,-0.04214967530275934,-0.0421364083886146,0.4869468510150909,0.4927381864349286,-0.00755228820092535
0.4942721616973996,0.5056471113680432,0.5152650598013321,0.5227913171441797,0.5287754679597331,-0.042133396968324306,-0.04212796563848249,-0.0421364083886146,0.4869468510150909,0.48120700371882225,0.0074851442488088615
0.48219283729418816,0.4951286088436715,0.5063701492060974,0.5158381876520937,0.5232156405709775,-0.04213447305151736,-0.04212601840316527,-0.0421364083886146,0.471238911151886,0.4675501070879797,0.004810446881031327
0.46843648022337175,0.48296287775670416,0.49577869962119975,0.5068854543678956,0.5162197012215534,-0.04213466830706961,-0.04212783890748115,-0.0421364083886146,0.4555309414863586,0.45221429970657573,0.004325122405162474
0.4533236895457459,0.4694002674036853,0.483776535204489,0.4964236585981187,0.5073629589994827,-0.04213423049229954,-0.0421263649733025,-0.0421364083886146,0.4398229718208313,0.43567184342609355,0.005413348687889119
0.43402820341051135,0.451895770233583,0.46819477597683395,0.48282098257056016,0.49571620149657397,-0.04213963509703288,-0.0421465324723254,-0.0421364083886146,0.4084070324897766,0.41455722469319,-0.008020261415382368
0.4139193793964355,0.4334740725736046,0.4514279567040964,0.4678239558778009,0.4825464405902008,-0.0421376605732591,-0.04214440911082293,0.0631789937615394,0.3926990926265716,0.3950857899166675,-0.0031124126779858985
0.39771505670291807,0.41620356619240245,0.4354024501621773,0.4529565169600435,0.46895564739306844,0.06318415540106673,-0.042117981575923634,0.0631789937615394,0.3926990926265716,0.38286087018358467,0.012829699177798581
0.38320791016651967,0.39801654917634754,0.41645809499447384,0.4356042066092268,0.45310589024015335,0.06317967505234749,0.06318675285482653,0.0631789937615394,0.3769911229610443,0.3756925645315311,0.0016934069250817974
0.37757654950030006,0.38484463018746473,0.3993983162948387,0.4175533754586403,0.43641511321451953,0.06318269230264391,0.06319377591703507,0.0631789937615394,0.3769911229610443,0.3699416050882595,0.009193042155782427
0.3688348262246134,0.3766150306161701,0.38403288770194666,0.3987548752442999,0.4170769946456259,0.06317682099095542,0.06317440851097145,0.0631789937615394,0.3612831532955169,0.3654245119102791,-0.005400608242259963
0.36774953761232737,0.3708547022739647,0.37832026930861906,0.38538457323678527,0.3997556150222284,0.06318355813082611,0.06319422286695932,0.0631789937615394,0.3769911229610443,0.3682913135076902,0.011345132602715857
0.3694075840945348,0.3687193024716906,0.3716734062539909,0.3789692285024355,0.3858650394863423,0.0631811851657797,0.06319191296420364,0.0631789937615394,0.3769911229610443,0.37281424810096164,0.005446923798350434
0.3729833285867179,0.3695544734916244,0.36884331081542443,0.3717717035100681,0.37904200428621226,0.06317932569153721,0.06318245066475685,-0.0623527951538562,0.3769911229610443,0.37635845554275993,0.0008250405704102182
0.37955711862915303,0.3757621808602466,0.37190046220659667,0.3707028974087644,0.373148475123356,-0.062346515705187226,0.06320326638963729,-0.0623527951538562,0.3926990926265716,0.3807302961816197,0.015608109981137874
0.3845606887841489,0.3828847886289492,0.3785714976206372,0.374127313406147,0.3723515786422909,-0.0623452755267245,-0.062317846767438824,-0.0623527951538562,0.3926990926265716,0.37836648299383363,0.018690680261242598
0.37906861055214586,0.3851706651114536,0.38339974856182824,0.3789796890928201,0.37442952381877337,-0.062351416773625955,-0.06234002038623384,-0.0623527951538562,0.3769911229610443,0.3743638935227271,0.003426082664830743
0.3767144200772322,0.3811106405764275,0.38689460684028687,0.3847662593664957,0.3799914049719599,-0.062348180722624956,-0.06233382403406642,-0.0623527951538562,0.3769911229610443,0.36819589410777703,0.011469565873431953
0.36921231861726195,0.37759744322870686,0.3818561146587141,0.3874855191495641,0.38520374977230365,-0.06235079976223139,-0.06234057319670996,-0.0623527951538562,0.3612831532955169,0.35747988370221845,0.004959717576712319
0.36115765822690843,0.37240740100744424,0.3802948256344495,0.38399423924849474,0.38906851036461465,-0.062345575138581036,-0.062323273109002326,-0.0623527951538562,0.3612831532955169,0.3475216118428719,0.01794596921175523
0.3503752301992513,0.3636367514115395,0.3745003242944831,0.3819538157483523,0.3852224963803363,-0.06234719307901876,-0.062324216960580506,-0.0623527951538562,0.3455751836299896,0.3348974797529001,0.01392443903830698
0.33770417716851453,0.35281356061537594,0.3656952615720448,0.3761320362768551,0.38316187712416416,-0.06234728519176433,-0.06232618608526211,-0.0623527951538562,0.3298672139644623,0.31936507943426945,0.013695484883368636
0.3193088784052684,0.337655352283556,0.35277234121331785,0.3656625883341202,0.37610784617640486,-0.06235290548478735,-0.062347705833711256,-0.0623527951538562,0.29845130443573,0.2986615981296712,-0.00027423702278411843
0.29958861137859116,0.3201142251406938,0.33833524965375644,0.353311273061712,0.36606159425996593,-0.062350975289758345,-0.06234596716595609,0.060147576034069,0.2827433347702026,0.27927462531927777,0.004523428805198126
0.2802304241496599,0.30041896571135657,0.32081523465913875,0.3388909163941735,0.3537226689049572,0.06014945240852018,-0.0623438215225048,0.060147576034069,0.2670353651046753,0.2634589454148898,0.004663890150828187
0.26280917224336303,0.27966593092039294,0.29994240394585586,0.3204374801267458,0.33861124040658996,0.06014630043324238,0.060144589119416926,0.060147576034069,0.2513274252414703,0.2537587543984787,-0.003170615613480643
0.2553166405673527,0.26416259253344926,0.2808085280844822,0.30084810240653825,0.32110802697588525,0.06015063439500459,0.06015796058044636,0.060147576034069,0.2513274252414703,0.24549810782477288,0.007601819261714549
0.24780006213842443,0.2573164732490944,0.26585091002621086,0.28214680075169657,0.3018389117754909,0.0601520951108084,0.060167863591007675,0.060147576034069,0.2513274252414703,0.24271394458985776,0.011232554079192714
0.2447886837813251,0.24960250070837375,0.2588381448344509,0.2670570880702637,0.2830398119712712,0.06015164905392212,0.0601676236936187,0.060147576034069,0.2513274252414703,0.24356414089787348,0.010123841307436626
0.24487671306271566,0.24592898647839817,0.25056517774035175,0.259601226639132,0.2676220466320559,0.06015015280733672,0.06016147312513072,0.060147576034069,0.2513274252414703,0.24641602674903926,0.006404791675055227
0.2466001596208826,0.24503667928476947,0.2460640346618838,0.25067222590723426,0.2596804812852701,0.06014793751412669,0.0601515309673292,0.060147576034069,0.2513274252414703,0.25063843462182905,0.0008984897869048769
0.25247336943319393,0.24819426710723497,0.24638247164986218,0.2471307991452651,0.25146202029704284,0.060151178282460804,0.06016167125824594,0.060147576034069,0.2670353651046753,0.2601693837075076,0.008953698332854532
0.260164061375932,0.25246874563481325,0.2481903635608231,0.24637937743950744,0.2471285083022373,0.06014756558554503,0.06015113844696391,-0.0921636223793029,0.2670353651046753,0.2670552802697051,-2.597070536775048e-05
0.2666172945149652,0.25978355937323294,0.25214751466731644,0.24793573454376505,0.24619085919364544,-0.09216448221011043,0.06014428743950615,-0.0921636223793029,0.2670353651046753,0.26867422552938525,-0.0021371834561859093
0.26996568791954006,0.26773925800475096,0.2607307539077254,0.25289832401536905,0.24849160701622328,-0.09216108704764468,-0.09215481613701827,-0.0921636223793029,0.2670353651046753,0.262202955423947,0.006301784988793413
0.26457912949362317,0.272029999332614,0.2694820103364934,0.26211217524659935,0.25392107912242534,-0.09215895759820653,-0.09214330234681847,-0.0921636223793029,0.2670353651046753,0.2581441680671665,0.01159471479556623
0.25929682537148463,0.2655805054698332,0.27287539034602326,0.27015212344685613,0.26260830310176014,-0.09216135954255521,-0.09215033042498127,-0.0921636223793029,0.2513274252414703,0.2470143981193401,0.005624475441909027
0.24817560647200804,0.2603056301076191,0.2664321680605821,0.2735504747254571,0.270651931852395,-0.09216134275558273,-0.09215266836819527,-0.0921636223793029,0.235619455575943,0.23127443203708295,0.00566620090642142
0.23313880146734486,0.24979528540975535,0.26167301064311205,0.2675160447627881,0.2743529383919763,-0.0921599623464013,-0.09214738870525878,-0.0921636223793029,0.2199114859104156,0.21293536569821855,0.009097326704017528
0.21246093286239193,0.23272663590665116,0.24944732313651805,0.26139719261629435,0.26731183892955845,-0.09216455376112054,-0.0921635132840851,-0.0195221304893493,0.1884955614805221,0.19027080003658192,-0.0023150296484008015
0.1914551019895046,0.21348980026278283,0.2335952359878836,0.250135833296744,0.2619069409912581,-0.019519805529476665,-0.09215568974051304,-0.0195221304893493,0.1727875918149948,0.16835615636179296,0.0057788878143266165
0.16701586304875674,0.1902907164260579,0.21250679176760512,0.23281603811403817,0.24955894297193373,-0.01952476168333043,-0.019529837082255527,-0.0195221304893493,0.1413716673851013,0.14638679320704268,-0.0065400590408670745
0.14694913160001782,0.16750439693919955,0.19070315108650315,0.21283371489400293,0.2330580803409309,-0.019521026535923164,-0.019520552808143302,-0.0195221304893493,0.1256637126207351,0.12355954798166074,0.002743971230202133
0.1222806209110178,0.14583805822281476,0.16656639615763422,0.1899596293181293,0.2122832378857125,-0.01952464121232154,-0.019530598787224192,-0.0195221304893493,0.094247780740261,0.09903328560996108,-0.00624061798235806
0.09960121104518632,0.12277400856837499,0.1462545905758631,0.1668965673875628,0.19020407632507055,-0.019521015567732992,-0.0195203905203853,-0.0195221304893493,0.0785398185253143,0.07641474822358821,0.0027712336106259783
0.07847758119132703,0.10139330603221257,0.12428694779719669,0.1474538467736868,0.16778445391897612,-0.019518080843174093,-0.019505576098186605,-0.0195221304893493,0.0628318563103675,0.05511312281954443,0.010065744019790046
0.05517635650662337,0.07853251572814975,0.10143968338183852,0.12432370956721232,0.14748106387752752,-0.019522006352270325,-0.019517607564628895,-0.0195221304893493,0.0314159281551837,0.03117931957570214,0.0003085533911462608
0.03278265397921935,0.05656926014545726,0.07970844589503069,0.10237180379617807,0.1250138182888094,-0.019518982906808043,-0.0195100060434315,0.0111123174428939,0.0157079640775918,0.009708587903677537,0.007823587239648185
0.012237776469872176,0.0349798973923348,0.05842423757636269,0.08117882430710277,0.10346041954861598,0.011117282614075304,-0.01950005295442919,0.0111123174428939,-0.0,-0.00946374854183785,0.012341360198931218
-0.009961042156934018,0.01180575050915133,0.03461516838601769,0.05813512912242134,0.0809647787154785,0.011111341181985807,0.011113560572714724,0.0111123174428939,-0.0314159281551837,-0.029555148857176458,-0.0024265804893165675
-0.029151314869990393,-0.009610209648754618,0.012101933617866623,0.03484994280527453,0.058308947731953484,0.011113110228731243,0.011114363715872197,0.0111123174428939,-0.0471238903701305,-0.04863496129558817,0.001970537413875942
-0.04783938556510511,-0.028460155042366896,-0.009026712220232474,0.012564452464783136,0.03519237526920277,0.011113879275705583,0.011119064790954524,0.0111123174428939,-0.0628318563103675,-0.06580875125600961,0.003882069841155397
-0.06495939034071205,-0.047101499627520305,-0.027837210059288506,-0.008532924619496014,0.012930035199205029,0.011113984863977331,0.011120236398260203,0.0111123174428939,-0.0785398185253143,-0.08171796752973413,0.004144518575913317
-0.08103806234099387,-0.06436871979227198,-0.046602838200244336,-0.0274419378660081,-0.008240279180354027,0.011113652197326346,0.011119073679029328,0.0111123174428939,-0.094247780740261,-0.09679185824580254,0.0033176469906278094
-0.09643774209264248,-0.08073042241433573,-0.06410900112961042,-0.04639696792472116,-0.0272895188539679,0.011113012625270589,0.011116302613355226,0.0111123174428939,-0.1099557429552078,-0.11128077908454313,0.0017279356141419039
-0.11105759343650042,-0.09624384860379061,-0.08056673183564386,-0.06397924909642766,-0.04630090414544236,0.011112755589326546,0.011114683079480908,-0.0686092674732208,-0.1256637126207351,-0.12649883139339405,0.0010890506585957416
-0.12576403958131196,-0.11041923989865499,-0.09570493179622447,-0.08013955055217063,-0.06366297930457165,-0.0686078249682299,0.011118255208531299,-0.0686092674732208,-0.1413716673851013,-0.14412112032549987,0.0035854702750671152
-0.14505151419969894,-0.12657232324944614,-0.11110161671371731,-0.09624582901742483,-0.08054001156997001,-0.06861109397398601,-0.06861478858967258,-0.0686092674732208,-0.1727875918149948,-0.1693062326992788,-0.00453992481297899
-0.16828753882247208,-0.14416651952563148,-0.12582518474987545,-0.1105093850766669,-0.09580736182837203,-0.06860726762649233,-0.06860346946277546,-0.0686092674732208,-0.1884955614805221,-0.19230732262006967,0.004970791120186474
-0.19231765504381365,-0.16829651515990948,-0.14417409761336594,-0.12583119164592924,-0.11051383236833938,-0.0686092877572966,-0.06860734496050057,-0.0686092674732208,-0.2199114859104156,-0.2198728239215675,-5.0417815759984386e-05
-0.22006288372606075,-0.19248277031402425,-0.1684359103210966,-0.1442845914837182,-0.1259129973680656,-0.06860964058872378,-0.06861071027798023,-0.0686092674732208,-0.2513274252414703,-0.2506162571531449,-0.0009274106873410348
-0.2504760674674777,-0.21994109333544448,-0.19237995128881027,-0.16835440912733213,-0.14422425090564248,-0.06860899226013605,-0.06860859132568774,-0.0686092674732208,-0.2827433347702026,-0.2832678982412886,0.0006840658028109403
-0.2824278341119197,-0.24974625815253698,-0.21932496687444394,-0.19189156850189984,-0.1679928279243675,-0.06860761830310298,-0.06860270472025994,-0.0686092674732208,-0.3141592741012573,-0.3173026362790038,0.004099154230458202
-0.31537413674074843,-0.28075244186783593,-0.24833184280731913,-0.2182038072556465,-0.19106150189319587,-0.0686054815434334,-0.06859318426488624,-0.0686092674732208,-0.3455751836299896,-0.3527912666603502,0.009410254246440486
-0.3528559906657897,-0.315430365998038,-0.280799912258511,-0.2483694709943247,-0.21823166582373593,-0.06860939453601511,-0.06860596597640813,-0.0686092674732208,-0.3926990926265716,-0.39245690755572044,-0.00031582550835590473
-0.39109385065664976,-0.35167182913935563,-0.31443066205400966,-0.2800074804621602,-0.24778278274512464,-0.06860659159095392,-0.0685991926070115,0.0965434238314628,-0.4241150021553039,-0.42921530504036354,0.006651135620298787
-0.427962461082546,-0.39000543709556923,-0.3507529584401676,-0.3137023040605045,-0.2794682301721437,0.0965458833494273,-0.06859721456119164,0.0965434238314628,-0.4555309414863586,-0.46021884824721554,0.006113343529677628
-0.45823613931486035,-0.42623997419486515,-0.3885512630688745,-0.3496002834476723,-0.31284890459274206,0.09654731618230751,0.09656072312301013,0.0965434238314628,-0.471238911151886,-0.4786578355524882,0.00967477294136665
-0.47608259733580943,-0.45599889007040634,-0.42435122266601744,-0.3870541130618093,-0.3484918469607975,0.0965484794049181,0.09656659079767527,0.0965434238314628,-0.4869468510150909,-0.49658290869925475,0.012566062829354241
-0.49504552455310014,-0.47474698826588196,-0.4548713296615597,-0.42345744333703333,-0.3863923907128228,0.09654644194389589,0.09655998610278306,0.0965434238314628,-0.5026548504829407,-0.5084074531816418,0.007501778145536875
-0.5056719859195857,-0.49266907563834444,-0.47274072028653186,-0.45328102830450867,-0.42228004091178317,0.09654879395822946,0.09656691580879341,0.0965434238314628,-0.5026548504829407,-0.5128904551581107,0.013347912150422303
-0.5102089428043913,-0.5033424105628291,-0.4907023796935152,-0.47118178635439495,-0.45212684920231233,0.09654868803676533,0.09656886399248381,0.0965434238314628,-0.5026548504829407,-0.5126885660257928,0.013084635237350484
-0.5107269358569249,-0.5085047681828847,-0.5019036962891409,-0.4895619591288625,-0.4703374596280963,0.09654727480157757,0.09656337004433801,0.0378163829445838,-0.5026548504829407,-0.5099949021099257,0.009571917576519096
-0.5059530098172528,-0.5072155245943158,-0.5055403316512347,-0.4995538868480802,-0.4878222439971903,0.03782431777688463,0.09657752672887292,0.0378163829445838,-0.4869468510150909,-0.5020708527610742,0.019722708435382763
-0.499605750189201,-0.503811441386532,-0.505407549618938,-0.5041072105096667,-0.4984928550503784,0.03782122230548107,0.037842768071543666,0.0378163829445838,-0.4869468510150909,-0.49617080180383993,0.012028647912390444
-0.4925192672645867,-0.4964334638988951,-0.5011333041179148,-0.503284680004067,-0.5025355135341489,0.03782355144688709,0.037848552563043404,0.0378163829445838,-0.471238911151886,-0.4849022675078426,0.017817929287718526
-0.4806744946608071,-0.48884637147324056,-0.4933326973846588,-0.49867543047080326,-0.5014649579870816,0.03782468268790156,0.03785519461487096,0.0378163829445838,-0.4555309414863586,-0.47135047335169256,0.020629726166693063
-0.46707187610402523,-0.47695744495345543,-0.4857083289261408,-0.4908452762761621,-0.49683383256687313,0.0378247824637161,0.037856706255945956,0.0378163829445838,-0.4398229718208313,-0.45583267904667313,0.020877727538941626
-0.452131080087336,-0.46385609613407397,-0.4742425890429037,-0.48355635367498473,-0.4892520305252511,0.03782364973074742,0.03785248743319226,0.0767114236950874,-0.4241150021553039,-0.43796569016730985,0.01806222227941734
-0.4355494984477502,-0.4500320031693131,-0.46208399374185605,-0.4728379028951985,-0.4825163741329373,0.07671616703674847,0.037841733947480326,0.0767114236950874,-0.4084070324897766,-0.41744796805639106,0.01178998383881913
-0.4137615862277262,-0.432346938425328,-0.44732830792678646,-0.4599408651780262,-0.4712512069161702,0.07671866060777315,0.07674375811216279,0.0767114236950874,-0.3769911229610443,-0.39078487132840123,0.01798796917969564
-0.3898270510660774,-0.4129294757672926,-0.4316444463323213,-0.446771465999225,-0.4595285992681186,0.07671330403790842,0.07672582950462632,0.0767114236950874,-0.3612831532955169,-0.3648671368039307,0.004673753875520159
-0.3635269595859113,-0.3886627663606744,-0.411946552419438,-0.4308653159519039,-0.44619462564414253,0.07671405466115686,0.07672333472176308,0.0767114236950874,-0.3298672139644623,-0.33488190538065754,0.006539492546759396
-0.3339214849102416,-0.36269259018354694,-0.3879583672025359,-0.41138819882529043,-0.43045193085795197,0.07671330914250143,0.07672124301951481,0.0767114236950874,-0.29845130443573,-0.30204501743441153,0.0046864417806789516
-0.30157652767081083,-0.3335144824190306,-0.3623489867252263,-0.38768600426215155,-0.4111865510148707,0.0767123434097754,0.07671681559869592,-0.0115474686026573,-0.2670353651046753,-0.268788365800789,0.0022860299937254025
-0.26839150702354075,-0.30123175490617754,-0.3332234151238151,-0.36211826743979747,-0.3875151879291267,-0.011546689510188586,0.07671531373703959,-0.0115474686026573,-0.235619455575943,-0.23710442657600955,0.0019365013679060739
-0.23586250617154678,-0.267312583346282,-0.30032089584566646,-0.33250140768765885,-0.36158371887602375,-0.011545030529243458,-0.011537394238800349,-0.0115474686026573,-0.2042035162448883,-0.20885054912092912,0.006060041253838966
-0.20733876318617533,-0.2345491356575498,-0.26620379737958444,-0.29944199838746677,-0.33185070334521305,-0.011544500743298762,-0.011533715423626413,-0.0115474686026573,-0.1727875918149948,-0.1784444108149018,0.007376869804747721
-0.17630108526028562,-0.205476739919113,-0.2329771609206571,-0.26495774571397385,-0.2985194661601175,-0.011543260937630506,-0.011528458819330114,-0.0115474686026573,-0.1413716673851013,-0.1493915890166076,0.010458513472125508
-0.14648653871431921,-0.17377731035208413,-0.2033460950085606,-0.23128827014060144,-0.2637073511949705,-0.011541765559304092,-0.011521517812339047,-0.0115474686026573,-0.1099557429552078,-0.12082589551311379,0.014175404972076658
-0.11721607166323529,-0.14335048876428075,-0.17112976486632242,-0.20124747447421654,-0.22973452631974572,-0.011540381984605596,-0.011514747489363554,-0.0115474686026573,-0.0785398185253143,-0.09204710131640297,0.017614398934703512
-0.08779675721381398,-0.11352356699683194,-0.1402331678617325,-0.1686587691106648,-0.1994180373159102,-0.01153912454862697,-0.01150856987991274,-0.0115474686026573,-0.0471238903701305,-0.06302787963404924,0.020739864255505586
-0.06128479183642182,-0.086282442214525,-0.11224513779313268,-0.13921979989770053,-0.16790850760001969,-0.011544046663536147,-0.011526078242217758,-0.0115474686026573,-0.0314159281551837,-0.03793823527912881,0.008505524125964344
-0.034505716457118196,-0.05830277638970278,-0.08376493718105579,-0.11024959596506359,-0.13774237187587354,-0.011540730060595838,-0.011518355649940451,-0.0658768862485885,-0.0,-0.012843840681088226,0.016749226110799983
-0.010657964580697548,-0.032606727220939484,-0.05669959389584825,-0.08249414817289791,-0.10930874909126045,-0.06587259505054782,-0.011524369663020291,-0.0658768862485885,0.0157079640775918,0.007528826296325055,0.01066614196573923
0.009875379167017355,-0.00861938671126913,-0.030885699902636485,-0.05533539324668787,-0.08148414265053092,-0.06587227961828623,-0.06585503205240273,-0.0658768862485885,0.0314159281551837,0.02263556808034274,0.011450175993252164
0.02538369647792283,0.012262827497555813,-0.0066038327020197215,-0.02928803782104496,-0.05415254120342214,-0.06587149126614045,-0.06585171098991566,-0.0658768862485885,0.0471238903701305,0.03684091010404769,0.013409693085271318
0.037427300538906486,0.025893125682897433,0.012692902596305164,-0.006262926591662277,-0.02903564309136822,-0.06587573507744725,-0.06586710237115821,-0.0658768862485885,0.0471238903701305,0.044929727508168725,0.0028613349239866026
0.04781447281276764,0.03993343539328882,0.028008878341858962,0.014369988787862038,-0.005021271769110775,-0.06587122306694854,-0.06585414392684223,-0.0658768862485885,0.0628318563103675,0.05203768123980432,0.014076325253911885
0.05081269981395045,0.04675026494581692,0.039034999852100155,0.027296718612908888,0.0138427311154004,-0.06587929106828234,-0.06588039155694028,-0.0658768862485885,0.0471238903701305,0.051707540769968176,-0.005977386271443168
0.051204520772684094,0.050375699034146695,0.04638133605110031,0.0387425622874468,0.027080208266407273,-0.06587787375123168,-0.06588305596929506,-0.0658768862485885,0.0471238903701305,0.049006096714663744,-0.0024545227891365137
0.04928913663619133,0.05145041291830648,0.050583288406286266,0.046545885185922196,0.038864388600147286,-0.06587633059936554,-0.06587575531201863,0.0436413362622261,0.0471238903701305,0.046064808148883245,0.001381113954466752
0.04324172470590054,0.04683657078852031,0.049379884788339955,0.048942050182484945,0.045330770920598125,0.04363579413193928,-0.06589746023590252,0.0436413362622261,0.0314159281551837,0.0419793761219013,-0.013775441699829034
0.03880166947557777,0.04048107842955239,0.04450595211114855,0.04753248150844844,0.047574298660098754,0.0436350979541481,0.043612010284308105,0.0436413362622261,0.0314159281551837,0.043306309537770774,-0.01550585150233453
0.04031548659067308,0.036203379214368676,0.03828752546918631,0.04276719622931296,0.04624516864594328,0.04363546483448674,0.04361271285533859,0.0436413362622261,0.0314159281551837,0.04260702583876888,-0.014593938852450555
0.03918514595360346,0.03734271376596257,0.0336936770738907,0.0362981687327603,0.04129434742881951,0.04363461860597099,0.04360985344902575,0.0436413362622261,0.0314159281551837,0.04421995993297339,-0.016697312641992194
0.040046814193785016,0.03555970769646373,0.03428201229611501,0.03126756164408492,0.03450195936758242,0.04363314375999951,0.04360338429977147,0.0436413362622261,0.0314159281551837,0.04703105564389522,-0.020363169207050447
0.045290094493363,0.03853434672827995,0.03428283823505407,0.03326988068749783,0.030518215486908768,0.043637918498027686,0.04362011337068275,0.0436413362622261,0.0471238903701305,0.053638239980106424,-0.008495146996252215
0.05035150365668304,0.04243472821746883,0.03612376264499801,0.03237204905913819,0.031855200507612334,0.04363488391276823,0.043613318607408275,0.0264159962534904,0.0471238903701305,0.05942224032471821,-0.0160378697691603
0.057934647432586195,0.04905915095221376,0.041343686102949063,0.03525893014346816,0.03173175790914848,0.026413075888652285,0.043623749882279725,0.0264159962534904,0.0628318563103675,0.06839814948910998,-0.0072588180875708536
0.06508270982920315,0.05505434501002995,0.046627515041448436,0.039416209849255035,0.03383189544614531,0.026409487555138257,0.02638826116518094,0.0264159962534904,0.0628318563103675,0.07523760875855408,-0.016177929794414292
0.07029242813872444,0.060786562958693134,0.05142741162746421,0.043752566560191074,0.03728770049516722,0.026406288132621674,0.026372474880445102,0.0264159962534904,0.0628318563103675,0.08133579330643409,-0.02413036975329852
0.07830954528161775,0.06766336218932952,0.058567028258359355,0.04966806089152415,0.042450006001981726,0.026410055281084692,0.026383637891448646,0.0264159962534904,0.0785398185253143,0.089863470195615,-0.014766798104640932
0.08498445785221924,0.07407088238501733,0.06408495846606532,0.0557305476108305,0.04756803175002325,0.02640641803073353,0.026373537849149878,0.0264159962534904,0.0785398185253143,0.09679616625975485,-0.02380749681921683
0.09365382720910079,0.08225453732628021,0.07176620328867529,0.06225811662230173,0.05437801904267014,0.02640982737723299,0.026382898895236016,0.0264159962534904,0.094247780740261,0.10600582322316336,-0.015333272737998296
0.10406377587794678,0.09196666524962076,0.08083018564160266,0.07063716746675366,0.06142221875361736,0.02641218372735444,0.02639529193916649,0.0264159962534904,0.1099557429552078,0.11722251933445028,-0.009476361759280308
0.11286119685372156,0.10027485826961215,0.08876794970947242,0.07829467108588223,0.06875996288918974,0.026407434332491878,0.026379540994435065,0.0264159962534904,0.1099557429552078,0.1262749924643821,-0.021281391351279433
0.12290039526497727,0.1099295010650338,0.09779983456953628,0.08680608140998482,0.07684217374404416,0.02640937142013978,0.026382176838789594,0.0952500775456428,0.1256637126207351,0.1382908214698029,-0.01646659332594594
0.13489178312846595,0.11994746612942198,0.10743655154982669,0.09582375707744685,0.08534306408854912,0.09524340473071612,0.02638393099438607,0.0952500775456428,0.1413716673851013,0.15409023039635095,-0.01658585566181503
0.14940784908083865,0.13082394428057656,0.11651327708584389,0.10471438504336576,0.0938083620503149,0.0952408853386722,0.09520835900241138,0.0952500775456428,0.1570796370506286,0.17460022841313044,-0.022848021367749438
0.17195846228209113,0.14711280342548402,0.12888639932394197,0.11497745016461602,0.10357731354820503,0.09524489136805321,0.09522111278880183,0.0952500775456428,0.1884955614805221,0.19838055412388045,-0.012890690642946762
0.1932010238651635,0.16745872315780708,0.1433139914819888,0.12587520847052522,0.11274807181567319,0.09523990936177643,0.09520612468119843,0.0952500775456428,0.2042035162448883,0.22358434557035398,-0.02527389592001264
0.22219387313193284,0.19199304497134928,0.16643891189262808,0.1425056212863605,0.1252767199987568,0.09524734784261786,0.095229502238561,0.0952500775456428,0.2513274252414703,0.25653031192515185,-0.006784911745453759
0.2541474839504304,0.22012378111031608,0.19024541248007612,0.1650536222149259,0.14148000219915485,0.09524539970194681,0.09522951334000648,0.0952500775456428,0.2827433347702026,0.2916594294705471,-0.011627183010862852
0.2911025052353144,0.2536636536327445,0.21971531734415436,0.18992163694843275,0.1648139103549672,0.09524898422100897,0.09524123134953826,0.0952500775456428,0.3298672139644623,0.3319511198422387,-0.0027175524523515016
0.32879591859990387,0.28836141062519416,0.2513495410463106,0.2178809978890999,0.18856357222347422,0.09524388341900102,0.09522536881721448,0.0952500775456428,0.3612831532955169,0.373089323683705,-0.015396034741038234
0.3705699053250227,0.3266071630964636,0.28651359893695927,0.24988484267818603,0.21679658743868838,0.0952451315548236,0.09522502659266954,0.0952500775456428,0.4084070324897766,0.41783422275030074,-0.012293685758306305
0.4188195622877985,0.37142592327377794,0.327329838593367,0.28708643957203994,0.2503089534607339,0.09525201191287064,0.09525250642230922,0.0007593482732772,0.471238911151886,0.46755195568488445,0.004808036187196607
0.4682349111165697,0.4194128827478777,0.37192682183429787,0.3277268840871588,0.2873803978996565,0.0007606890157876283,0.09525712355775606,0.0007593482732772,0.5183627605438232,0.5158072696021274,0.0033325308736964487
0.517198741740622,0.4694437585041098,0.4204334272209711,0.3727357732192555,0.3283258028507853,0.0007620799388612232,0.0007711036213533318,0.0007593482732772,0.5654866695404053,0.560280042166829,0.0067897898549238445
0.5617436629847139,0.5184702686027867,0.4705172188308203,0.42128432322882203,0.3733657462862075,0.0007622215773884859,0.0007730345480800004,0.0007593482732772,0.6126105785369873,0.6071339843572571,0.007141844601705194
0.6090519162569543,0.5634098745474817,0.5198769333471654,0.4716322348082103,0.4221098413044691,0.0007631134572273231,0.0007765765211093412,0.0007593482732772,0.6597344279289246,0.6525578870170649,0.009358688682827965
0.6550884310534661,0.6112503372406246,0.5652658461180394,0.5213480997804064,0.4727214339834261,0.0007643161054470713,0.000782053554751861,0.0007593482732772,0.7068583369255066,0.6973895164687615,0.012347974314732335
0.7004868591771963,0.6577792608141388,0.6135220147646816,0.5670665287219956,0.522681260980077,0.0007654288150606028,0.0007874984615415728,0.0007593482732772,0.7539822459220886,0.7423925712998339,0.015113709802128783
0.7459983364394487,0.7036193831052877,0.6604238295285999,0.6156182757122268,0.5686185255889125,0.0007664269234804395,0.0007924165071981413,0.0007593482732772,0.8011061549186707,0.7876140590590164,0.01759459416175102
0.7918261193528351,0.7496575818828056,0.7067086255947879,0.6628725684677037,0.6174312347170859,0.0007676171705293604,0.0007979524893653193,0.0007593482732772,0.8482300043106079,0.8324692658680267,0.02055305561650722
0.837527642475072,0.7962206057226712,0.7533675363593145,0.7096493821135161,0.6650497997464605,0.0007692786146086791,0.0008054770713550835,-0.0728067606687545,0.8953539133071899,0.8764264181892525,0.02468271783440823
0.8797108742550354,0.8403810277673623,0.7986295174014055,0.7552769998762213,0.7110630808227354,-0.07280031279577959,0.0007938614384229028,-0.0728067606687545,0.9267698526382446,0.9144800349794329,0.016026743085581385
0.9177948813547514,0.8825906612590613,0.8428122285466645,0.8005566487409786,0.7567037792114264,-0.07280025313510774,-0.07277550251280317,-0.0728067606687545,0.9581857323646544,0.9457821998759568,0.016175034818965428
0.9493891853936438,0.9209284654915265,0.8852361250328357,0.844909198977716,0.8021091708841882,-0.07279967962276862,-0.07277325630893444,-0.0728067606687545,0.9896016716957092,0.9761050094105397,0.017600549085622585
0.9808554844354392,0.9535161809435782,0.9244125963606324,0.8879978787498428,0.8469539029641212,-0.07279743478376241,-0.07276412424061948,-0.0728067606687545,1.0210176706314087,1.0032422853988352,0.023180289592452774
1.006443711322757,0.9836367369359192,0.9558641960006466,0.9262737891674088,0.8893758395462923,-0.07280047579622687,-0.07277347340694208,-0.0728067606687545,1.0367255210876465,1.0247463866236228,0.015621591448501837
1.026785857412892,1.0082155103170507,0.9851325416915043,0.9570498702760547,0.927151620127706,-0.07280275688599051,-0.07278521118312725,0.0792507752776146,1.0524334907531738,1.0448021741459237,0.009951746564883512
1.0451408321265956,1.02708006798591,1.0084638915248971,0.9853294251467404,0.9571956357667643,0.07925144011331267,-0.07280022216812387,0.0792507752776146,1.0681414604187012,1.066874265867214,0.0016525063332877288
1.0673841058429239,1.0455837577919038,1.0274539988430063,1.008760293977413,0.9855488709548541,0.07925177616888397,0.07925525605910257,0.0792507752776146,1.099557399749756,1.0976496743269912,0.0024878013716147507
1.0986993011439652,1.0682959736414153,1.0463535833724809,1.0280642137684726,1.009212075352045,0.07925283585027909,0.0792596322006273,0.0792507752776146,1.1309733390808103,1.1270458326894786,0.005121730659340962
1.1275107902124433,1.099103234985976,1.068636986455943,1.046623892796395,1.0282643412285122,0.07925168805799185,0.07925631586908258,0.0792507752776146,1.1623892784118652,1.1606494946967285,0.0022687941677457246
1.1599195433703087,1.126876641867275,1.0985678683255906,1.0682126192551036,1.0463097064509896,0.07924934227521287,0.07924622466786242,0.0792507752776146,1.19380521774292,1.1965365584951881,-0.003561850772000108
1.194418938681369,1.1580798520758009,1.1253235204375895,1.0973367610444515,1.0673011513172002,0.07924661807675845,0.07923349274830613,0.0792507752776146,1.2252211570739746,1.233144892651884,-0.010333080433799768
1.2327538123247315,1.1940791859700368,1.1577930228570406,1.1250961605332641,1.0971684318774226,0.07925000752909796,0.0792436909988536,0.0792507752776146,1.2723450660705566,1.2738084151957665,-0.0019083049989299106
1.2740405822517642,1.2329555084502604,1.194249463763805,1.157927996354745,1.1251960900987121,0.07925123105587926,0.07925174520551036,0.0792507752776146,1.3194688558578491,1.3186001303436552,0.0011328760942106442
1.31605806684203,1.2718321536832804,1.2310910881826416,1.1927716003316886,1.156833838960332,0.07924578483103095,0.07923220473982162,-0.0236539468169212,1.3508847951889038,1.3603967193207447,-0.012404184386027861
1.359512117048466,1.315289564824438,1.271183361706147,1.2305768125363676,1.1923908489788175,-0.023655683422000008,0.07923916394118814,-0.0236539468169212,1.3980087041854858,1.4013187197281305,-0.004316481349356138
1.4029392692771605,1.3609199764187903,1.3164781210591507,1.2721254903811046,1.2312743310172987,-0.02365076543850346,-0.023643554264767233,-0.0236539468169212,1.445132613182068,1.4390688211672704,0.00790758979860784
1.4390506581274607,1.4029234900584349,1.3609066551388453,1.316467561727201,1.2721176726282042,-0.023653982473654366,-0.023650901381502432,-0.0236539468169212,1.4765485525131226,1.4766165151964166,-8.862787836227959e-05
1.4760239516833071,1.438535866034283,1.402488887451936,1.360562160224902,1.3162125099753021,-0.023655110106727963,-0.023658417571627895,-0.0236539468169212,1.5079644918441772,1.510181753205426,-0.0028914569098457132
1.5128853558018602,1.4783727180331545,1.4405187635791934,1.4040606638492172,1.361725847430415,-0.02364863924520543,-0.023634874735950984,-0.0236539468169212,1.5550884008407593,1.5449720277590133,0.013192426188910478
1.5472584597951022,1.5148717034384032,1.4800496510546512,1.4418480121577575,1.4050447921046718,-0.023649458212708148,-0.023631526227165116,-0.0236539468169212,1.586504340171814,1.5779489409671972,0.011156811992948157
1.579980499349792,1.5490233848521657,1.5163617050142644,1.4812307253440729,1.442722437452435,-0.023649958567381633,-0.02363425282076885,0.0249927714467048,1.617920160293579,1.6103184504258696,0.009913137399036431
1.6121142843740917,1.5815406377936079,1.5503404995537466,1.5174057376753423,1.4820036899031126,0.02499629693431987,-0.023636517477391525,0.0249927714467048,1.6493360996246338,1.6426164263127938,0.00876290281741321
1.6436888030435264,1.613045916257722,1.5823271487954071,1.5509639404531534,1.5178673110895302,0.02499487668081435,0.025004323239956504,0.0249927714467048,1.6807520389556885,1.676739406660327,0.005232740523904544
1.6742778273126055,1.6415502954288965,1.611240525313196,1.580896075928453,1.5499044251249479,0.024987939002417563,0.024976452756061578,0.0249927714467048,1.6964600086212158,1.705670776166977,-0.012011456083002692
1.7036173852012149,1.6724939351052879,1.6400442812276523,1.6100467583525369,1.5800122534325267,0.02498874033657579,0.024972570202433018,0.0249927714467048,1.7278759479522705,1.7355593512452452,-0.010019671082029724
1.7337579249317832,1.7020523883661143,1.6711727188070746,1.6389969973684506,1.609271386722322,0.02498923498044974,0.024975257389996144,0.0249927714467048,1.7592918872833252,1.766032486175445,-0.008790191171754724
1.7644194373485378,1.7323565818459696,1.7008693333701939,1.670234950779651,1.6383027073554823,0.024989604793313823,0.0249771619630851,0.0249927714467048,1.79070782661438,1.7967435523358999,-0.007870989477576584
1.795288065652597,1.7631549770506736,1.731289087320414,1.700023166252885,1.669608478814656,0.024989914111102605,0.024978711064798972,0.0249927714467048,1.8221237659454343,1.8275699237214433,-0.007102153498351971
1.8261528463260177,1.7940569735882916,1.7621156529680426,1.7304652499686566,1.699413226450174,0.024989989514214817,0.024979307860556042,0.0249927714467048,1.8535397052764893,1.8588421427119106,-0.0069147325748926125
1.85744203471935,1.8249364965032235,1.7930300953389813,1.7613016810110493,1.7298626141524949,0.02499002282766214,0.024979510272777988,0.0249927714467048,1.884955644607544,1.8901945857249103,-0.006831929135117543
1.8885539125547532,1.8560166928668733,1.8237331810435493,1.7920762675212736,1.7605955009019392,0.02498955056264283,0.02497774305327305,0.0769915506243705,1.916371464729309,1.9225105555544222,-0.008005784476598388
1.920139012516783,1.8864936243706212,1.8542773370631815,1.8223544520185755,1.7910555057074389,0.07698689493467488,0.02497180052321637,0.0769915506243705,1.947787404060364,1.9566612726458659,-0.01157211733675112
1.9528345832158933,1.9168145596640263,1.8836870236202614,1.8520526387537148,1.8207073647081091,0.07698403826711417,0.0769582537136737,0.0769915506243705,1.9792033433914185,1.9935220964480382,-0.018672610360479736
1.9885139224397026,1.9484837105689763,1.9131414251735095,1.8807754530698548,1.849897015725327,0.07698171883816445,0.07694655411241334,0.0769915506243705,2.0106194019317627,2.029359048355188,-0.024437750590020624
2.0261403658996486,1.9857176782533765,1.9461230390903526,1.9112702000457362,1.8793900647006248,0.07698523187471935,0.07695762830319192,0.0769915506243705,2.0577430725097656,2.0697867776737033,-0.01570579595398014
2.0674530694684585,2.024112946888411,1.9840060715709371,1.9447663058633673,1.9102657231365092,0.07698696921004602,0.07696776501369447,0.0769915506243705,2.104866981506348,2.1135992792557765,-0.011387499510747467
2.111528627869435,2.0656541821967425,2.0225942734133384,1.9828022700283796,1.9438750541207697,0.07698748562948336,0.07697147122280198,0.0769915506243705,2.1519908905029297,2.159738879047583,-0.010103894563981086
2.15745801015925,2.109547113241362,2.0639813293429605,2.0212682590469138,1.9818205362682826,0.0769870729414392,0.07697041424935154,0.0769915506243705,2.199114799499512,2.207649382450185,-0.011129666207452704
2.2049580852697965,2.1551199341923635,2.107573240831765,2.0624167068678294,2.0201098683503,0.0769862672100062,0.076966929671719,0.0234107747673988,2.2462387084960938,2.256309037022398,-0.013132381013216676
2.2566705511859393,2.2052721522496994,2.1553850787621616,2.107783412041945,2.0625723101385467,0.02341148447316391,0.07698897299714742,0.0234107747673988,2.309070587158203,2.307717869063634,0.0017640347457339445
2.307644892831649,2.256607152771449,2.20521862944593,2.1553426530302335,2.107752001542643,0.023410631504263413,0.02341093827561473,0.0234107747673988,2.356194496154785,2.3564675595073044,-0.000356092850065437
2.3557100942324176,2.3069868416257586,2.2560516066139225,2.2047782666343254,2.1550166241049142,0.02340928775104737,0.02340496218336979,0.0234107747673988,2.403318405151367,2.4061526979306853,-0.003696107091620604
2.4050470262161867,2.354749537188858,2.3061759111543028,2.2554088092197038,2.204302362361502,0.023408604170312326,0.023401012245938,0.0234107747673988,2.450442314147949,2.454579530018562,-0.005395205827189553
2.4533300001734775,2.4039614918047554,2.3538330971523753,2.305449479865624,2.2548709853932474,0.023408321755527702,0.02339925194534201,0.0234107747673988,2.4975662231445312,2.5022417291180514,-0.0060971720747202696
2.5041317657057807,2.4549719775643464,2.4053476973493657,2.354931895808106,2.3062629912145156,0.023414485188726266,0.023422467914132966,0.0234107747673988,2.5603981018066406,2.553325939912419,0.00922257147217076
2.5541573489180065,2.5048540558448193,2.4555817561161835,2.4058310483615277,2.355289751664446,0.023412406946228675,0.023420707948505228,0.068383403122425,2.6075220108032227,2.604411034472921,0.00405692092228227
2.604054927724308,2.553847979653012,2.5045928772239368,2.455374728580731,2.405677772555496,0.06838270403221505,0.0234097416313988,0.068383403122425,2.6546456813812256,2.6559781659448407,-0.0017376488699367698
2.653962547190974,2.6023038502880578,2.5523696686453996,2.5034210696559813,2.4545071640362375,0.06837944616473383,0.06836761794194302,0.068383403122425,2.701769590377808,2.7093116571488545,-0.009835358817321893
2.709230910596083,2.653892398276978,2.602244628514317,2.5523227255310617,2.5033863146478033,0.0683832446050008,0.06837884180947967,0.068383403122425,2.764601469039917,2.7649036074732725,-0.0003940086974525414
2.765845958018739,2.710049581673656,2.654583544448207,2.602792476910114,2.5527283329507,0.06838525309590411,0.0683902977172868,0.068383403122425,2.8274333477020264,2.8239072489683195,0.004598268263074523
2.821987843411904,2.7641784662103777,2.7086418361083413,2.653467671740301,2.6019663245417384,0.0683796350454688,0.06837088712245938,0.068383403122425,2.8745572566986084,2.881739311757102,-0.009365879498338003
2.8805625602612035,2.8209655355034324,2.763315403844901,2.7079577155097154,2.652961173240244,0.0683810929852161,0.06837082753697503,0.068383403122425,2.9373891353607178,2.941792318421983,-0.005742044808215052
2.940905039090804,2.8797917325372113,2.8203147800966413,2.7627995718537712,2.7075758118946016,0.06838166126188368,0.06837445205867133,0.068383403122425,3.000221014022827,3.003541046617029,-0.0043295442536428475
3.002517863087812,2.940016144011951,2.879041301201351,2.8197199383386726,2.76235917222425,0.0683813944618449,0.06837400314744263,0.068383403122425,3.0630528926849365,3.066881453260486,-0.004992698706796528
3.0654713568119645,3.001292835751067,2.9389819399504713,2.878221522318685,2.819113003281779,0.06838063489456615,0.06837084046085941,0.068383403122425,3.125884771347046,3.131161087390426,-0.00688066853497693
3.1325481187209534,3.066676346228539,3.0023101232117475,2.939788309610897,2.8788185296655153,0.06838612607004625,0.06839101626248226,0.0332039520144462,3.2044246196746826,3.1992346089703743,0.006768120608340755
3.1995416030683383,3.1328148211600806,3.0669015042617342,3.002488598435111,2.9399204463030424,0.03320455468925995,0.06838842379657116,0.0332039520144462,3.267256259918213,3.2661075456682007,0.0014980001066584592
3.2658735949179563,3.199338357350783,3.1326432351552063,3.0667654937889504,3.0023879011302856,0.033203492734525955,0.03320280366261832,0.0332039520144462,3.3300881385803223,3.3309635383433482,-0.001141579760469913
3.330102383569086,3.2651254630148188,3.1987067624226215,3.132142591033035,3.066394834730516,0.0332022614402735,0.03319704733971218,0.0332039520144462,3.392920017242432,3.396142296651787,-0.004202067571493551
3.394926435712782,3.329046099164198,3.264233716693046,3.197999905013613,3.131619259009213,0.033201565099616824,0.03319316121343304,0.0332039520144462,3.455751895904541,3.460301419155744,-0.005932882190212929
3.4621249597266797,3.3965106444038984,3.3303835346755863,3.265293856978701,3.1987847950835997,0.03320753189425902,0.03321521356245985,0.0332039520144462,3.5342917442321777,3.5274683979424473,0.008898099305083118
3.5283607852772647,3.462900225050738,3.397165146163015,3.3309023362745895,3.2656779591856075,0.03320570390275406,0.033214211052142846,0.0332039520144462,3.597123622894287,3.593784477109939,0.004354469130197991
3.593942834654043,3.528498359072809,3.463016368890012,3.3972572094901037,3.3309704966796034,0.03320426289372379,0.03320688914485455,0.0332039520144462,3.659955501556397,3.6593629573716204,0.0007727171940148381
3.65901534883374,3.5936408482460664,3.5282434132766842,3.462814281905758,3.3971075914920323,0.03320326960748068,0.033201661184560416,0.0332039520144462,3.722787380218506,3.7240880660738305,-0.001696181230434135
3.7235863718066686,3.658579499787665,3.593272891678795,3.5279517464433945,3.4625983421812787,0.033202967114407324,0.03319951462902116,-0.0157704129815101,3.7856192588806152,3.78749650459205,-0.002448053792247329
3.787397452644057,3.723500320002073,3.6585068523265503,3.5932153064722394,3.527909112409564,-0.015770607435132186,0.03320222575068158,-0.0157704129815101,3.8484508991241455,3.8488215329080058,-0.00048333120943500063
3.849899204762288,3.788333684688979,3.7242907145951594,3.6591333716185535,3.5936791590185506,-0.015768297352289958,-0.015762541497639716,-0.0157704129815101,3.911282777786255,3.9072503321331835,0.0052585784657259715
3.9061076244767206,3.8489064725853206,3.787495591024792,3.723626385848845,3.6586415263003023,-0.015772656285627663,-0.01577685005642951,-0.0157704129815101,3.958406686782837,3.962682484191596,-0.005575925409034621
3.963654558053682,3.906952117813073,3.849619418665911,3.7880607194777887,3.724044786806743,-0.015768504656764867,-0.015765380706351383,-0.0157704129815101,4.021238803863525,4.017601486062143,0.004743305355843219
4.017449264349077,3.963522314787664,3.9068404741634035,3.8495309224882304,3.787995200063016,-0.015770711815243973,-0.015769643974654364,-0.0157704129815101,4.068362712860107,4.068932297917672,-0.0007427769586501043
4.071549805844748,4.019723235585709,3.965442068100976,3.9083621982455234,3.8506575527441287,-0.015765274426362285,-0.0157511208282084,-0.0157704129815101,4.131194114685059,4.121399891684361,0.012772320966250028
4.12324813960139,4.073155479148738,4.0210787921537845,3.9665165723406677,3.9091577228749563,-0.015766784597523086,-0.01575144103903747,-0.0157704129815101,4.178318023681641,4.171402227143759,0.009018660603583584
4.175853116759715,4.127114869042555,4.076419885723797,4.023666377790257,3.968432328489914,-0.015761675226979605,-0.015733471490861236,0.0864100381731987,4.24114990234375,4.224495509438499,0.02171844072458029
4.226980986982593,4.178012386034929,4.128937787590797,4.077864852134516,4.0247361794029155,0.08641491753317956,-0.015743072433903087,0.0864100381731987,4.288273811340332,4.278973621232685,0.012128069076388748
4.281757810234071,4.22939976311733,4.1800543878967025,4.130556413998287,4.079063225417229,0.08641550394794481,0.0864357560605691,0.0864100381731987,4.351105690002441,4.340687777730402,0.013585653433382916
4.34381927863238,4.284478315071869,4.231696493213168,4.181874928834297,4.131904277600167,0.08641618577256747,0.08643894196428772,0.0864100381731987,4.413937568664551,4.402220080498195,0.015280387200525603
4.4047742444469495,4.3460382195162,4.286351610144882,4.233181391405949,4.182974294514693,0.08641505237474953,0.08643530265557255,0.0864100381731987,4.47676944732666,4.467212245594557,0.012463229400937692
4.468637375067891,4.406012331788468,4.347083449217333,4.287180128682411,4.233794796991705,0.08641283591310839,0.08642571889183905,0.0864100381731987,4.5396013259887695,4.534268759190286,0.006954023276718679
4.537575350765736,4.471509990679131,4.408437478267329,4.349005781515947,4.288603354978791,0.08641652950145257,0.08643758441225005,0.0864100381731987,4.618141174316406,4.605768529738267,0.01613475492053862
4.6100109497021,4.541260971302613,4.474621499797319,4.410903867216394,4.3508318079589,0.0864183666709728,0.08644828229717523,0.0864100381731987,4.696681022644043,4.6808066840189095,0.020701197842110552
4.682410904187266,4.611404622852937,4.54243755111413,4.475554135163179,4.411594357189737,0.08641318749462733,0.08643037360940281,-0.0402158461511135,4.759512901306152,4.753510210766587,0.007827909393830268
4.757110220659791,4.685538428220357,4.614044970509172,4.544530466170352,4.477103654851453,-0.04020877879931008,0.08644013211107572,-0.0402158461511135,4.838052749633789,4.82458218882516,0.017566511016849695
4.828124374680254,4.760187509811799,4.6881363661143896,4.616104268768896,4.546055097181048,-0.04020889231644812,-0.04018226697237467,-0.0402158461511135,4.900884628295898,4.887630434176439,0.017284354402661073
4.890846410804736,4.830918268167559,4.76254619676126,4.690006018172437,4.617488492493386,-0.04020953271340138,-0.04018482203349695,-0.0402158461511135,4.963716506958008,4.95168292649136,0.01569259267246803
4.9555651813287405,4.894219136343466,4.833765622137373,4.764803198781333,4.691677021998502,-0.040208224710745206,-0.040180475607823535,-0.0402158461511135,5.026548385620117,5.012021717246166,0.018943745821308866
5.017147676993889,4.960018380841865,4.897978658180172,4.8367456690405355,4.767009519259893,-0.04020578313408243,-0.040169858977475145,-0.0402158461511135,5.089380264282227,5.070199885746428,0.025012494701828203
5.073672163219421,5.020164232939151,4.962565045978793,4.899997314244514,4.8382402100188,-0.0402090295569405,-0.040179794543081945,-0.0737224295735359,5.136504173278809,5.123511563193851,0.0169432313500133
5.126545647457357,5.076308036934783,5.022389514955485,4.964328952419418,4.901303247684046,-0.0737164732174348,-0.04018632066469368,-0.0737224295735359,5.183628082275391,5.172275108871838,0.014805035603248307
5.1762562292063095,5.1300042628206635,5.079227901617422,5.0247039937863285,4.966042510026939,-0.07371461404557622,-0.07368667614364072,-0.0737224295735359,5.230751991271973,5.21585538677841,0.019426167229964264
5.217893867152352,5.17802716777304,5.131499341178026,5.080413000101315,5.025581398451117,-0.07371842773510368,-0.07369935684533432,-0.0737224295735359,5.262167930603027,5.254540319943895,0.009946913761009313
5.256027184833038,5.219185587401103,5.179117675949865,5.132363750445048,5.081052977903564,-0.07371951063787532,-0.07370729915342278,-0.0737224295735359,5.293583393096924,5.288019823968619,0.007255265743856043
5.290004079414262,5.25775101526077,5.220640895683774,5.18027125002904,5.133217815564533,-0.07371853418665691,-0.0737046592892667,-0.0737224295735359,5.3249993324279785,5.317574621265144,0.009682319265825967
5.3175357566160155,5.289970315583664,5.257722510843204,5.220618301187723,5.180254521869733,-0.0737225058705896,-0.0737188250728198,-0.0737224295735359,5.340707302093506,5.340852726310364,-0.00018964289191814032
5.340086256372439,5.316869882570495,5.289408165155136,5.257276913047417,5.220288396466759,-0.07372393426737252,-0.07372824258774018,-0.0737224295735359,5.356415271759033,5.359283258296038,-0.0037400460021093096
5.3588627608302986,5.339720947395806,5.316561478001882,5.2891637031944025,5.2570959221275695,-0.0737232550722459,-0.07372708152064904,-0.0737224295735359,5.3721232414245605,5.373696663956763,-0.002051848073645779
5.3743551329549275,5.359434808596248,5.340203886923081,5.316944287972186,5.289447122047973,-0.07372113690151562,-0.0737183266984011,-0.0737224295735359,5.387831211090088,5.385367343783193,0.0032130475342135867
5.384063750833378,5.373222630989416,5.358478717170993,5.339446025308033,5.316383194252682,-0.07372498871927664,-0.07373089376693531,0.0043836459517478,5.387831211090088,5.392709011046505,-0.006360976939988383
5.3899408628874435,5.381658910249199,5.371192393928766,5.356869416326878,5.3382545563399555,0.0043782116675473515,-0.07374570718745614,0.0043836459517478,5.387831211090088,5.3981891015432,-0.01350738097254034
5.39701179111439,5.388918069403608,5.3807954379467375,5.3705079483868365,5.3563626772503845,0.00438133471727093,0.004369399975667042,0.0043836459517478,5.403539180755615,5.40794445523885,-0.0057447721621510794
5.405365113972649,5.3947709773280685,5.387026308583811,5.379295902575638,5.369397745861477,0.0043785823233995136,0.004362029392238776,0.0043836459517478,5.403539180755615,5.41319059128039,-0.012586083958953331
5.409441716419868,5.4021082628608035,5.392021447953112,5.384846848840022,5.377682308286295,0.004376286355998812,0.004350523512944446,0.0043836459517478,5.403539180755615,5.417566766309741,-0.018292908489634385
5.412953319908338,5.405433765074233,5.398724632605757,5.389339357703083,5.382861124844301,0.004374589074207957,0.004341756577615245,0.0043836459517478,5.403539180755615,5.420801830617985,-0.022511648423209074
5.418918061966916,5.411316787814322,5.4040521566091755,5.397629477900847,5.38852854420546,0.004379947835306923,0.0043604898285707775,0.0043836459517478,5.419247150421143,5.426295858873728,-0.009191986617779868
5.423097405409891,5.416139391803881,5.4089709528423775,5.402192691882779,5.396252796513499,0.004377366914598901,0.004356008706146804,0.0711447671055793,5.419247150421143,5.431215162497867,-0.01560708711257952
5.426350389756173,5.418871113228335,5.412571431801633,5.406142750582321,5.4000987917642105,0.07113521683726638,0.004340956060317381,0.0711447671055793,5.419247150421143,5.437450216240721,-0.0237380136434453
5.433545280072656,5.422957959714144,5.416007124138038,5.41030124367933,5.404461984236293,0.07113710113840468,0.07110598997111178,0.0711447671055793,5.43495512008667,5.449566657739669,-0.01905442102975563
5.443146198541737,5.4279674786108,5.418249015878402,5.412274502250366,5.40753774351403,0.07113216279469199,0.07108904660087763,0.0711447671055793,5.43495512008667,5.458979272411452,-0.031329099246810266
5.453247109751915,5.438166357649319,5.423763350652196,5.414916544610058,5.4098072593369215,0.07113351402258476,0.07108925987807153,0.0711447671055793,5.450663089752197,5.4721117657172265,-0.027970506053110356
5.469614684506266,5.45107775974135,5.436334928648183,5.422311638290823,5.4138417485360515,0.07113986496588438,0.07111482438075994,0.0711447671055793,5.482079029083252,5.491422637932721,-0.012184690015744515
5.487721613931641,5.4663994040337665,5.4483633255212185,5.434183287656884,5.420718640013993,0.07113750144814376,0.07111216429973799,0.0711447671055793,5.497786998748779,5.511635535374984,-0.0180594167286392
5.506575131795588,5.483325366620883,5.4626879629192056,5.445421390594353,5.432005183926757,0.07113483278500135,0.0710996263762507,0.0711447671055793,5.513494968414307,5.532430048082041,-0.024692608593929855
5.529048834231278,5.503637687762659,5.480845490084169,5.460722247938831,5.443966045307133,0.07113812928276357,0.07110952576834266,0.0711447671055793,5.544910907745361,5.5575627748609655,-0.016498879759157425
5.555757957272349,5.5274808912113444,5.502313984208668,5.479796234660711,5.459945416632733,0.0711412239817496,0.07112462095386249,-0.0924124270677566,5.576326847076416,5.583080135483159,-0.008806739146379527
5.580404873807628,5.553433812219074,5.525518779688223,5.500758684193904,5.478644745981375,-0.09241767900205347,0.07112120073129068,-0.0924124270677566,5.592034816741943,5.60204514342112,-0.013054134596931277
5.601026917721944,5.579520285864885,5.552687017094035,5.5249268202326505,5.500320418518313,-0.09241442599538315,-0.09242530000914402,-0.0924124270677566,5.607742786407471,5.611552795714262,-0.004968506613265866
5.611652617971388,5.601113638735902,5.579593498292201,5.552745050130356,5.524969785823672,-0.09241223110190376,-0.09241367886620543,-0.0924124270677566,5.623450756072998,5.623077239937053,0.0004870899890709879
5.622159618680355,5.610855430569482,5.60044062971473,5.579060026607116,5.552350086714751,-0.0924142284939848,-0.09241909912547594,-0.0924124270677566,5.623450756072998,5.6268843224531855,-0.004477599893688122
5.626301233614142,5.621653057750904,5.610427776953182,5.600101643032318,5.5788090529534555,-0.09241357175737702,-0.09241859267785912,-0.0924124270677566,5.623450756072998,5.625632564983578,-0.002845224546240921
5.622222766509421,5.623338956567055,5.619152216454197,5.60844544391051,5.598633994324262,-0.09241912100641525,-0.09243909271836824,0.0661914721131324,5.607742786407471,5.620501611814592,-0.016638360515226935
5.617449883504032,5.619571564452516,5.621100733914538,5.617378052405169,5.607131916103434,0.06618548111915765,-0.0924419619572104,0.0661914721131324,5.607742786407471,5.6191617805209075,-0.01489113101857864
5.6147958888523775,5.613656996394201,5.616369497742604,5.618562562998911,5.615498881153438,0.06618290122214252,0.06615280418771759,0.0661914721131324,5.607742786407471,5.6240791329591415,-0.021303687036634322
5.622486440728453,5.613412230646827,5.612488871493672,5.6154435643011915,5.6178770348914835,0.0661883454227502,0.06617098056565843,0.0661914721131324,5.623450756072998,5.629410311235167,-0.0077716579806201835
5.625792791474961,5.619343704923314,5.6107590407658,5.610385776836457,5.61388650799928,0.06618437038687061,0.06616126975203684,0.0661914721131324,5.623450756072998,5.636986835514965,-0.01765195169082645
5.634419753574578,5.6235626280305135,5.617460935434969,5.609266632521664,5.609280850981795,0.06618643255165364,0.06616515681792852,0.0661914721131324,5.639158725738525,5.6487642641688485,-0.012526263683908745
5.646597492073561,5.6325373610247595,5.621973456946793,5.6162012528018215,5.60833400841194,0.0661872184190789,0.06617021513982131,0.0661914721131324,5.654866695404053,5.662974349586643,-0.01057292257854936
5.660691010790226,5.644613831702248,5.630862696671506,5.620646006665476,5.615218455941534,0.06618698958140626,0.06617012855268511,0.0661914721131324,5.67057466506958,5.679118489952366,-0.011141718304211956
5.67668175607327,5.6585740877830135,5.642826663117327,5.629446068058015,5.619597185347549,0.06618668844417432,0.06616875161492651,-0.0655591636896133,5.686282634735107,5.695400435204144,-0.011890220805520713
5.6937480200604655,5.675246213330942,5.657362160432487,5.641866008942498,5.628734833957474,-0.06556240762490574,0.0661743207858676,-0.0655591636896133,5.701990604400635,5.708173631485097,-0.008063080293370994
5.705679522901708,5.691581252532851,5.673416964537771,5.655912176248865,5.640792492349683,-0.0655640599936007,-0.06558107501781676,-0.0655591636896133,5.701990604400635,5.7113230902361,-0.012170184862553057
5.707979191420903,5.702774496465948,5.6891287438838996,5.67147294316438,5.654472892134807,-0.06556572825749593,-0.0655890877223266,-0.0655591636896133,5.701990604400635,5.71450284566226,-0.016316798319712333
5.71156940138646,5.705430749126449,5.700623026623344,5.687423345878466,5.670210327284245,-0.06556492247453552,-0.06558768390018273,-0.0655591636896133,5.701990604400635,5.712967001874007,-0.014313955438129078
5.711228343377928,5.710058934361886,5.7041555684960334,5.699612233694429,5.686674990832014,-0.0655625769333605,-0.06557793562941601,-0.0655591636896133,5.701990604400635,5.7084963379101685,-0.008483911025790825
5.707727411717273,5.710560335450368,5.709494982447458,5.7037085427227785,5.699281271749861,-0.06556067320544166,-0.06556833203458502,0.0574905648827552,5.701990604400635,5.7048677817823705,-0.0037520314775099095
5.704180699978273,5.707130506453464,5.71005641049324,5.70909553803055,5.703412808318016,0.057489216039565506,-0.06556581573455389,0.0574905648827552,5.701990604400635,5.704561535452819,-0.00335266580904392
5.70260315710872,5.702479350393479,5.705694177158752,5.708917880421453,5.708252610957767,0.057486720296453346,0.0574745583705846,0.0574905648827552,5.701990604400635,5.709318488310142,-0.009556050060228749
5.706716232722169,5.700342436407092,5.700570783571037,5.704181320232862,5.707797815091883,0.05748545627020462,0.05746724346700047,0.0574905648827552,5.701990604400635,5.711727756013347,-0.012697896064420178
5.711097602489481,5.7061687841459445,5.699880264238358,5.700204435189518,5.703910088952718,0.05748932779819837,0.05748073982622034,0.0574905648827552,5.717698574066162,5.7200564901869,-0.0030748801107991497
5.717127385650706,5.708552930362418,5.704020497189397,5.69817738919998,5.698943687224237,0.057484814617383605,0.057467404636705396,0.0574905648827552,5.717698574066162,5.7286587330490955,-0.014292779361997354
5.726838742612084,5.71554626115366,5.7072180986182595,5.70296242082272,5.697394027182019,0.05748699197238029,0.05747119272585559,0.0574905648827552,5.7334065437316895,5.740216606087119,-0.008880776167497828
5.738862829433846,5.725662643338984,5.714553363600716,5.706431062019902,5.702379726985758,0.05748790721898322,0.057476859502259,0.0574905648827552,5.749114513397217,5.754180091345668,-0.0066058519836218466
5.752559086716324,5.737454574710548,5.724473753335677,5.713610970358586,5.705733347662869,0.05748738261094751,0.05747577465565855,0.0718340054154396,5.764822483062744,5.770887977902599,-0.007909810396213857
5.768547171106921,5.750525500774206,5.735737761723913,5.723112893245923,5.712603438067301,0.07182941006553234,0.05746986261984738,0.0718340054154396,5.780530452728272,5.78928931206973,-0.011422137600847648
5.7857597219933545,5.76548082459169,5.747936800975568,5.733685786192655,5.721593683722304,0.07182707630815056,0.07180299251290075,0.0718340054154396,5.796238422393799,5.809445485475235,-0.017222892381117738
5.80781799617908,5.784345833687954,5.764287178552893,5.746990637783574,5.732985280699154,0.07183081041327198,0.07181489520972037,0.0718340054154396,5.8276543617248535,5.833744120969859,-0.007941452801198068
5.8330162546487365,5.807185659191204,5.783811996228603,5.763864023498439,5.746677348868135,0.07183257650621162,0.07182536262856301,0.0718340054154396,5.859070301055908,5.861793840109993,-0.0035516768364809437
5.861221931612887,5.832519406689289,5.806766205549489,5.783479509391099,5.763617862098208,0.0718328826744838,0.0718282960026699,0.0718340054154396,5.890486240386963,5.892626214558083,-0.0027906692517731813
5.891646892608751,5.860371141469657,5.831801144659371,5.806196863321704,5.7830579887045825,0.07183208286162723,0.07182555284620915,0.0718340054154396,5.921902179718018,5.925566618500423,-0.00477867292655354
5.92441880126439,5.89064972146262,5.859529300297313,5.831133845388995,5.805702818733346,0.07183175208046172,0.07182349191435342,-0.0734873116016388,5.953318119049072,5.957613035544817,-0.005600857975463391
5.9540622171682935,5.921334012572369,5.888045452236619,5.857464983403027,5.8296054987602,-0.07349428238322035,0.07180517564259861,-0.0734873116016388,5.9690260887146,5.9823125841077545,-0.017326477421017117
5.982214880575696,5.953977336805823,5.921262354077106,5.887988650950134,5.857422929755668,-0.07348750340812099,-0.07349501365459879,-0.0734873116016388,6.000442028045654,6.000807616310371,-0.0004767515154719959
5.999947543913887,5.981467688992895,5.9533465357237105,5.92076233921008,5.887618457769774,-0.07348900005094385,-0.07349394070177534,-0.0734873116016388,6.016149997711182,6.019368227066195,-0.004196786030126631
6.019100165184469,5.999714664004574,5.981271084932867,5.953190694277462,5.920646959759542,-0.07348783784675463,-0.07349100638559342,-0.0734873116016388,6.031857967376709,6.032861004586437,-0.001308027516100374
6.030774284802437,6.017287318423379,5.998184205518528,5.980057941807263,5.952292526359836,-0.0734914081411668,-0.07350345609944922,-0.0734873116016388,6.031857967376709,6.039666080847172,-0.010182301483087741
6.037019456071609,6.028475018178816,6.015346210001348,5.996645553957763,5.978918779049697,-0.0734925073174661,-0.07351121705602422,-0.093460589647293,6.031857967376709,6.041761140155247,-0.012914398753504308
6.0396181768571315,6.035157747516435,6.026903309130945,6.014100368938516,5.995723177653202,-0.09346479660115671,-0.0735085465300915,-0.093460589647293,6.031857967376709,6.039876533512434,-0.010456745815088375
6.036188585474059,6.036414256183306,6.032452903572027,6.024759270029649,6.012512998830012,-0.09346782963468002,-0.09349239939901657,-0.093460589647293,6.016149997711182,6.029949606541085,-0.0179956116142872
6.025869342349018,6.032643838459296,6.033421676630488,6.030080786101722,6.023003038828479,-0.09346859980930691,-0.093498368760106,-0.093460589647293,6.000442028045654,6.015709610231544,-0.019909946919009158
6.012343833150175,6.022945309075698,6.030175283679772,6.031464936027419,6.028632085123493,-0.09346719716544756,-0.09349379128799686,-0.093460589647293,5.984734058380127,5.997328164004239,-0.01642355491626102
5.992274267898846,6.007953239235364,6.0192386407240575,6.0272371319620435,6.029289633250452,-0.09347051119273714,-0.09350502353153252,-0.093460589647293,5.953318119049072,5.972228848971425,-0.024660854899591023
5.96923226895177,5.989670976156164,6.005755463877425,6.017496537889244,6.025947341134883,-0.09346647237701715,-0.09349293938090376,0.0936483666300773,5.937610149383545,5.948822788951252,-0.014622030908166828
5.946396880783654,5.967124750827846,5.987891747449973,6.004345128939579,6.0164523761843745,0.09364360421359184,-0.09348462931742954,0.0936483666300773,5.921902179718018,5.930979472408089,-0.01183739595616462
5.9266746143404045,5.942657016876295,5.9639674478629585,5.985389059254098,6.002492227828475,0.09363991555707177,0.09361138409394232,0.0936483666300773,5.90619421005249,5.92230218033411,-0.021005869126835996
5.917035227016687,5.922098926058962,5.938794086423405,5.960905432417039,5.983122052188931,0.09363802682181824,0.09360049454401916,0.0936483666300773,5.890486240386963,5.910194190376902,-0.025700483115450368
5.906172780473283,5.913541609917405,5.919149511882677,5.936456184699742,5.959174533334779,0.0936404720077352,0.09360792819691187,0.0936483666300773,5.890486240386963,5.905533600880443,-0.019622763123111397
5.90147790790521,5.9026493798085164,5.910567051580278,5.916791679225799,5.934710529465134,0.09364040470499572,0.09361011678791863,0.0936483666300773,5.890486240386963,5.905661881694822,-0.019790049873163795
5.900904159345541,5.897344616211139,5.899159933549588,5.907801084531984,5.914743855839128,0.09363902651751571,0.09360479507955795,0.0936483666300773,5.890486240386963,5.908288743746066,-0.023215653440713524
5.905570839827492,5.898542968660754,5.895351229677722,5.897579842882813,5.906631241737769,0.09364303098275124,0.09361868410713295,0.0936483666300773,5.90619421005249,5.916364095995384,-0.013262210534061403
5.914459016659782,5.903915793984899,5.897145730345327,5.894243685714494,5.896759856820049,0.09364462667761118,0.09362877223526879,0.0405553057789802,5.921902179718018,5.929030628749207,-0.009295973658295154
5.927567062750805,5.913187537422278,5.902842373864326,5.896294866207533,5.893613736242997,0.04055243258248767,0.09363367247869404,0.0405553057789802,5.937610149383545,5.943086538439064,-0.0071415771060365785
5.942099228698525,5.9267093331797085,5.912463416923517,5.902268387824724,5.895869907408315,0.040553367543952425,0.04054504296882999,0.0405553057789802,5.953318119049072,5.957012446645779,-0.00481764993673206
5.955690874849537,5.940951107533079,5.925740055567072,5.9116951030598655,5.90169955563301,0.040552711338105146,0.040543476114146645,0.0405553057789802,5.9690260887146,5.97397116213727,-0.006448706033297391
5.972237634761245,5.954184865507514,5.939679690209213,5.9247322456850755,5.9109489565549955,0.04055190260838048,0.04053973658758072,0.0405553057789802,5.984734058380127,5.991220592202229,-0.008458873351000484
5.988992560053768,5.970302022277523,5.952550764592317,5.938384393205151,5.923773253964897,0.04055093182238296,0.040535226689853626,0.0405553057789802,6.000442028045654,6.008778905840373,-0.0108718454790111
6.009007257484485,5.98919094152386,5.970469501741807,5.952683519948067,5.93848268053738,0.0405557540670271,0.04055264094198221,0.0636757537722587,6.031857967376709,6.03100351841712,0.0011142585134509275
6.029341953523676,6.007563765857809,5.987972303491677,5.969503528234638,5.951968347603515,0.06367249187465437,0.040543317926548014,0.0636757537722587,6.047565937042236,6.0537832007716705,-0.00810772716514041
6.053324133361777,6.0289431367426545,6.007227073016477,5.987705418365667,5.969305936002678,0.06367485255504446,0.0636690559409624,0.0636757537722587,6.078981876373291,6.080699620391691,-0.0022400529311319417
6.080831247978704,6.053438485392469,6.029039676085927,6.007303596516924,5.987762073637081,0.0636760121766776,0.06367583773423877,0.0636757537722587,6.110397815704346,6.109905289998155,0.0006422864175306131
6.106737070690284,6.078078843868322,6.051114824993711,6.027197788400181,6.005939928543794,0.06366953408922911,0.06365229933793343,0.0636757537722587,6.126105785369873,6.137960666914035,-0.015459557341932495
6.135197661073655,6.104336697517512,6.076052378327607,6.04950851370699,6.02600853279381,0.06367032958319029,0.06364885410922289,0.0402504131197929,6.157521724700928,6.167860373563446,-0.013482288653226426
6.165278716726387,6.13295483562522,6.1024432383934695,6.074551496767676,6.048397314511416,0.04024534494563658,0.06365100692704781,0.0402504131197929,6.188937664031982,6.198597738987959,-0.012597382955954473
6.196192603113238,6.16318924462098,6.1311908418979435,6.101044979712579,6.073516275892898,0.04024569148239024,0.04022734347742591,0.0402504131197929,6.220353603363037,6.229353170034951,-0.011736036037027553
6.229966132590495,6.196725116962011,6.16363880845411,6.131547196074586,6.101308811639759,0.04025161645593665,0.04025027925893706,0.0402504131197929,6.267477512359619,6.265183921613259,0.0029909955262086285
6.264730640918858,6.229572343043374,6.1963926682592065,6.163375287514404,6.131352094566222,0.04024952326275692,0.04024822383346715,0.0402504131197929,6.298893451690674,6.300589542906651,-0.0022118162305480027
6.299150349434894,6.263480335418397,6.228516798413568,6.195555973423578,6.162755828489046,0.04024758777017447,0.04023875148233357,0.0402504131197929,6.3303093910217285,6.335694582660581,-0.007022649583466212
6.3333202064021865,6.297087599878081,6.261738901651588,6.227136422256905,6.1945339921321665,0.040245751868065935,0.040229816525237785,0.0402504131197929,6.361725330352783,6.370609800318169,-0.011585942244206393
6.367371500121287,6.33050691921894,6.2947125402008375,6.259856271481206,6.225742590000754,0.04024405585761435,0.040221514502242456,0.0402504131197929,6.393141269683838,6.405258380750963,-0.0158015221546437
6.401813305512668,6.364378576234073,6.327980204959582,6.292709698528192,6.258373438914718,0.040243649927629375,0.04021827086432671,-0.0817308276891708,6.424557209014893,6.437448033447171,-0.016810496060477575
6.434944210768655,6.399638098823253,6.3625422028526195,6.3265245733537165,6.291632000785297,-0.08173574306336348,0.040224909828649444,-0.0817308276891708,6.455972671508789,6.465341505663564,-0.012217585498700778
6.4655205618012594,6.435099766556147,6.39976942358833,6.362646299590575,6.3266016428671055,-0.081730476175493,-0.08173440290067058,-0.0817308276891708,6.487388610839844,6.486718616405786,0.0008737174921114033
6.485803998250578,6.464725983356652,6.434428960093361,6.3992376977974255,6.362252628772775,-0.08173262321986666,-0.08173732172206645,-0.0817308276891708,6.503096580505371,6.50651890984387,-0.004462946040785454
6.5059826031966175,6.485338079550867,6.464332641104518,6.434117170878863,6.3990068601793295,-0.0817318805384304,-0.081736637257977,-0.0817308276891708,6.518804550170898,6.520811308907178,-0.0026169474270485438
6.518363635571596,6.503856176489669,6.483542887663468,6.4629096526881735,6.433063640989651,-0.08173563283389973,-0.08175020038231269,-0.0817308276891708,6.518804550170898,6.527963284031285,-0.011943600681853184
6.524909178853198,6.515710368600834,6.501616210576219,6.48176734178995,6.461595101827512,-0.081736823349288,-0.08175849157458595,-0.0817308276891708,6.518804550170898,6.530232438076164,-0.014902729117152624
6.52754661744989,6.522575860666184,6.51374051284876,6.500054771970828,6.480611308316976,-0.08173610035224947,-0.08175692562921805,-0.0789995789527893,6.518804550170898,6.528854386460399,-0.013105657767712664
6.52422212228627,6.523522318083502,6.519178428931812,6.511047482628834,6.4980609484114416,-0.07900867277239985,-0.0817707709740428,-0.0789995789527893,6.503096580505371,6.520429642938623,-0.022603471118622487
6.515123685721274,6.519612549199502,6.519630781082628,6.516093738034484,6.5087636874679,-0.07900999533147197,-0.07904838571385119,-0.0789995789527893,6.487388610839844,6.507242506096966,-0.025890805491796343
6.502315859011494,6.5108436399382175,6.515999208827916,6.5167666073254,6.513973205901913,-0.07900925068958928,-0.07904686929016447,-0.0789995789527893,6.471680641174316,6.490115229166081,-0.024039934019747022
6.486348300246141,6.499043323358107,6.5080808692125744,6.513809253109422,6.515145242190601,-0.07900697399132683,-0.0790374446273692,-0.0789995789527893,6.455972671508789,6.470067811962044,-0.018381004590215078
6.464774683527921,6.481749872219816,6.495161195344632,6.505003636504074,6.511530979725586,-0.07900997014667333,-0.07904659091452994,-0.0789995789527893,6.424557209014893,6.444363101374893,-0.025828206507751972
6.4419241459861665,6.462655830574688,6.479961074317775,6.493743275226091,6.503953859001855,-0.07900436698289932,-0.0790282247402532,-0.0789995789527893,6.408849239349365,6.417975352290166,-0.011901060823904075
6.4152418777520195,6.439549428258853,6.460651024114628,6.478371931458061,6.492566730510965,-0.07900494516754424,-0.07902482593306522,-0.0789995789527893,6.377433300018311,6.387661448294916,-0.013338188508668303
6.385424202057849,6.413298260489306,6.4379085694741,6.459350370373961,6.477408973801085,-0.0790039709980051,-0.07902169004979363,-0.0816161185503006,6.346017360687256,6.354388715870803,-0.01091680629684788
6.350016220767152,6.381625578185438,6.410091350635914,6.435366559561026,6.4574683568653946,-0.08162470240481016,-0.07903669735348338,-0.0816161185503006,6.298893451690674,6.315254507056201,-0.02133590898024984
6.313226585875253,6.348254455544618,6.380138244234702,6.408912390883484,6.434493699794147,-0.08162009965947545,-0.0816398805737678,-0.0816161185503006,6.267477512359619,6.27506561250196,-0.009895389408141497
6.272261388736996,6.310790404453739,6.346197759628486,6.378507970343014,6.407705394218741,-0.08162162365625043,-0.08164108813895854,-0.0816161185503006,6.220353603363037,6.230846481957139,-0.013683414524485293
6.228115903101785,6.269889186646527,6.308787721768197,6.344610300213622,6.377332671990434,-0.08162147908040197,-0.08164206093340305,-0.0816161185503006,6.173229694366455,6.183447007541965,-0.013324058813140915
6.1814200706856655,6.226354993015509,6.26840257462694,6.307609334266382,6.343737864120696,-0.0816200977271006,-0.08163664988208816,-0.0816161185503006,6.126105785369873,6.133690202354277,-0.009890586324186046
6.132810524815248,6.180655847051203,6.2257098129750865,6.2678911620417885,6.307230702621888,-0.08161784548739975,-0.081626681757309,-0.0816161185503006,6.078981876373291,6.08227346448916,-0.004292450754038057
6.079616149657473,6.130501971159527,6.178706898243877,6.2241649466037865,6.2667473980600805,-0.08162133525228896,-0.08163773441299897,-0.0816161185503006,6.016149997711182,6.026093170671754,-0.012966561662561382
6.022668952319254,6.076641345279237,6.1279905539218875,6.176716182007438,6.222691091277954,-0.08162284079731291,-0.08164696414023113,-0.0816161185503006,5.953318119049072,5.966130900932381,-0.01670872336402418
5.965782164502924,6.022365986050633,6.076385572255973,6.127787811222419,6.1765660785412,-0.08161680317148408,-0.08162545094828806,-0.0467643700540065,5.90619421005249,5.907499116266236,-0.0017016848597002365
5.906447151405902,5.964868265519237,6.02159444568385,6.075773998076978,6.127335023504936,-0.046766435216595875,-0.08162467670253531,-0.0467643700540065,5.843362331390381,5.847298586300796,-0.00513313931255599
5.845621098092041,5.904989826330765,5.963637948883521,6.020619214939244,6.075051972003878,-0.04676766321143358,-0.04677899053664289,-0.0467643700540065,5.780530452728272,5.7868072985126275,-0.008185426144343921
5.785087811743801,5.844127286587733,5.9037287067797966,5.962638301700816,6.019879111805902,-0.04676774566081791,-0.046780532873698,-0.0467643700540065,5.717698574066162,5.7241325705734605,-0.008390361183435502
5.722486872170245,5.783658104198555,5.842920285481986,5.902771957474027,5.961929958626106,-0.04676760080334411,-0.04678006304704178,-0.0467643700540065,5.654866695404053,5.661024589707347,-0.008030305468064824
5.659581711219821,5.721233365296532,5.782599856875412,5.842081448311971,5.902150912340671,-0.04676720263785584,-0.04677840016461848,-0.0467643700540065,5.592034816741943,5.597433797017627,-0.00704063088686091
5.595862526147954,5.658216662913516,5.720080951419592,5.781686377035607,5.841405140407161,-0.046767454691089144,-0.04677896296412599,0.061419777572155,5.529202938079834,5.535082338532791,-0.007667130886130025
5.532529570286285,5.593644797786449,5.656344391487457,5.71859686463743,5.780587612094703,0.061414766110574094,-0.04678656112782799,0.061419777572155,5.466371059417725,5.475923038694175,-0.012456418969948757
5.474142493357687,5.530982713889477,5.592338896179097,5.6553092470702,5.717830480617219,0.0614162820983457,0.06140143944965264,0.061419777572155,5.419247150421143,5.4259096166196255,-0.008688300920632663
5.424678746683012,5.473073169821762,5.530079959550274,5.59162331308377,5.654779454859327,0.06141736119244373,0.061407069535235115,0.061419777572155,5.3721232414245605,5.376728925525584,-0.006006119689457634
5.37485274162507,5.423048803873568,5.471697124224293,5.528989214343979,5.590815764221708,0.061416094345701125,0.061403318715593486,0.061419777572155,5.3249993324279785,5.332019660168674,-0.00915497627387829
5.328752674486072,5.372014533803089,5.420652705461089,5.469797817353918,5.527583035253734,0.06141336399612586,0.06139164228063145,0.061419777572155,5.2778754234313965,5.290099870197916,-0.015941495075793455
5.288320454509116,5.327206799475538,5.370709460710857,5.419618217779987,5.469031919557741,0.06141628431601117,0.061400045790159966,0.061419777572155,5.2464599609375,5.253118200206522,-0.008682788722291335
5.251803984624473,5.2871787240862975,5.326242917115547,5.369945423483075,5.4190525518569945,0.06141719757261627,0.061406447944490176,0.061419777572155,5.215044021606445,5.2199615694573716,-0.006412810849258932
5.221455212426926,5.253101593359648,5.288274203496329,5.327111266912446,5.3705883187131525,0.0614227098141898,0.061428376885484665,0.0407791063189506,5.199336051940918,5.193747120508885,0.007288339881909245
5.193629277471708,5.2213528357830175,5.253015163989662,5.288205693832718,5.327060544800106,0.040778874975641546,0.061421827806769816,0.0407791063189506,5.167920112609863,5.168361059119802,-0.0005750237005521797
5.169854238760508,5.19492648368796,5.222447975374751,5.2538832444239905,5.288848389636352,0.04078203765140235,0.040790050820681115,0.0407791063189506,5.152212142944336,5.146624945201822,0.007286079034981796
5.148618827254614,5.171586432344483,5.19638885239279,5.223607146013836,5.254741453036897,0.04078302060428304,0.04079696105126778,0.0407791063189506,5.136504173278809,5.1290434411602455,0.009729292997997518
5.130898330556424,5.150230270372097,5.172946859958591,5.197467217747345,5.224405529275052,0.04078274774114335,0.04079690370039024,0.0407791063189506,5.120796203613281,5.113855555907934,0.009051068185816469
5.1150906047494145,5.131971284533874,5.151136089636676,5.173664872517496,5.197998808646433,0.040781530902470116,0.04079199158166488,0.0407791063189506,5.105088233947754,5.100466913169665,0.006026510960754017
5.100686764307135,5.115281601367906,5.132132529489516,5.151263903106469,5.173759501053557,0.04077953791924587,0.040783176399218905,0.0407791063189506,5.089380264282227,5.08855762262179,0.001072779670890256
5.090727737788704,5.102572061164767,5.116873224353593,5.133394155663139,5.152197966144268,0.04078336657594808,0.04079578035261577,0.0407791063189506,5.089380264282227,5.081260100953556,0.01058923534054479
5.0812169461073085,5.0906902468309605,5.102540410196985,5.116848135692689,5.1333755809131,0.04077902159960551,0.04078304357939681,0.0407791063189506,5.073672294616699,5.073833771945321,-0.00021057722187656225
5.074759634681876,5.082021293330183,5.091369300383306,5.103078673179259,5.117246646413907,0.040780923924422535,0.04078595130731755,0.0636417493224144,5.073672294616699,5.070207890166932,0.004517814796147768
5.071189358497749,5.075612289503226,5.082741129576143,5.091939890439364,5.103501117713339,0.06364367608989104,0.04078826981749356,0.0636417493224144,5.073672294616699,5.069999824477944,0.004789146351663831
5.070193602390484,5.0713577038902695,5.075754411628549,5.08285378501953,5.0920232965131085,0.06364212973711332,0.06364512643910797,0.0636417493224144,5.073672294616699,5.072947214066458,0.0009455534669156052
5.075296702415269,5.072234730469117,5.073080884170093,5.0771203188581175,5.083865054033186,0.06364636171549433,0.0636597147061236,0.0636417493224144,5.089380264282227,5.080588920199654,0.011464499872976042
5.083872623164859,5.0781494334482025,5.074643089802884,5.074989909861665,5.078533693417069,0.0636481957169415,0.06367093890265565,0.0636417493224144,5.105088233947754,5.092801234249844,0.016023068276347807
5.096112037736199,5.08674889789176,5.080577669059987,5.076567870753588,5.07641494905275,0.06364824891927225,0.06367297574053093,0.0636417493224144,5.120796203613281,5.108407798855685,0.01615530724720049
5.111403491377252,5.09871455846111,5.088946022333849,5.082319255935633,5.077857279582976,0.06364763030984856,0.06367067046487503,-0.0057786330580711,5.136504173278809,5.1252948545622425,0.014617700296472691
5.1281218899829515,5.11385949052252,5.100787985081758,5.0905895580940275,5.083536071214975,-0.005773083169467567,0.06366878952533872,-0.0057786330580711,5.152212142944336,5.141633907419289,0.013794725663575313
5.144885374211553,5.130946615702401,5.116244206948019,5.102678269832692,5.091989057528707,-0.005772249947918688,-0.005748747257008656,-0.0057786330580711,5.167920112609863,5.155753734615982,0.01586576951775953
5.158880368055322,5.14760165042031,5.133239775865392,5.118061918119545,5.104024038376667,-0.005772495014251306,-0.0057488483625628365,-0.0057786330580711,5.183628082275391,5.171928807239944,0.015256636061335094
5.1751571200683095,5.16168497866934,5.149969385082946,5.135116599742303,5.119451451603022,-0.005772295402573916,-0.005748332399837402,-0.0057786330580711,5.199336051940918,5.187256311730794,0.015752788061050182
5.18744073843995,5.175317341562788,5.161820242361306,5.150076604076175,5.135195980862177,-0.005778271001167308,-0.00577091504332812,-0.0057786330580711,5.199336051940918,5.198645961837245,0.000899923587516227
5.199785601612234,5.18843080538173,5.176153185157142,5.162482787552708,5.150567128913959,-0.0057763957766585605,-0.005769741258878444,-0.0057786330580711,5.215044021606445,5.210779703633904,0.005560955457474925
5.212696297500912,5.201450650753365,5.189836488775618,5.177267423250903,5.16330772971105,-0.005774870500877018,-0.005762050847570627,-0.0057786330580711,5.230751991271973,5.223580457027103,0.009352159654667958
5.226397260030324,5.215143407189607,5.203516572633656,5.191474075779748,5.178479834283361,-0.005773103257216305,-0.005753787870888774,-0.0442895740270614,5.2464599609375,5.2359200131966785,0.013744795835638257
5.239818068270641,5.229783712092344,5.218002349493583,5.205782760337661,5.193151880358697,-0.044281921568492096,-0.005743927893264975,-0.0442895740270614,5.262167930603027,5.247582140711638,0.019020844228877287
5.249751649116213,5.241702838000888,5.231374890061609,5.219263622917611,5.206716562212237,-0.04428531496122812,-0.04426568367649264,-0.0442895740270614,5.262167930603027,5.254050037665059,0.010586274599427625
5.255039342464633,5.250611111903402,5.242428421731586,5.231950035956105,5.219689440432039,-0.0442876318754377,-0.044277910415361346,-0.0442895740270614,5.262167930603027,5.258466137870154,0.004827384972898585
5.25906859686039,5.255562731295999,5.2510529721288,5.2427786695166825,5.2322093469286965,-0.044288391310969656,-0.044283122713824445,-0.0442895740270614,5.262167930603027,5.2599136422251,0.0029397426126935855
5.260676230754247,5.259731098915389,5.256122034991082,5.251496313414436,5.243106903597982,-0.04428807695300421,-0.04428268364459224,-0.0442895740270614,5.262167930603027,5.259314467568597,0.0037211063847006898
5.260691735391771,5.261872738081939,5.260741225547483,5.25692272850279,5.252089118343129,-0.044286870246648936,-0.04427776866098752,-0.0661434233188629,5.262167930603027,5.257014453109294,0.006720478861632628
5.259441781264409,5.262800487135941,5.263653008246577,5.26215238601452,5.25796750140004,-0.06613865811473195,-0.04426870267820491,-0.0661434233188629,5.262167930603027,5.2530853245863876,0.011844324888895308
5.253859284586455,5.260114162333537,5.263368130984936,5.264102960492573,5.262485514615168,-0.06614190392092664,-0.06613286533749888,-0.0661434233188629,5.2464599609375,5.2435639479948595,0.0037765943069905106
5.2434813581880775,5.253787534337634,5.260053588665898,5.263320116269634,5.264067412109247,-0.0661435854548673,-0.06614252207219075,-0.0661434233188629,5.230751991271973,5.231061026815604,-0.000403002989922463
5.2309595935324715,5.243393237588367,5.253713140338914,5.259994619037545,5.263276457259264,-0.06614362244739803,-0.0661443446419224,-0.0661434233188629,5.215044021606445,5.215423565899098,-0.0004949511080489799
5.21591089298455,5.231382961027824,5.243750656863887,5.253996454614349,5.260204374825984,-0.06614246662372639,-0.0661399750014765,-0.0661434233188629,5.199336051940918,5.19751256552476,0.00237794808052616
5.198985933278225,5.217190887538799,5.232463570028922,5.244607219386229,5.2546306229666,-0.06614053088007565,-0.06613143906264121,-0.0661434233188629,5.183628082275391,5.178115016893546,0.007189405485239497
5.177612382220222,5.198549267250264,5.216822241251421,5.23217135647763,5.244390874891233,-0.06614441006505815,-0.06614429289709454,-0.0661434233188629,5.152212142944336,5.154092907478992,-0.002452642572754904
5.152644858450149,5.176354383416566,5.197487227707918,5.215980398116397,5.2315480858349535,-0.06614626605324948,-0.06615524812574079,-0.0661434233188629,5.120796203613281,5.12621453108336,-0.007065860920583589
5.127785811530504,5.154009915076923,5.177506804317892,5.198400713115718,5.2166567101435515,-0.06614033866297826,-0.06613450565529583,-0.0617101266980171,5.105088233947754,5.099208797657696,0.007667177620105825
5.100291481531656,5.1287263977890145,5.15480398562502,5.178136237416177,5.198866722940314,-0.061708001229461136,-0.06613223521254782,-0.0617101266980171,5.073672294616699,5.069621094927438,0.005283034981536261
5.067500725025983,5.098449401086721,5.127171259368359,5.15357127954277,5.177223585782933,-0.06171428929770197,-0.06172387133966035,-0.0617101266980171,5.026548385620117,5.034482411509393,-0.01034649968713186
5.033648656526249,5.066776396808881,5.097837901929516,5.126686544490014,5.153212413928534,-0.06171176348234785,-0.06172052961617309,-0.0617101266980171,4.995132446289063,4.998252200826725,-0.004068368290991664
4.998837086426065,5.034156778398914,5.067205368219293,5.098177933183135,5.126938291506954,-0.061708978481090505,-0.061707385850450186,-0.0617101266980171,4.963716506958008,4.961527974907893,0.002853991969244518
4.960378141825367,4.997838164004649,5.033313458748531,5.066536897008949,5.097683020932209,-0.06171238399039976,-0.061717584516159135,-0.0617101266980171,4.916592597961426,4.920895057376102,-0.005610694445551623
4.922068130379592,4.961397254027784,4.998698528461204,5.033995440805216,5.0670418122087995,-0.06170782378223278,-0.06170360401393228,-0.0617101266980171,4.885176658630371,4.880787239796743,0.0057240953360384594
4.880883062665991,4.922151376908181,4.961467533192493,4.998754236398606,5.034036684975897,-0.061709938583554114,-0.06170710658685402,-0.0617101266980171,4.838052749633789,4.837694198456052,0.00046757468403058056
4.837338444173754,4.880573999607619,4.921890456795923,4.961260710568159,4.998601112301461,-0.06171082509628354,-0.06171260126031634,-0.0617101266980171,4.790928840637207,4.792260006338078,-0.0017359289848313253
4.791939354807269,4.837059876781273,4.880338824832283,4.921704041636926,4.961122695430756,-0.06171075618439124,-0.061713225043163566,-0.0617101266980171,4.743804931640625,4.745004749438987,-0.0015646425470015046
4.744876728025225,4.791828135655053,4.836965982306035,4.880264397830045,4.921648938538038,-0.061710378022984604,-0.061711714372838865,-0.0154590681195259,4.696681022644043,4.697160054727299,-0.0006246898319623995
4.697075249049597,4.744803052729038,4.791765936805883,4.836916679363826,4.880227895689447,-0.015459234605612614,-0.06171101275914537,-0.0154590681195259,4.649557113647461,4.649874440563857,-0.0004138154938022609
4.649376683635656,4.696642820583629,4.744437983915969,4.791476558998523,4.836702434352534,-0.015460045289986134,-0.01546296011468419,-0.0154590681195259,4.602433204650879,4.604295717579497,-0.0024288412594248854
4.603732127908368,4.648887062691951,4.696229468200889,4.7441103333418795,4.7912339781952955,-0.015460174529396097,-0.01546426353048361,-0.0154590681195259,4.555309295654297,4.557418142341185,-0.00275007693327467
4.556622133328452,4.603040591664932,4.6483032474821435,4.695766697459403,4.743767714384193,-0.015460630802934716,-0.015466132334561589,-0.0154590681195259,4.508185386657715,4.511163902864151,-0.003884184073517538
4.51314530378189,4.558343483872826,4.604493806357228,4.649455162042427,4.696619533930268,-0.015455178336507324,-0.015445800819311687,0.0190037861466407,4.47676944732666,4.46935541727106,0.009668390388583248
4.469795051724631,4.513527238098769,4.558665924042026,4.604749393867932,4.649644389922811,0.019004649214087867,-0.015451887850625234,0.0190037861466407,4.429645538330078,4.428000508784026,0.002145228402461896
4.426603607717189,4.468581487932312,4.512502711898222,4.557853816475223,4.604148138379796,0.01900104382326749,0.01899419397519163,0.0190037861466407,4.382521629333496,4.387748570737184,-0.0068162807069978015
4.3879967852884665,4.426819245173064,4.46876353540667,4.512647014827092,4.557960653218881,0.019004273428511773,0.019002901608684647,0.0190037861466407,4.351105690002441,4.350176917775191,0.001211181018661911
4.348013433737219,4.386117249252541,4.42523248564228,4.467505764330675,4.51171580596613,0.018999538907529968,0.018988080626457148,0.0190037861466407,4.303981781005859,4.312077131895591,-0.010556878262903524
4.310932321270736,4.347018874597443,4.385277613212685,4.424566934306489,4.467013013850765,0.01900153871408519,0.01899097046352347,0.0190037861466407,4.272565841674805,4.276849507996275,-0.005586186996788811
4.27615690645006,4.310330620707292,4.346510901307506,4.384874959818101,4.424268824089065,0.019002426467380946,0.0189963548719381,0.0190037861466407,4.24114990234375,4.243741487234129,-0.003379599793555954
4.243072528323674,4.275575745527823,4.309839987585792,4.346121992883025,4.384587025886489,0.01900247288137131,0.0189974195807899,0.0190037861466407,4.209733963012695,4.212237081600995,-0.0032642338268278337
4.2112207156381345,4.24218955603483,4.274830314385264,4.309249109313397,4.3456845276769105,0.019001790869951567,0.018994865793654087,0.0190037861466407,4.178318023681641,4.182121074204467,-0.004959431894185684
4.180530245503712,4.209838676382205,4.2410227978991255,4.2739054643325,4.308564383308298,0.01900066311464336,0.018989884161234497,0.0190037861466407,4.146902084350586,4.152854666533788,-0.007762564750307455
4.15022766430607,4.178248026052682,4.207911959684017,4.2394955541752966,4.272774747530674,0.018998628952776674,0.01898100106661162,0.0883732214570045,4.115486145019531,4.125315893909852,-0.012818649099160417
4.124161320712263,4.149224623889364,4.177401229869715,4.207240732742862,4.238998601679529,0.088370954859075,0.018989987439866015,0.0883732214570045,4.099778175354004,4.104098371388878,-0.005633824182954328
4.102596431145476,4.12285650368485,4.148123059027291,4.176528056339027,4.206594266192268,0.08837027292619411,0.08835971344447131,0.0883732214570045,4.084070682525635,4.08969066079788,-0.007328827035220087
4.0875101549246775,4.100702107317197,4.121257259865386,4.146855392074258,4.175589520923527,0.08836894080151396,0.08835395272259472,0.0883732214570045,4.068362712860107,4.076521756259957,-0.010639937550231515
4.076008921069882,4.087064627154045,4.100325979686352,4.120959116103977,4.146634657063124,0.08837221468568639,0.08836510243775726,0.0883732214570045,4.068362712860107,4.0702816458124165,-0.0025024167387108776
4.070089408550477,4.075841914124178,4.0869236349848395,4.100214219921292,4.1208763731585325,0.08837284406683055,0.08837077586761541,0.0883732214570045,4.068362712860107,4.069082028585191,-0.0009380357498685044
4.071522115784439,4.0722092447689535,4.0776315421276195,4.088342213096928,4.101264484578474,0.08837801170902594,0.08839110713155392,0.0883732214570045,4.084070682525635,4.074940334562461,0.011906583575944651
4.076022561265944,4.072462304874137,4.073002980015474,4.078260709443588,4.088808026145772,0.08837534602806722,0.08838611173772047,-0.0764888599514961,4.084070682525635,4.0800211934824215,0.005280804184830679
4.083978263644431,4.079460282938785,4.075364530489557,4.075303476949171,4.0799639153529625,-0.07648109163758159,0.08840496309605805,-0.0764888599514961,4.099778175354004,4.084971562088309,0.01930881265815465
4.089841286561089,4.088208857663604,4.083031874678711,4.078195611506299,4.077399508396552,-0.07647929996220278,-0.07644464372159777,-0.0764888599514961,4.099778175354004,4.081556581086809,0.023762175976684397
4.086552273875632,4.09418131609503,4.091872838079642,4.085936189101214,4.0803458623562925,-0.0764790526677697,-0.07644190922437649,-0.0764888599514961,4.099778175354004,4.0810852313095705,0.024376847568479576
4.083900570520564,4.088998111888551,4.096246164389277,4.093509574088113,4.087147970086827,-0.07648333302428191,-0.07645798099367361,-0.0764888599514961,4.084070682525635,4.073536212020375,0.01373765315463249
4.075455913533576,4.085568319442651,4.090406074516825,4.097362209155714,4.09433585384249,-0.07648509129353297,-0.07646896483572048,-0.0764888599514961,4.068362712860107,4.061179550386916,0.009367323641070513
4.062950177629461,4.076994153543738,4.0868669468433,4.091435452914333,4.098124324220479,-0.07648538394837193,-0.07647183886552894,-0.0764888599514961,4.05265474319458,4.046029388640652,0.008639904857379754
4.048192095153054,4.064829038186713,4.078580342815585,4.088124265894156,4.092366327111998,-0.07648461423878304,-0.07646919696578137,-0.0764888599514961,4.036946773529053,4.028854331993957,0.010553084270138235
4.032082634463789,4.050996696768052,4.0671967652521115,4.080457160670421,4.089513794919104,-0.07648252231633425,-0.07646045170189857,-0.0764888599514961,4.021238803863525,4.009159102413089,0.01575273751582884
4.009919812358385,4.032743504491012,4.051554622657347,4.0676390143972965,4.0807845861698695,-0.07648736656537682,-0.07647682871039634,0.0481336340308189,3.989822626113892,3.986976192387366,0.003711939697692568
3.9884139803015928,4.0111688967747146,4.033798018245727,4.052390500352856,4.0682578684412425,0.04813645662112004,-0.07647660530498247,0.0481336340308189,3.974114656448364,3.9687347241417696,0.007015791062919163
3.969159111720008,3.988782668830141,4.011480154460326,4.034044741776638,4.0525731656586315,0.048134467166395016,0.04813963299031354,0.0481336340308189,3.958406686782837,3.956818708180369,0.0020708301614962288
3.956797932597338,3.9691410628431547,3.9887674314381365,4.011468076290594,4.034035799530395,0.04813359324527704,0.04813431166956782,0.0481336340308189,3.9426987171173096,3.9427764554466087,-0.00010137597368586881
3.9415696072489164,3.9557494780501155,3.968255926717217,3.988065813709726,4.010948623539475,0.04813126480933356,0.04812456047515615,0.0481336340308189,3.9269907474517822,3.931506546717914,-0.00588890386119445
3.932008720516542,3.9420058728900087,3.956117786319138,3.9685478723326924,3.988281959834596,0.048134619872248964,0.04813502337689195,0.0481336340308189,3.9269907474517822,3.9251117074236714,0.0024503937010358356
3.923256343742705,3.9303968653621157,3.94064509742221,3.9550391452326252,3.9677492849293654,0.04812999167753497,0.04812073322631216,0.0481336340308189,3.911282777786255,3.9182252001761944,-0.00905338249305565
3.917443210463648,3.922576986826426,3.9298233322980485,3.9401904769928913,3.9547025604754817,0.048132098869369574,0.048124138801155125,0.0393830314278602,3.911282777786255,3.9142088364047227,-0.0038157758750725357
3.913738194293115,3.9170343381108754,3.9222318047760503,3.9295497180606724,3.939987902766792,0.039382107487794776,0.04812857630372172,0.0393830314278602,3.911282777786255,3.913043832164322,-0.0022965325329122876
3.912554192737039,3.913312817940881,3.916675222899368,3.921947146189024,3.9293389669918595,0.03938207019325471,0.03937844273493089,0.0393830314278602,3.911282777786255,3.9131149165512,-0.002389231321249685
3.9154040419728107,3.914542880263804,3.914991726366435,3.918006037314493,3.922932433734041,0.039387525319587335,0.03939920337019513,0.0393830314278602,3.9269907474517822,3.918425270104459,0.011169954564175022
3.919189584600471,3.916068043468926,3.9151034498311215,3.915436071066546,3.918335014288095,0.039384531890245586,0.03939324590412791,0.0393830314278602,3.9269907474517822,3.9241308261735415,0.0037295283659855016
3.923347236849868,3.9185088380151663,3.9154933372054463,3.9146478994459666,3.915098797803257,0.03938149312613767,0.03937866704142412,0.0393830314278602,3.9269907474517822,3.9299227915146235,-0.0038235812943128167
3.9308472454600247,3.924150360179386,3.91918685832079,3.9160307811676884,3.9150458037939533,0.039384846267666765,0.03938841228961832,0.0393830314278602,3.9426987171173096,3.939239584099422,0.004510940496889937
3.9410879067284506,3.932452983670385,3.9255059715433256,3.9202614059953262,3.9168263379547317,0.039386659958517915,0.03939868021418065,0.0393830314278602,3.958406686782837,3.951490610686686,0.00901902516624098
3.950454871825949,3.9401881041514977,3.931693343904233,3.9249038305714237,3.91981560228805,0.03938099811930759,0.03937890787250395,0.0393830314278602,3.958406686782837,3.962282227050586,-0.0050539633632835645
3.9619543678228806,3.9501700427158806,3.9399476430502434,3.931502738451931,3.924762713090255,0.03938238779171115,0.03937854422573462,0.0393830314278602,3.974114656448364,3.975341444094645,-0.0015998130300505231
3.975424499473036,3.9620265225390345,3.9502309578467214,3.939995928431976,3.9315384872270323,0.03938319447785052,0.03938300942759025,-0.0016365647315979,3.989822626113892,3.9895118484887497,0.0004052747805691759
3.9900064062718315,3.975854148667962,3.962389245009853,3.950518475787252,3.940208796464178,-0.0016355938415326368,0.03938689604261617,-0.0016365647315979,4.005530834197998,4.003680291869501,0.0024132307973294687
4.004878743772486,3.99104756650202,3.9767331267171975,3.9630859814373416,3.9510343145972033,-0.0016342119932807443,-0.0016266239142780695,-0.0016365647315979,4.021238803863525,4.016754421955062,0.005847933528373872
4.018250243574195,4.006178245218825,3.9921446437944126,3.9776027431018677,3.9637298144038473,-0.0016336282125517885,-0.0016230163741023584,-0.0016365647315979,4.036946773529053,4.031349689999525,0.007298970761535628
4.029992368619939,4.0170710648049095,4.005182747864745,3.9913555464208663,3.977018523540429,-0.0016392293541918426,-0.0016437872135143085,-0.0016365647315979,4.036946773529053,4.042025615177539,-0.006623148734372641
4.041856318866379,4.029845291723604,4.016946898168805,4.005084325135613,3.9912826777413133,-0.0016368970852928865,-0.001640496468534767,-0.0016365647315979,4.05265474319458,4.05328821819099,-0.0008260937062223306
4.054088025371909,4.042551154784714,4.030431892615887,4.017411877027385,4.0054285789044695,-0.0016349945918232474,-0.0016309108523763576,-0.0016365647315979,4.068362712860107,4.065369984621753,0.0039027175123855784
4.0633838038934345,4.052362522346597,4.041094434446036,4.02927719924726,4.016556983225897,-0.001640463898091501,-0.001649860350393172,0.0763600245118141,4.068362712860107,4.075794628069074,-0.009691713823153592
4.074289243095659,4.062075994242051,4.051258431023461,4.040219258274377,4.028629250012693,0.07635706921848927,-0.0016517310951045955,0.0763600245118141,4.084070682525635,4.089703550330541,-0.007345635846725429
4.087329399792162,4.0722266896340775,4.060334726024595,4.04987818609222,4.039197374137589,0.07635536370320892,0.07633929966297551,0.0763600245118141,4.099778175354004,4.108661800717492,-0.011584840826917464
4.108811856819704,4.087459761674462,4.07233674496435,4.060421963194746,4.049942773382706,0.07636031909413361,0.076356486812378,0.0763600245118141,4.131194114685059,4.130632632936531,0.0007322097024307084
4.128694825024891,4.107128377886324,4.0860385193086035,4.0712101737952,4.059587890067101,0.0763562203083132,0.07634581538651093,0.0763600245118141,4.146902084350586,4.154152997565703,-0.009455675133731134
4.153195815957478,4.127863269397945,4.106426354200045,4.0854820486713495,4.070798182775398,0.07635814542276552,0.07634905619152736,0.0763600245118141,4.178318023681641,4.181899617466377,-0.004670637516231757
4.181161769380276,4.152554807268472,4.127322111033778,4.105997396109814,4.0851644633951185,0.07635857600690532,0.07635262292858719,0.0763600245118141,4.209733963012695,4.212494851956391,-0.003600383587198941
4.211413856994791,4.180222650371621,4.151761975415801,4.126693659807823,4.1055321132284845,0.07635790235884286,0.07635048519730006,0.0763600245118141,4.24114990234375,4.2451947824402065,-0.0052747938104165115
4.243942829205076,4.210326217252864,4.179304432953293,4.151034135256129,4.126154792903514,0.07635756674246996,0.07634853199577925,-0.087202288210392,4.272565841674805,4.277250415518679,-0.006108997183320142
4.27699698709365,4.243722662174024,4.210140345778091,4.179157098867512,4.150925054351966,-0.08720278572786828,0.07635566993331885,-0.087202288210392,4.303981781005859,4.304930062569313,-0.001236622496135098
4.304485324013736,4.276610618566266,4.243396478514065,4.209881790927781,4.17896567407468,-0.08720316129794621,-0.0872061144158873,-0.087202288210392,4.319689750671387,4.321353878808408,-0.0021701342407141055
4.320566070664982,4.303800912310679,4.2760328181027205,4.242938475460267,4.2095427017960745,-0.08720383479428159,-0.08720905772292538,-0.087202288210392,4.335397720336914,4.338345550430823,-0.003844167333202364
4.338631859430658,4.320814802836402,4.304010899316021,4.276199267760989,4.243061708852768,-0.08720172614348487,-0.08720169188734103,-0.087202288210392,4.351105690002441,4.350034375504221,0.0013970656606545617
4.349008283893136,4.337740437943212,4.320062238632197,4.30341436690483,4.2757576164321,-0.08720430257996686,-0.08720940602374125,-0.087202288210392,4.351105690002441,4.354945132074094,-0.005006888904509843
4.356952038612974,4.350751792555255,4.339212359169378,4.32122898123465,4.304278181529448,-0.08719834835606725,-0.08718928169709653,-0.087202288210392,4.366813659667969,4.359304192368934,0.009792846928441179
4.360389356103652,4.357894779261153,4.351547681902394,4.339843233968679,4.321696058443276,-0.08720015787350263,-0.08719022634488309,0.083461008965969,4.366813659667969,4.362753180805552,0.005295135643099691
4.36244084868748,4.3601180162366635,4.357665706175139,4.3513661033479325,4.339708799680833,0.08346039581183237,-0.08720249555294675,0.083461008965969,4.366813659667969,4.367982347786556,-0.0015240473653692632
4.364456127179281,4.35937742941298,4.357531787700636,4.355615689530891,4.349848344114415,0.0834540864734461,0.08343400347831274,0.083461008965969,4.366813659667969,4.380008114828938,-0.01720645081072103
4.377777179692843,4.362517992712602,4.35774119936569,4.356234803004955,4.354655448304009,0.08345662931037773,0.08343738882723219,0.083461008965969,4.382521629333496,4.390869369562653,-0.010886010819042724
4.388593936785765,4.3758003877099005,4.3608491268545615,4.356418345357105,4.355255409061125,0.08345654195492837,0.08343959861733906,0.083461008965969,4.398229598999023,4.406743841041768,-0.011103140304907555
4.4036159760644225,4.385876590673083,4.37350632430259,4.359030699711549,4.355072046733369,0.08345486850445798,0.08343313115200918,0.083461008965969,4.413937568664551,4.425641451883886,-0.015262645440914824
4.421320578119803,4.399862198452135,4.382707541349796,4.370994325162267,4.357170905109143,0.08345252645178297,0.08342252851380548,0.083461008965969,4.429645538330078,4.44581343633929,-0.021084018886297073
4.443345391683648,4.4191764537411915,4.39805206567047,4.3812727097875355,4.369932027030067,0.0834561638293262,0.08343405413681815,0.083461008965969,4.461061477661133,4.470296437174712,-0.012043004024864246
4.468463437577941,4.441752965423273,4.417832080716453,4.396986426250597,4.380483748354636,0.08345741051668963,0.08344244456950464,0.083461008965969,4.492477416992188,4.499336157179851,-0.008944255312004046
4.497450362058062,4.466825144978798,4.440369870688074,4.4167357478950375,4.396174740517517,0.08345730687126643,0.08344329610373961,0.083461008965969,4.523893356323242,4.530949647448612,-0.009201874929551934
4.528443832397665,4.495273424486554,4.464987310335839,4.438913080789209,4.415657192593303,0.08345608968045459,0.08343855186018555,0.0838558748364448,4.555309295654297,4.564685584892465,-0.012227307425386691
4.564330823159896,4.528135631621127,4.49501323233795,4.464781064743884,4.438760383906265,0.08385517838670026,0.08345343443252523,0.0838558748364448,4.602433204650879,4.603760656417099,-0.0017310857659840195
4.604438028983117,4.564919293481486,4.528632435552266,4.495407032156325,4.465072620089141,0.08385720461896431,0.08386024824609661,0.0838558748364448,4.649557113647461,4.647022512740427,0.003305288873217016
4.647899040725271,4.605199516428875,4.565562163551031,4.529142017100956,4.495784308166705,0.08385759559050332,0.08386376507603485,0.0838558748364448,4.696681022644043,4.6934012195683374,0.004277082274524169
4.693807627164318,4.648252109067127,4.605497587094055,4.565798434173009,4.529316943445638,0.0838566726746568,0.08386063738680952,0.0838558748364448,4.743804931640625,4.742284230754475,0.0019830955258219873
4.741748965673848,4.69334261333008,4.647859530729005,4.60518640340858,4.565568044867012,0.0838548240319345,0.08385266643225092,0.0838558748364448,4.790928840637207,4.792931702026818,-0.0026118650266804266
4.791139966020056,4.740192387334249,4.692028504173053,4.6468178804623195,4.604415202689408,0.08385235739369483,0.08384141361337702,0.0838558748364448,4.838052749633789,4.844757089218427,-0.008742906612976498
4.844728037027137,4.791114726804285,4.740171079646921,4.692011614283755,4.646805375790464,0.08385581780269695,0.08385213994980592,0.0838558748364448,4.900884628295898,4.900993336138656,-0.0001417622877433189
4.901788043585012,4.845418442529201,4.791697587409012,4.740633093704968,4.692353673020002,0.08385743496468634,0.08386176586616509,0.0838558748364448,4.963716506958008,4.960742860968475,0.003877832985383911
4.961951148077344,4.90283774819249,4.846304633992727,4.7924000416681425,4.741153165793607,0.08385824688272557,0.08386647850447479,0.0127113685011863,5.026548385620117,5.022027202218639,0.005895925133300395
5.0237277940830305,4.963428544552394,4.904085009693587,4.847293296363959,4.793132012038715,0.012714707014506053,0.08387097512428063,0.0127113685011863,5.089380264282227,5.08301696895818,0.008298162118220098
5.082560293641306,5.023331055443078,4.963093606138795,4.903819515243614,4.847096733738955,0.012710471980004403,0.012711288984661787,0.0127113685011863,5.136504173278809,5.138212966534451,-0.002228380538658925
5.139008482288545,5.083251401364184,5.0239145088832435,4.963556090117616,4.904161921892448,0.012712930216255462,0.012716426093328693,0.0127113685011863,5.199336051940918,5.196359381415661,0.0038817771819861235
5.198435130970927,5.140811798616377,5.084773813978528,5.025121274316128,4.96444953621894,0.012715443504532976,0.012728466361229712,0.0127113685011863,5.262167930603027,5.254400865667879,0.010128771451332952
5.257647777532642,5.201255899577577,5.143193174331015,5.086661450659976,5.026518813214573,0.012717742669342428,0.012739745325203779,0.0127113685011863,5.3249993324279785,5.312849998117225,0.01584354341658223
5.31703933880556,5.261287285221304,5.204328478874789,5.145628704916309,5.088464630670596,0.012719592796493035,0.012749098188179165,0.0127113685011863,5.387831211090088,5.372155485143666,0.02044219364338229
5.373863056305489,5.3185227985751835,5.262539665533782,5.205321198756169,5.146363679322731,0.012714720715899037,0.012732373275263529,0.0127113685011863,5.43495512008667,5.428565709542595,0.008332218109415201
5.431787683576087,5.376662160064277,5.320885884188876,5.264412804265478,5.206708003889518,0.012717693712691741,0.01273883588699981,0.0127113685011863,5.497786998748779,5.485730977118423,0.015721857448830256
5.490164786569237,5.435639574550539,5.379914039569873,5.3234635400374195,5.266321208753771,0.012720072724826746,0.012750878981233074,0.0127113685011863,5.560618877410889,5.544028395275321,0.021635096812198995
5.5458670044416785,5.491762086167247,5.436988061790057,5.380982940189853,5.3242549159466055,0.012714977962880332,0.012733833970005411,0.0923869237303733,5.607742786407471,5.600863056264094,0.008971627616212174
5.603267890134342,5.547956214179405,5.493525858396021,5.438386144896511,5.382018031075578,0.09239164477489652,0.012732977170709802,0.0923869237303733,5.67057466506958,5.661576228441676,0.011734562384162928
5.66315452964002,5.6046390460688285,5.549113784295462,5.494443425413684,5.439065478802086,0.09239002216903079,0.09240345772033028,0.0923869237303733,5.7334065437316895,5.727500837109395,0.007701435887982555
5.731610518920685,5.666724833337638,5.607653201324012,5.5515030041015985,5.496212318574549,0.09239499164352413,0.0924207814734258,0.0923869237303733,5.811946392059326,5.796568734667995,0.02005349233902276
5.798560559980238,5.733340925702489,5.66818569357159,5.60881117624881,5.552360327450279,0.09239083397801989,0.09240989964951932,0.0923869237303733,5.874778270721436,5.8673252345396785,0.009719256982380742
5.870242853997861,5.801095254396524,5.735480789182515,5.669881891602568,5.610066980795869,0.0923926514488383,0.09241267117835411,0.0923869237303733,5.953318119049072,5.942400935070751,0.01423673708560802
5.945942484022121,5.8733195898370285,5.803692725167603,5.737539717169535,5.671406248476556,0.09239387631470249,0.09241915850880722,-0.0148769840598106,6.031857967376709,6.018606156431349,0.017281246584459176
6.019919918525234,5.947083820475153,5.874283139596153,5.80445649875383,5.73810518790172,-0.0148744049505362,0.09240370929204819,-0.0148769840598106,6.094689846038818,6.089773995055417,0.0064105980206683455
6.093817639286924,6.023432851792219,5.950049541927604,5.876633967550849,5.8061969679566845,-0.01486904578819476,-0.014844139910688009,-0.0148769840598106,6.173229694366455,6.158099137194431,0.01973125714878954
6.16390151035955,6.09885847585716,6.027688474093715,5.9534228310349535,5.879131430537002,-0.0148655931432106,-0.014825617374367432,-0.0148769840598106,6.251769542694092,6.230058152205239,0.028313103339339563
6.234585093292535,6.167834309842582,6.102178660702296,6.030320273294633,5.955371321330955,-0.014868097004995084,-0.01483171082207813,-0.0148769840598106,6.314601421356201,6.297662458130407,0.022089539429520855
6.301667497647424,6.238064488548252,6.17077171752078,6.1045070452775025,6.032044126219494,-0.014869121574958316,-0.014838120905804256,-0.0148769840598106,6.377433300018311,6.36244719443655,0.019542882626907065
6.366353391623457,6.305061023204981,6.240929402504937,6.1730426387536586,6.106188354392462,-0.014869315617069499,-0.014839885270588243,-0.0148769840598106,6.440264701843262,6.425648445694616,0.01906057426323482
6.433004955345381,6.372744390930395,6.310456492548313,6.2452062101432695,6.176209034646723,-0.0148625421434577,-0.014814255120898946,-0.0148769840598106,6.518804550170898,6.491277872875663,0.035896625748076616
6.498380218543662,6.439175148602327,6.377953449320395,6.3145855384743,6.248263208532708,-0.014863041104942598,-0.014809383961790096,-0.0028157457709312,6.581636428833008,6.555060785420115,0.03465641404428066
6.562066759512228,6.504466688580775,6.444313525390869,6.38202646831086,6.317601056518224,-0.0028019920077184566,-0.014810604225500774,-0.0028157457709312,6.644468307495117,6.618253268417131,0.03418616190616319
6.6220135975427965,6.565333561566037,6.507224618833236,6.446499644228573,6.38364499275592,-0.002808363688765837,-0.0027738474667264945,-0.0028157457709312,6.691592216491699,6.677521771228937,0.018348800412375965
6.682344337538053,6.626203222705052,6.568870566193539,6.510028283805666,6.448575377814218,-0.002806278360087074,-0.002772268732543259,-0.0028157457709312,6.754424095153809,6.736378957877043,0.02353206427529475
6.7421860293924345,6.687389255820237,6.630462290907671,6.572246586751167,6.5125277690602195,-0.002804345630774804,-0.0027628147810102605,-0.0028157457709312,6.817255973815918,6.7955270029828645,0.028336029282400865
6.802229605256392,6.748008943861165,6.6923051312563,6.6343589405365,6.575131527207887,-0.0028025875714621103,-0.002754179366563359,-0.0028157457709312,6.880087852478027,6.855007973761013,0.03270583697610174
6.862916530617901,6.809100197941062,6.753809300021493,6.696902879098609,6.637762949114007,-0.0028002201042738525,-0.002743395225471234,-0.0864858925342559,6.942919731140137,6.913327396893967,0.038590380380943756
6.919879357696284,6.868608574662502,6.813905588720904,6.757618372167887,6.699722980309761,-0.08647303006627223,-0.002751181330481438,-0.0864858925342559,6.990043640136719,6.965527433509071,0.03197077092291689
6.972584963184928,6.926010616867867,6.873784763753992,6.8180085802560715,6.760656080815287,-0.08647203755980803,-0.08642020731416034,-0.0864858925342559,7.037167549133301,7.0107595987449445,0.03443773113977233
7.018497971791002,6.979307707954118,6.931686155475082,6.878283572907081,6.821339338155572,-0.08647070096358664,-0.08641411897073578,-0.0864858925342559,7.084291458129883,7.055335919737183,0.03775995605530724
7.0614151430262675,7.0237793230936845,6.983766379857595,6.935220395193666,6.88090019798737,-0.08647395811992091,-0.08642520043867483,-0.0864858925342559,7.1157073974609375,7.0929600858106445,0.02966401372484917
7.095490534343283,7.063613481040635,7.025635224619119,6.985237490768416,6.9363095532620616,-0.08648092488957404,-0.08645501873720336,-0.0864858925342559,7.131415367126465,7.121946904026858,0.01234750829715292
7.125858972397428,7.098889160516825,7.06648270108716,7.027909559145031,6.986921326963842,-0.08647821256551301,-0.08645164464177142,-0.0864858925342559,7.16283130645752,7.148193081442425,0.019089223132421118
7.150770270319814,7.128097916286739,7.10077934271464,7.067980985137544,7.029018835237147,-0.08648083313136515,-0.08645892335023964,-0.0864858925342559,7.178539276123047,7.1688959194329085,0.012575581220656495
7.171425509217869,7.152967862293453,7.129953187982677,7.102249954380737,7.069069773582946,-0.08648092657542272,-0.08646190017602627,-0.0864858925342559,7.194247245788574,7.184781995961475,0.012343317975182622
7.1848853385922515,7.171515288571533,7.153043656660984,7.130013267636433,7.102294435214339,-0.08648568965738898,-0.0864801530976736,-0.0864858925342559,7.194247245788574,7.1938605570756815,0.0005042679092275293
7.192334234378049,7.183559339203164,7.170395840937525,7.152156308056592,7.129356306366659,-0.08648888893142972,-0.08649711356479041,0.0665691271424293,7.194247245788574,7.199958458624644,-0.0074478030001641216
7.199825649521422,7.192218855900084,7.183461933302953,7.170318630546448,7.152099144235845,0.06656886641851936,-0.08648988295379448,0.0665691271424293,7.209955215454102,7.210452162172016,-0.0006480517121039142
7.209645400809489,7.199124772127991,7.1916271546170645,7.182992911535651,7.1699713835521175,0.06656754335056773,0.06656282813636916,0.0665691271424293,7.225663185119629,7.228681934599316,-0.003936650949089682
7.224678204232317,7.206167142883463,7.196188324616927,7.18929953113415,7.181269622096387,0.0665612672276321,0.06653757704983473,0.0665691271424293,7.225663185119629,7.240644392107924,-0.01953649453384987
7.236618673020317,7.221180843510966,7.203214568231462,7.193847917690135,7.187566777288811,0.06656122406052177,0.06653113635022832,0.0665691271424293,7.241371154785156,7.256434639435697,-0.019643790100881908
7.2550285006471515,7.235397083917648,7.220149542107688,7.202397090188627,7.193242686093019,0.06656636668404227,0.06655069968101879,0.0665691271424293,7.272787094116211,7.2780486013393535,-0.006861356844277466
7.2750317604407115,7.252407607178963,7.233184448666005,7.218395660333387,7.201098578654628,0.06656320463760343,0.06654378685139982,0.0665691271424293,7.288495063781738,7.299783515752892,-0.01472089534590193
7.29841054592846,7.27383898701786,7.251400632819014,7.232386253854731,7.217804705353409,0.06656643179962397,0.06655292851436712,0.0665691271424293,7.319911003112793,7.325048398302548,-0.006699506463079707
7.321085301349722,7.294967588455251,7.270932341185974,7.249096632127935,7.2306804538883105,0.06656134699703314,0.06653676962354406,0.0665691271424293,7.33561897277832,7.350448137163206,-0.019338220823804875
7.34739200812422,7.318430276141124,7.292726138185775,7.269155618713204,7.247781210155136,0.06656312750917386,0.06653847310856753,0.0665691271424293,7.367034912109375,7.378470372921965,-0.014912604694117704
7.376134781243293,7.345362952837364,7.316717288066745,7.2913683099757165,7.26815033111755,0.06656454203056794,0.06654564655111297,-0.0288868397474288,7.39845085144043,7.407190196793643,-0.01139669005680144
7.40591316147068,7.37502535133,7.344426339516307,7.3159748660917945,7.290818647215265,-0.028889346756620585,0.06655498393823235,-0.0288868397474288,7.429866790771484,7.434645217076701,-0.0062313870614829625
7.432153453554063,7.403748431224649,7.373197822469785,7.34297771866587,7.314902358862263,-0.028891731447715143,-0.028907996597701383,-0.0288868397474288,7.445574760437012,7.454898471495635,-0.012158741967467357
7.454519570928445,7.431824282061432,7.403470534981527,7.372977543435725,7.34281463192273,-0.02888758358527544,-0.02889456736504811,-0.0288868397474288,7.476990699768066,7.478408474519292,-0.0018488729712604624
7.47705513601521,7.453343852299334,7.430831705859324,7.402683753107204,7.3723950381873555,-0.028889496551049127,-0.028897712776027436,-0.0288868397474288,7.492698669433594,7.497762607910074,-0.006603714002666017
7.499407637114254,7.478484262190925,7.454550362595846,7.431788066117071,7.403391808144629,-0.02888361031182786,-0.02887718417350908,-0.0288868397474288,7.524114608764648,7.51795921847844,0.008027040062536628
7.518975730610439,7.500290736388164,7.479229800538007,7.455141325845672,7.432225594237445,-0.02888484418378803,-0.028876002130093816,-0.0288868397474288,7.539822578430176,7.536018980969889,0.0049601451371650285
7.5368444384994975,7.519692850379199,7.500896149961538,7.4797096915780985,7.455496620062051,-0.0288852192522264,-0.028878665968397086,-0.0288868397474288,7.555530548095703,7.552441841070611,0.0040278802608826325
7.553092628403042,7.537409812785399,7.52017015595859,7.5012744940902625,7.479989804081785,-0.02888556215565435,-0.0288803483725394,0.0795902535319328,7.5712385177612305,7.568803393804615,0.003175564285628596
7.568550239459615,7.55287269948019,7.537224142328562,7.520022981212988,7.501165531155886,0.07958975655251614,-0.02888745691342742,0.0795902535319328,7.586946487426758,7.587893743434231,-0.0012352851026333767
7.588667387128354,7.569222345736597,7.553440111341584,7.537673910685766,7.52035597366893,0.07959177230891372,0.07959554696232729,0.0795902535319328,7.618361949920654,7.615467120535442,0.0037750508690503892
7.6139275090978815,7.587329843089466,7.568093151770116,7.552545037146237,7.53701122966389,0.07958723104699732,0.07958024894067439,0.0795902535319328,7.634069919586182,7.639830856390959,-0.007512646376508947
7.638898626552954,7.6131176304283175,7.586646119727345,7.567551187186211,7.552143785891146,0.07958842342689913,0.0795802536841089,0.0795902535319328,7.665485858917236,7.668974087864657,-0.004548883532368819
7.66803026497519,7.638078676370216,7.612425404398936,7.586097415364199,7.567144946038865,0.07958840066802468,0.07958135929471441,0.0260263457894325,7.696901798248291,7.7004334062166855,-0.004605452673082766
7.699507012235566,7.667225456231322,7.637399233188291,7.611886832570359,7.585698675984189,0.02602452714104892,0.07958146698416219,0.0260263457894325,7.728317737579346,7.731784129846481,-0.0045204070427686815
7.731290256739194,7.699077957855673,7.666863235920827,7.637112113293411,7.611674259236964,0.026025376243487074,0.02602083070080437,0.0260263457894325,7.7597336769104,7.761581657310682,-0.0024098898718198924
7.760850033074476,7.730654655046475,7.698541364236595,7.666437896150972,7.636797206892582,0.026024909502861474,0.02601990033230524,0.0260263457894325,7.791149616241455,7.793887216707908,-0.0035700138573950824
7.793081171942446,7.760149778227819,7.730063479335729,7.698072759072812,7.666090957595034,0.026024763404356954,0.026018876584150166,0.0260263457894325,7.82256555557251,7.825581623680582,-0.003933154261407168
7.824721935643074,7.792334314273154,7.759519259045299,7.729563687921058,7.697702731328609,0.026024658094680957,0.02601832898747392,0.0260263457894325,7.8539814949035645,7.857198286059493,-0.00419491052245391
7.856189065115393,7.8238451706199195,7.79159412348662,7.758932534627417,7.729129298080726,0.026024364539471826,0.02601710448453622,0.0260263457894325,7.885397434234619,7.88917374943934,-0.004924567253673295
7.887962086327748,7.855136427591072,7.822956503101844,7.79088970654207,7.758411009436469,0.026023967115559127,0.0260152957316699,0.0260263457894325,7.916813373565674,7.9213471893352025,-0.005912398584979606
7.920264726764265,7.887021692327188,7.854342519352783,7.822327198661101,7.790423791970932,0.026024220755327097,0.0260158653214922,-0.0327431708574295,7.948229312896728,7.952279684511649,-0.005281955117286685
7.94858129532798,7.91705173530069,7.884309190555628,7.852192410148671,7.820735334464891,-0.03275043134232881,0.02599653980972221,-0.0327431708574295,7.963937282562256,7.977775960196626,-0.018046559944784768
7.976312434004235,7.947309850672119,7.915978344374957,7.8834583495596045,7.851562477810515,-0.03274604397577694,-0.03276138524331407,-0.0327431708574295,7.9953532218933105,8.000829462002216,-0.007141382869697566
8.001177599424953,7.976614879883199,7.947565184367147,7.916180738833665,7.883608195200799,-0.03274248741218479,-0.03274343830812456,-0.0327431708574295,8.026769638061523,8.025466973218412,0.0016987619626895878
8.024565992604058,8.000394868652446,7.975954075573212,7.947041386947395,7.915792937899193,-0.03274493961561589,-0.03274923088728662,-0.0327431708574295,8.04247760772705,8.045848907949296,-0.0043964006648682386
8.044503467176254,8.023397135162657,7.999408084866543,7.975171885152994,7.946462281047944,-0.03274581215663584,-0.03275500969504875,-0.0327431708574295,8.058185577392578,8.063219964042982,-0.006565176447647758
8.061968337583581,8.043416111322143,8.022479157410762,7.9986804346824165,7.974633158899806,-0.03274562798526455,-0.032755180073915424,-0.0327431708574295,8.073893547058105,8.078576898168578,-0.006107402657296035
8.077549220224054,8.061075537962157,8.042662383656753,8.0218817027629,7.998238100562377,-0.0327451883412115,-0.032753319738584426,0.0272108539938926,8.089601516723633,8.093446894557044,-0.005014629534302983
8.092490627114183,8.076718458782187,8.06037418475025,8.042106444482053,8.021470105219025,0.02720897669948582,-0.03275234561583972,0.0272108539938926,8.10530948638916,8.108887659538821,-0.004666176779622333
8.107358659415477,8.091162301700026,8.075597047449492,8.059485279587753,8.041448330792154,0.02720785234053616,0.027197532752637005,0.0272108539938926,8.121017456054688,8.126738687314852,-0.007460867694332407
8.125069169890512,8.105908258993482,8.089937831059897,8.074626450629571,8.058766684307274,0.027207576484294078,0.027195356678583218,0.0272108539938926,8.136725425720215,8.142972446326484,-0.008146532120047567
8.140949046996282,8.123311333045205,8.104424241494193,8.08876150014733,8.073755537161999,0.027206881761779475,0.02719243215955844,0.0272108539938926,8.152433395385742,8.160004575611957,-0.009873324707402986
8.157547757311857,8.138814675562191,8.121509433985786,8.10299593652748,8.087704034073777,0.02720603089624593,0.02718849347154046,0.0272108539938926,8.16814136505127,8.177334317651125,-0.011988224203651754
8.174481707870108,8.155069540331397,8.136722491992451,8.119851030220984,8.101768113507607,0.02720525389903775,0.027184680267023628,0.0272108539938926,8.183849334716797,8.194523264694324,-0.01391951762121657
8.191870392910316,8.17217701413111,8.15312385017915,8.13518020864777,8.11870917862009,0.027205646014263885,0.02718539822785146,-0.0962757468223571,8.199556350708008,8.209482898618733,-0.012944881487143789
8.208061201614916,8.19063528754141,8.17113430189885,8.152297327154784,8.134568280468812,-0.09627853782382151,0.02719500518781894,-0.0962757468223571,8.215264320373535,8.220584043515833,-0.006937274291196616
8.218905376859936,8.20660285275877,8.189404106599694,8.170158386047857,8.151574793853342,-0.09627904229325018,-0.09629110196406825,-0.0962757468223571,8.215264320373535,8.221545575685738,-0.008191176463180128
8.219822641437114,8.217408570342771,8.205339204729972,8.188402455177393,8.169416799046976,-0.09627912919708118,-0.09629193775850504,-0.0962757468223571,8.215264320373535,8.221711216702676,-0.008407183412719732
8.218010478385848,8.216607609154032,8.214694345651438,8.203187729825125,8.18680957986505,-0.0962830119189522,-0.09630682772499662,-0.0962757468223571,8.199556350708008,8.213403818357406,-0.018058022711484156
8.20933183229626,8.214472923032822,8.213621101013299,8.212327040785919,8.201435061704952,-0.09628374073317582,-0.09631348908591995,-0.0962757468223571,8.183849334716797,8.199085941691715,-0.019869553175013266
8.195674268717392,8.206367926769115,8.211970706925417,8.211637678204282,8.210858585253716,-0.09628244444093678,-0.09630927572404181,-0.0962757468223571,8.16814136505127,8.180907204485914,-0.016647507275598272
8.17888770077221,8.193919816205621,8.20488676642361,8.210796640782853,8.210768441491673,-0.09627971140679893,-0.09629755960856023,-0.0962757468223571,8.152433395385742,8.15998999894677,-0.009854315762391153
8.156431952809617,8.175796632932146,8.1913102459384,8.202818247571692,8.209265183174441,-0.09628273179310164,-0.09630634194152392,0.000792920589447,8.121017456054688,8.13433099637048,-0.017361745806516282
8.129503256978245,8.152237833509218,8.172255834221213,8.18850357352325,8.200740287382681,0.000783443023075697,-0.09631886546775684,0.000792920589447,8.089601516723633,8.107666010705739,-0.023557306711923687
8.104349922905733,8.126622391481199,8.14980572223443,8.170327981162396,8.187076259852848,0.0007864106186999928,0.000758623448538138,0.000792920589447,8.073893547058105,8.086301724724798,-0.01618109244133059
8.081618734005835,8.100281554635982,8.123187755484134,8.147083201442925,8.16831232383525,0.0007837271861273078,0.0007513603292571651,0.000792920589447,8.04247760772705,8.060000479362806,-0.022850994996369778
8.057287582954256,8.079261893616856,8.098291840750072,8.121610576001894,8.145915513985946,0.0007875947726036444,0.0007634222549296033,0.000792920589447,8.026769638061523,8.036920786842492,-0.01323777602342524
8.032351738207431,8.053318202358527,8.075910825921852,8.095635561749567,8.119643961735063,0.0007839508712881974,0.00075339729352501,0.000792920589447,7.9953532218933105,8.01244974365353,-0.022295006282016416
8.010016174420361,8.030237564499938,8.051533354813188,8.074496037118612,8.094588102561556,0.0007881431331568746,0.0007657365909018819,-0.0582555830478668,7.979645252227783,7.988751211186195,-0.011874778684754617
7.985338840005152,8.007051662323134,8.027734836308252,8.049549526092132,8.073027281063606,-0.058262282037129534,0.0007626029164962709,-0.0582555830478668,7.948229312896728,7.9609977648897745,-0.016650914226246982
7.95771803323602,7.982489559066072,8.00464621565994,8.025828119392981,8.04813786086884,-0.05826202164612223,-0.05828682950063258,-0.0582555830478668,7.916813373565674,7.9290855133620886,-0.016003689972280633
7.92604794442495,7.955079132195497,7.980261721292913,8.002880283356575,8.024520686076904,-0.05826154624489758,-0.05828475661974028,-0.0582555830478668,7.885397434234619,7.896763446632352,-0.014822039322560876
7.894555503520312,7.924129784377769,7.953459765139873,7.978978103325309,8.001929938378593,-0.058259917566714704,-0.058278071805120644,-0.0582555830478668,7.8539814949035645,7.8622432032974405,-0.010773819559619646
7.861174803214515,7.893627326366517,7.923346189960376,7.952838636119131,7.978518241543659,-0.058257680475228626,-0.0582679141087526,-0.0582555830478668,7.82256555557251,7.826563307998739,-0.005213336180700523
7.826752036493667,7.861338761903831,7.893765745108141,7.923455909855679,7.9529198688177365,-0.05825521254592137,-0.05825626791885807,-0.0582555830478668,7.791149616241455,7.790443429663457,0.0009209144651523005
7.791950001870817,7.828060877559632,7.862443723977452,7.894641611494515,7.924104370100613,-0.05825262542382616,-0.05824393646294289,-0.0582555830478668,7.7597336769104,7.754096366699077,0.007351429041412949
7.75378151465401,7.791676472806446,7.827829956288881,7.86226068042892,7.8945060925772905,-0.05825620114899278,-0.05825498196390354,-0.0582555830478668,7.712609767913818,7.713787885125884,-0.0015363435330506547
7.715515176943206,7.755282106827669,7.792943316797656,7.828834141043425,7.863004143018673,-0.05825219211859096,-0.05824327306910054,-0.0294083282351493,7.681193828582764,7.674730627050069,0.008428446487210195
7.674826066144842,7.715598090066073,7.7553521045214735,7.792998801622511,7.82887522002953,-0.029408140874092367,-0.05825147779560876,-0.0294083282351493,7.634069919586182,7.633712804420444,0.0004657020284675184
7.63563784354527,7.67649845213992,7.7170099674475745,7.756471252381531,7.79382737879677,-0.029404549098665207,-0.029393732735669052,-0.0294083282351493,7.602654457092285,7.595451322278985,0.009393368906558841
7.595788589058416,7.635930845506244,7.676745813001977,7.7172060421089155,7.7566164190700775,-0.02940766613058499,-0.029402024793376568,-0.0294083282351493,7.555530548095703,7.554268559157941,0.001645717865298657
7.55659832162586,7.597812580193431,7.637639558274886,7.678100252320529,7.718208820690124,-0.029403754566890695,-0.02939022880180641,-0.0294083282351493,7.524114608764648,7.51539707522314,0.011368245997492643
7.5160221145111015,7.55714132718771,7.598271001438923,7.638002933425319,7.678369282326382,-0.029407101190593858,-0.02939907640089146,-0.0294083282351493,7.476990699768066,7.4746519201574415,0.0030499248234479026
7.477259384403249,7.51828736025656,7.5590537141850715,7.599786886489381,7.6391252406703565,-0.029403209397233114,-0.029387585376446014,-0.0294083282351493,7.445574760437012,7.435818119005058,0.012723312090471062
7.436743413203392,7.478063237706106,7.518965996827118,7.5595916466398645,7.6001851524998365,-0.029406511745801965,-0.029396283944799467,-0.0294083282351493,7.39845085144043,7.394988574353895,0.004515040572404594
7.397856941843692,7.439235319760931,7.480166978418932,7.520633561551734,7.5608262521077645,-0.029402697205581804,-0.029385043176509553,-0.0294083282351493,7.367034912109375,7.356302019745455,0.013996408511270708
7.357446005681452,7.398850784531486,7.440074350950978,7.4808320503105605,7.52112595706828,-0.029406082421579976,-0.029394134934037502,-0.0294083282351493,7.319911003112793,7.315630422622125,0.0055821628673138335
7.318322849376472,7.359785062970559,7.400825485402127,7.4416396301194,7.481990927199473,-0.029403042603264276,-0.029385930697456056,0.0589441135525703,7.288495063781738,7.278420508601858,0.013137892851784905
7.2814149588008865,7.320924290828351,7.361981276258652,7.40256635003655,7.442928504227137,0.05894999210114161,-0.029380630355942697,0.0589441135525703,7.257079124450684,7.2458744542717,0.014611638292979734
7.247579677761994,7.2828963790208014,7.322174949293056,7.362972631289035,7.403300313955956,0.05894746115845664,0.05896275500854125,0.0589441135525703,7.225663185119629,7.219282559121443,0.00832076247484359
7.219843788271607,7.248067247992988,7.283308000131633,7.322501227545954,7.36321419607458,0.05894521532838876,0.05895166173141045,0.0589441135525703,7.194247245788574,7.192147231727746,0.002738558598946561
7.194105874170252,7.221545367293024,7.249503770984838,7.284446683740646,7.3233442682922245,0.05894795865733639,0.05895987497403932,0.0589441135525703,7.178539276123047,7.171210404006905,0.00955733874768061
7.173399268125666,7.196007459260205,7.223150741282885,7.250776297118398,7.285388816720164,0.05894841061653293,0.05896434141901963,0.0589441135525703,7.16283130645752,7.154640988072768,0.01068072221945826
7.156997686830185,7.1754466602776965,7.19773592785479,7.224520840382248,7.251790669642996,0.05894874010074863,0.05896604955253221,-0.096407875418663,7.147123336791992,7.138305012714793,0.011499683588011678
7.141656912385903,7.1599096640438304,7.177905036977511,7.1996846006353445,7.2259635682323315,-0.09640129514391702,0.0589738277126416,-0.096407875418663,7.131415367126465,7.118873188164859,0.016355839080077317
7.121590276168205,7.144017394240836,7.1619024521622645,7.179484653300793,7.200854092242549,-0.09640254137309918,-0.09638095884032938,-0.096407875418663,7.09999942779541,7.089832594854043,0.013258229216156714
7.091717891044621,7.123228135318721,7.145400123045971,7.162998494923189,7.180296124283427,-0.09640417430343616,-0.09638843069444726,-0.096407875418663,7.068583488464356,7.0615290642458515,0.009199440358301558
7.063865812763149,7.093747951339993,7.124941971850811,7.146758623800007,7.164004280446426,-0.09640328803575635,-0.09638668468690656,-0.096407875418663,7.037167549133301,7.028423875107249,0.011402334935302072
7.03193912606731,7.0669197021095895,7.096326134430822,7.126985611140413,7.14827166146752,-0.0964009744611798,-0.09637697780560463,-0.096407875418663,7.005751609802246,6.992598201000657,0.017152923616533755
6.994350832386006,7.033461732099359,7.0682051308466844,7.097345050690283,7.127739980411179,-0.0964044347440678,-0.09638785672488058,-0.096407875418663,6.958627700805664,6.952069683369094,0.008552092758780994
6.953061749822091,6.995212694371449,7.034189341303696,7.0687818822662205,7.097772056878209,-0.09640592784550522,-0.09639700952834332,-0.096407875418663,6.911503791809082,6.9077916654878395,0.004840860662331359
6.909036907456615,6.954143559122591,6.996125989559862,7.034913279776757,7.06931786050087,-0.0964054308245272,-0.09639660771355296,-0.096407875418663,6.8643798828125,6.859720421266708,0.006076249069326245
6.858531535137566,6.908004057533475,6.953271596878672,6.995434814326007,7.034401558276297,-0.09641020937795147,-0.09641432915583761,-0.096407875418663,6.801548004150391,6.8059965927299295,-0.005801256636757124
6.806507502051009,6.85897538980125,6.908378772678288,6.953568621009763,6.995654720402773,-0.09640687242811052,-0.09640638542854445,-0.0170074328780174,6.754424095153809,6.752512368441534,0.002493019320390033
6.7509888060810415,6.805183900716649,6.857857966675484,6.907493028833699,6.952912847846931,-0.017010423856241207,-0.09641827567550608,-0.0170074328780174,6.691592216491699,6.697293100664681,-0.007434333733629117
6.696757293533127,6.750523321337735,6.804790924823259,6.857546467861279,6.907262406217625,-0.017008484746653826,-0.017014434155678798,-0.0170074328780174,6.644468307495117,6.6464731971374835,-0.002614510003741799
6.643930317882756,6.694548156275638,6.748658302774041,6.803312587141905,6.856451959349639,-0.017012424926045024,-0.01702751716829315,-0.0170074328780174,6.581636428833008,6.591151405359729,-0.012408164912827147
6.590081965106763,6.643001237076778,6.693763798968528,6.748036569036201,6.802852277649275,-0.01700953234738684,-0.01702042925333452,-0.0170074328780174,6.534512519836426,6.538514164383559,-0.00521841176632698
6.535203081004708,6.587205447222055,6.64057279618403,6.691838855298489,6.7466114093735206,-0.01701393302434561,-0.017034314465858288,-0.0170074328780174,6.471680641174316,6.484070093237059,-0.016156673003065336
6.482287170972613,6.533654159641544,6.585897802309449,6.639536269907151,6.691071448198682,-0.01701093301808779,-0.017027277475610444,-0.0170074328780174,6.424557209014893,6.4312285692313225,-0.008699899314080106
6.430613086771825,6.4817524679464755,6.533202747640578,6.585539983152131,6.639271353360511,-0.017008641161105266,-0.01701553965509542,-0.0170074328780174,6.377433300018311,6.379736319771937,-0.003003291581459955
6.376630756925124,6.427915115730685,6.47947476154368,6.5313972861465945,6.584203283832667,-0.017013529557148067,-0.017031885041607294,-0.0170074328780174,6.314601421356201,6.326221854192231,-0.01515382056728587
6.324713947041247,6.375320756121161,6.426809174572179,6.478598119069548,6.5307482513139545,-0.01701039312274979,-0.017024815631639066,-0.079779177904129,6.267477512359619,6.273119817679237,-0.007357942996253364
6.270185689821873,6.322164910882377,6.373168784920773,6.4251033791572425,6.477335208961584,-0.07978493803102292,-0.017032353881767822,-0.079779177904129,6.20464563369751,6.215624589004693,-0.014317291024259937
6.215852958401146,6.270384086714387,6.3223324033667225,6.373301550597089,6.425201674130451,-0.07977872958123164,-0.0797832287785546,-0.079779177904129,6.157521724700928,6.156667209315414,0.001114345137293249
6.156122468277353,6.21537971228825,6.269984558444808,6.322015710703613,6.373067082640466,-0.07978024731134507,-0.0797828067473422,-0.079779177904129,6.094689846038818,6.096728164681217,-0.002658103652571242
6.096223615269521,6.155684138812219,6.21500966167835,6.269691231734139,6.321798542065102,-0.07978016840923884,-0.07978402365940541,-0.079779177904129,6.031857967376709,6.033745896502693,-0.002461985678383627
6.033791856882844,6.096263543546875,6.15571784743681,6.215036381374812,6.269711014044755,-0.07977908767710597,-0.07977982441440223,-0.079779177904129,5.9690260887146,5.968854113605091,0.00022426702931710452
5.9665039966478135,6.031750182697911,6.094539902228072,6.154351574757101,6.2140248417949016,-0.0797837915312603,-0.07979667735099609,-0.079779177904129,5.890486240386963,5.899279936604337,-0.011467567213863994
5.898849264302322,5.966129848238531,6.031434315620606,6.094289524986918,6.154166204374528,-0.0797800233775473,-0.07978701493906667,-0.0990907698869705,5.8276543617248535,5.829265856583201,-0.002101496929854285
5.82777247503131,5.897551882674862,5.965034560559505,6.0305661178024454,6.093646742276479,-0.09909370161580378,-0.07979120073381034,-0.0990907698869705,5.749114513397217,5.754702466653459,-0.007287064275344868
5.753140767192627,5.826415741927482,5.896406488736102,5.9641266451893165,6.029893929632548,-0.09909383573396213,-0.0991053903039541,-0.0990907698869705,5.67057466506958,5.67641825110851,-0.007620426498132105
5.6752741215218,5.752146799707659,5.825576605379996,5.895741333331164,5.963634187842493,-0.09909301598254742,-0.09910239908067386,-0.0990907698869705,5.592034816741943,5.596315934746599,-0.005582863821455675
5.592912904165494,5.672317724110825,5.749650922172466,5.823598206944641,5.894276597666083,-0.09909745053925424,-0.09911848628859939,-0.0990907698869705,5.497786998748779,5.510520499971354,-0.01660533608713255
5.5092543281663175,5.591812911979987,5.671389078396786,5.748914815852445,5.823053220069926,-0.09909325556947006,-0.09910692732255666,-0.0990907698869705,5.419247150421143,5.423984927482842,-0.006178377732901197
5.421118808032729,5.506764374602896,5.589710820042161,5.66972282060083,5.747681177987928,-0.09909639650330365,-0.09911470731309564,0.0281106755137443,5.3249993324279785,5.335723813049664,-0.013985439037559111
5.334167452626321,5.419766713240616,5.505622896463131,5.588806008594539,5.669052930464536,0.028107620148072818,-0.09910804523092008,0.0281106755137443,5.2464599609375,5.252283569301009,-0.00759437427503773
5.246896913602873,5.329487772388299,5.4158159897233356,5.502491290398771,5.586487479116615,0.028100100712009853,0.028067303211166673,0.0281106755137443,5.152212142944336,5.1723679967584815,-0.026284579618494952
5.167614313483972,5.242767130872331,5.326001288499454,5.413052370846478,5.500445205514512,0.028101343330483787,0.028064521317411363,0.0281106755137443,5.073672294616699,5.091459684516687,-0.023195944480575825
5.086350734938221,5.1631758916283355,5.239020084768154,5.323031130691156,5.410853371901177,0.028100645890190998,0.028063104911443384,0.0281106755137443,4.995132446289063,5.01424917596663,-0.02492949233947339
5.011443257270727,5.083913081038186,5.161117952602584,5.237388825505152,5.3218234044926245,0.028105167080394382,0.028079644724836098,0.0281106755137443,4.932300567626953,4.942799788334255,-0.013691685063699666
4.938045516404976,5.007312963143831,5.080426165413517,5.1583539915032155,5.235342487251547,0.028101342174867424,0.02806958327995329,0.0281106755137443,4.853760719299316,4.871550311834879,-0.023198816864482552
4.868091631670595,4.935040773179966,5.004776270652326,5.078415414330818,5.156865303091521,0.028103885613099115,0.028075455354217235,0.0281106755137443,4.790928840637207,4.80387057214704,-0.016876882289782458
4.800744469831751,4.865375816878134,4.932748002558167,5.002958868257041,5.077069874393764,0.028104538512599562,0.028080488002991743,0.0281106755137443,4.728096961975098,4.739794249644108,-0.015254044402762013
4.7364544112900555,4.7978429709390245,4.862926286284628,4.930806341789474,5.001521331850538,0.028104118917147376,0.02807954117478129,0.0281106755137443,4.665265083312988,4.677762131091711,-0.016296985003210196
4.673851688034895,4.733057197114807,4.794974942942935,4.860652896657127,4.929123205163141,0.02810299873573267,0.028074850834160135,0.0078278258442878,4.602433204650879,4.6170653480471975,-0.01908129229533717
4.612418194278594,4.669814453269454,4.729648844936592,4.7922732564533375,4.858652664304301,0.00781870279420137,0.02806821667135333,0.0078278258442878,4.5396013259887695,4.55699010248774,-0.02267612598155999
4.55167423338238,4.60780001019661,4.665915646613481,4.726558391627417,4.7899851950081205,0.007817390007103166,0.007778915666281489,0.0078278258442878,4.47676944732666,4.496660431006909,-0.025939171272754358
4.4904724708469015,4.546298416456775,4.603261587639439,4.662318191225753,4.723894963919543,0.007815677963394772,0.007771075630738799,0.0078278258442878,4.413937568664551,4.437091753261127,-0.03019460322256151
4.433287592344912,4.4871675897370835,4.543508338746702,4.60104998658999,4.660680800659644,0.007820357713835576,0.007787205359197529,0.0078278258442878,4.366813659667969,4.381048115257777,-0.018562680833380973
4.378832915368126,4.43136312794106,4.485542900358375,4.5422205019520465,4.600096518142874,0.007823477079312283,0.007803777839570274,0.0078278258442878,4.319689750671387,4.327978612564003,-0.010809229535603038
4.323461527145811,4.374908678039893,4.4280501715185085,4.482916830885672,4.5402762537425305,0.007818958137608226,0.007789668523872604,0.0078278258442878,4.256857872009277,4.27375995717254,-0.02204144797282659
4.270200539315309,4.320369267618046,4.37229810171491,4.425980855198337,4.481384782860197,0.00782083818065389,0.0077923173361138486,0.066383846104145,4.209733963012695,4.223052636047364,-0.017368439214754616
4.219421351943509,4.267045845677597,4.317705982583513,4.3701870049680025,4.424417874434518,0.06637671735644111,0.007793659489401341,0.066383846104145,4.162610054016113,4.176197637046576,-0.017719115810239217
4.174489449243223,4.217937356463913,4.265793013103024,4.316712904209135,4.369451765146145,0.06638049267887375,0.06636393226235845,0.066383846104145,4.131194114685059,4.137585832585902,-0.008335227056758931
4.133732399765586,4.171141762955418,4.215111141365229,4.26355276715731,4.315054305983116,0.0663762812456585,0.06635165129442393,0.066383846104145,4.084070682525635,4.098489504325547,-0.01880310668549967
4.095338799730028,4.13099521163667,4.168830948335166,4.213279436097386,4.262196637883358,0.06637766080508589,0.06635269949744478,0.066383846104145,4.05265474319458,4.064444087975015,-0.01537409302471815
4.064256654290165,4.095175965912519,4.130857742544869,4.168721981195435,4.213198760712168,0.06638347814410323,0.06637625793984452,0.066383846104145,4.036946773529053,4.037648115170955,-0.000914596344879115
4.035750808022224,4.062608360568246,4.093784427935701,4.129754717048924,4.16790534044475,0.06638012140963108,0.06636927756829263,0.066383846104145,4.005530834197998,4.012630201165815,-0.009258048705213184
4.011947987175026,4.0351581316921035,4.062108005801158,4.09338781348873,4.129461077853005,0.0663825068171927,0.06637501531413056,0.066383846104145,3.989822626113892,3.9923753427230215,-0.0033289129587279476
3.991817633769737,4.011463475130168,4.034749092391838,4.061783774062928,4.09314776386968,0.06638275123899359,0.06637833259148725,0.066383846104145,3.974114656448364,3.976201498593692,-0.0027213815413573705
3.9782554706956903,3.993602030841652,4.012969915552936,4.035943197204007,4.062667846692066,0.06638787835513038,0.06639812438854757,0.066383846104145,3.974114656448364,3.966429078652752,0.010022506778708085
3.9666227908811837,3.9784237590248606,3.993744104792418,4.0130825328099675,4.036026575005935,0.0663842263898963,0.06638932821272836,0.037058301270008,3.958406686782837,3.9576818520101904,0.0009452329565169393
3.9592394234818693,3.9679759377767323,3.9795661253812504,3.994649620299576,4.01375294420684,0.03706135901314646,0.0663958841817192,0.037058301270008,3.958406686782837,3.952578546903931,0.0076002836737836255
3.9549536782605204,3.9613028290334773,3.9697179253536166,3.9809469405245905,3.995671926601072,0.03706296400410438,0.037079135909687394,0.037058301270008,3.958406686782837,3.94951939138184,0.011589626800958097
3.95186136440501,3.956988277367773,3.96302049736388,3.971079463445695,3.9819549747846232,0.0370628989093923,0.0370804927239451,0.037058301270008,3.958406686782837,3.949643463637166,0.011427828293010478
3.9515760075196704,3.9535402701905036,3.958405658947856,3.964144008217597,3.9719112708249042,0.037062095139441247,0.037077363217888244,0.037058301270008,3.958406686782837,3.9511754705759707,0.009429988919375187
3.9523977871855296,3.952637900316037,3.9544367512811025,3.959116269449356,3.9646701188972897,0.03706070085827336,0.03707124368436198,0.037058301270008,3.958406686782837,3.9538330076250277,0.005964383105842241
3.9573204527366057,3.9554275200818574,3.9551956898221126,3.956464225259868,3.960617338897072,0.037065147640498584,0.037086802972907444,0.037058301270008,3.974114656448364,3.9610652919088523,0.01701724294948148
3.962610042471454,3.958662461412412,3.956560483225968,3.956093751718187,3.9571291182688406,0.03706133384380594,0.037076709473008077,0.037058301270008,3.974114656448364,3.968334490002995,0.007537723112222228
3.9712592598828524,3.9651509488472345,3.9608075692111124,3.9582608382525177,3.957352633956556,0.03706404302580818,0.037083224562151275,0.037058301270008,3.989822626113892,3.978878686600771,0.014271628090038124
3.9794560535744288,3.9717608499172123,3.9655744058878843,3.9611432294087177,3.958509349095427,0.0370594347267605,0.03706836438383682,-0.0157751366496086,3.989822626113892,3.9876622273488116,0.0028173042864900744
3.989847095524339,3.9813541671715598,3.973363293170862,3.9668446089251184,3.9620836424505406,-0.01577084743027348,0.03707578758042654,-0.0157751366496086,4.005530834197998,3.9973554678822456,0.010661223722804536
3.9980943221267298,3.9904889783177553,3.9818960634803466,3.97379283620505,3.9671626272729994,-0.01577368616946212,-0.01576531740540703,-0.0157751366496086,4.005530834197998,4.002766180398621,0.0036052932104659874
4.002186762751255,3.997590950560792,3.9900640172558175,3.981559211095496,3.97354344270921,-0.01577627413213685,-0.015778022875953167,-0.0157751366496086,4.005530834197998,4.007698906198902,-0.002827310698511276
4.0096414152180415,4.003874325791935,3.99901564085,3.9911933214781974,3.9823953076783103,-0.015771323217138457,-0.01576173523862796,-0.0157751366496086,4.021238803863525,4.013970299987183,0.009478614530881835
4.0148076529719425,4.010368869214476,4.0044884638238685,3.9995024474758605,3.991553735747716,-0.015773492801868596,-0.015765055969082044,-0.0157751366496086,4.021238803863525,4.018105586279656,0.004085925002465629
4.0215717764567325,4.017818920552772,4.01291106975881,4.00650358095536,4.000994368354417,-0.0157683320056977,-0.015747549771813373,-0.0467999055981636,4.036946773529053,4.023976940962004,0.01691352794531298
4.026592219515109,4.023843810915167,4.019737038781039,4.014431497763839,4.00762925164199,-0.04679477141960658,-0.015748757704623653,-0.0467999055981636,4.036946773529053,4.027160892426999,0.01276144257325118
4.029809149057935,4.028892903820083,4.025786116185439,4.021276639043274,4.015571362906149,-0.04679470667876287,-0.046774950290972415,-0.0467999055981636,4.036946773529053,4.027037494654232,0.012922361510893765
4.0266294974518635,4.029454699738712,4.0285936672932445,4.025548921424018,4.021101028498696,-0.046800706557008014,-0.04679776037262927,-0.0467999055981636,4.021238803863525,4.022765452758195,-0.001990852126207976
4.023750074466028,4.027484891783019,4.03017684875932,4.029166090608219,4.025972723237637,-0.046797972640141544,-0.046793337062186795,-0.0467999055981636,4.021238803863525,4.017554534380295,0.004804533484956686
4.020050519272216,4.025918472044726,4.029315516713195,4.031627923760603,4.030240414803539,-0.04679500561070508,-0.04677929120382085,-0.0467999055981636,4.021238803863525,4.011899297233974,0.01217934044697433
4.012673538884999,4.02072314502682,4.026486322464388,4.029765632700832,4.031961173589725,-0.04679838564730485,-0.04678921072542862,-0.0467999055981636,4.005530834197998,4.002633767370378,0.0037779686433943027
4.0024508466448525,4.012514625720257,4.020588985865249,4.026379978995369,4.029686899787867,-0.04680026469859881,-0.04679975473487293,-0.0467999055981636,3.989822626113892,3.9905070811096985,-0.0008925750304809021
3.9932502817272635,4.00483401394537,4.014526565558213,4.022183783114439,4.027560710018865,-0.04679452028967644,-0.04677973295266645,-0.0467999055981636,3.989822626113892,3.979558084675011,0.013385647623037844
3.981632130765944,3.995052118163151,4.006355177191464,4.0157323406587775,4.023076496009021,-0.04679583393896932,-0.04677899689444301,-0.0467999055981636,3.974114656448364,3.966353965556778,0.010120459272794147
3.9682573387292197,3.983285694371975,3.996448105130933,4.007461729253372,4.016551592353168,-0.046796168995148074,-0.04678158796142731,-0.0510298423469066,3.958406686782837,3.9512846218937114,0.009287648310632779
3.9534264654057973,3.970118074465478,3.9848565821375432,3.9976932951908206,4.008383623578563,-0.05102563759134846,-0.0467801381636677,-0.0510298423469066,3.9426987171173096,3.93468434101057,0.010451281737433149
3.934172275195037,3.9529816060325977,3.9697425111153795,3.984558885662562,3.99747289133461,-0.051030847607828715,-0.05102947019664821,-0.0510298423469066,3.911282777786255,3.9131988318835416,-0.0024986625194793888
3.9142446084486653,3.935080798070722,3.953748607731088,3.9703504876442004,3.985009009808124,-0.05102778933285587,-0.051023020393661564,-0.0510298423469066,3.895574808120728,3.891661708648603,0.005102943074430932
3.8942709276849996,3.9165113786759735,3.936994472080441,3.955265512953089,3.971473550187875,-0.05102472006407698,-0.05100826038481096,-0.0510298423469066,3.8798668384552,3.870103630926475,0.01273187471922288
3.8710048549283522,3.8950538699014614,3.9171723614931575,3.937518410996864,3.955653418646651,-0.0510280731109145,-0.05101797476731808,-0.0510298423469066,3.8484508991241455,3.845078688191502,0.00439758829205239
3.8482288835102914,3.8737416006209244,3.897364311003957,3.919003770685999,3.9388743210674404,-0.05102365804763303,-0.051004495174430904,-0.0510298423469066,3.832742929458618,3.820955490296045,0.015371607971744972
3.822882974233963,3.8499033934472267,3.875155271096531,3.8984848801895886,3.919833400159038,-0.05102605841089286,-0.0510092316107736,-0.0510298423469066,3.801327228546143,3.7941149457014776,0.009405298550472008
3.7954104726556257,3.8240084688311486,3.850853569046308,3.875908443434528,3.8990425021355537,-0.051027299035908184,-0.051016361916184895,-0.0510298423469066,3.769911289215088,3.765063670699368,0.006321618325447087
3.7692774035274703,3.799071171120314,3.8270989380039375,3.8533032803361245,3.877722122333187,-0.0510215701662223,-0.050995760951781384,-0.0231532827019691,3.754203319549561,3.7384363227978534,0.02056121686961232
3.7416160234313307,3.7720397820887093,3.8014032522434746,3.82894750051557,3.8546718901123613,-0.02314704047939944,-0.050997771394404624,-0.0231532827019691,3.722787380218506,3.710889537710532,0.015515581308180426
3.7130474655847476,3.743490732526166,3.77362246657404,3.802657793167574,3.8298763178872344,-0.02314904637042949,-0.023130889262980903,-0.0231532827019691,3.691371440887451,3.6832968801188466,0.010529766556345521
3.684878367924806,3.714421389898266,3.744650639789119,3.774541886169684,3.803338498655835,-0.02315017800752961,-0.02313720957452795,-0.0231532827019691,3.659955501556397,3.6540378712469646,0.007716985172414148
3.6551366599956934,3.685832945362337,3.715227272210668,3.7452894356769204,3.775014827869823,-0.023151125617162312,-0.023141954018632192,-0.0231532827019691,3.628539562225342,3.624428101119767,0.005361619893371916
3.628386049992129,3.658575145051922,3.6887358154484353,3.717528279994663,3.7469930198016423,-0.02314551266301622,-0.02312150197238027,-0.0231532827019691,3.6128315925598153,3.5980216913250325,0.019313100389451776
3.600930145612943,3.6309127821274374,3.6607082865404634,3.6904266851821523,3.718780139660401,-0.023147572976088722,-0.023123744060270613,-0.0231532827019691,3.58141565322876,3.5705327635960473,0.01419201496835587
3.5724537392000064,3.602599001406841,3.6323216792094075,3.661825072017012,3.691253513331888,-0.023149511542777397,-0.023133195251473827,0.0199605077505111,3.549999713897705,3.542811784016215,0.009373540659915136
3.546751317605567,3.575876225900148,3.605488365210797,3.6346119810164144,3.663520729818075,0.019968241637540116,-0.023120025728932545,0.0199605077505111,3.5342917442321777,3.5195507495273626,0.01922324167198708
3.521056551531722,3.5480594895543724,3.5769806230854084,3.6063637838291074,3.6352601097498383,0.019963463862529347,0.019979511955860983,0.0199605077505111,3.502875804901123,3.497241376644754,0.007347670779657367
3.5000403223276058,3.5234881475967663,3.550112314377882,3.5786078284917733,3.6075685086967177,0.019966002494805204,0.019984412837704857,0.0199605077505111,3.487167835235596,3.476694706233345,0.013657659737602579
3.4799864466443946,3.502900035926085,3.525902401817472,3.5520260127486742,3.5800246625358225,0.019966969923733004,0.019990639838994403,0.0199605077505111,3.4714598655700684,3.459142791259529,0.016062287579951207
3.4623730197605274,3.4827927215072276,3.505269175596456,3.5277803393969047,3.553416370777792,0.019966849166756957,0.019991146876180928,0.0199605077505111,3.455751895904541,3.4436649876072596,0.015762135725474025
3.4433189301428415,3.4620723808542726,3.482538913311638,3.5050679903500024,3.527631389013351,0.01995982838853216,0.01996425906675044,0.009549081325531,3.4243359565734863,3.425630838603263,-0.0016886126542710045
3.425606067445452,3.443297410093264,3.462054212996292,3.482524512259785,3.5050573283246558,0.009549032696084965,0.0199596429864455,0.009549081325531,3.408627986907959,3.408720675927572,-0.00012087267243554578
3.40879102013594,3.425667179278138,3.4433490024975084,3.4620951085652427,3.482554789880974,0.009549219421614795,0.009549559194003047,0.009549081325531,3.392920017242432,3.3926568024278994,0.0003432496987310074
3.392563609260876,3.4087100581724368,3.4255988288103816,3.4432948233735097,3.4620549962734994,0.009548898373562376,0.009548521908492457,0.009549081325531,3.3772120475769043,3.3775607589028662,-0.0004547428600960579
3.377195568232393,3.39224634829981,3.408442217149921,3.4253865202125446,3.443137637657176,0.009548364402239086,0.009546165069255352,0.009549081325531,3.361504077911377,3.362870552804304,-0.0017819745296323575
3.3621361753478043,3.3765575746677365,3.391707735392184,3.4080152767577405,3.425070428768013,0.009547639633981378,0.009542867884318098,0.009549081325531,3.3457961082458496,3.3485440107454902,-0.0035834483967622788
3.350590556385406,3.3639141206489374,3.378058568316096,3.3928975227289104,3.408896152881994,0.009553098997273059,0.009562957199473558,0.009549081325531,3.3457961082458496,3.338138318876393,0.009986268814964117
3.338880733332393,3.3512355321278444,3.3644586281161404,3.378490181128009,3.3932170734664244,0.009550538794899184,0.009558655668881217,0.009549081325531,3.3300881385803223,3.32731016313819,0.0036226655223945414
3.326882513890466,3.3385092112144914,3.3509218822428677,3.3642100083690023,3.3783061119313453,0.009548241786815332,0.00954733801343019,0.009549081325531,3.314380168914795,3.3159803520718194,-0.0020867457158018077
3.314507899046542,3.325603314010253,3.337429273100558,3.3500658515102852,3.3635762337349293,0.009546190682490463,0.009537221072100279,0.009549081325531,3.298672199249268,3.3041818418900535,-0.00718494200228692
3.302108292962195,3.312706494523207,3.3240825153974223,3.3362237870325555,3.3491733526051073,0.009545010642341362,0.00953067100832135,-0.0614344589412212,3.28296422958374,3.290723060184487,-0.01011803332928718
3.2920213252501296,3.3032361663054832,3.313658678329622,3.3248372795740373,3.3367825875190786,-0.061431910254905,0.00955472763070523,-0.0614344589412212,3.28296422958374,3.2781063655691254,0.006334979140321106
3.2798048025189606,3.2934968496339176,3.304481847332146,3.3146460879117634,3.325568322424233,-0.061431124658317404,-0.0614191981420129,-0.0614344589412212,3.267256259918213,3.2609010278796653,0.008287647055367664
3.2596483066728026,3.2787164955982986,3.2925780689637034,3.3037535607015895,3.31410689045633,-0.06143691821820742,-0.061440500769338484,-0.0614344589412212,3.235840320587158,3.240527768037001,-0.006112744557434713
3.240925761402338,3.2599940651157038,3.279008395032061,3.2928094478574566,3.3039248653851008,-0.06143367762138828,-0.06143393939901077,-0.0614344589412212,3.220132350921631,3.218643134506053,0.0019420376732921518
3.2176319595977065,3.2400472988643645,3.259252441237298,3.278420534650303,3.2923742169899723,-0.06143644402710265,-0.06144124585616426,-0.0614344589412212,3.1887166500091557,3.19250027658106,-0.0049341017648218966
3.1940865853187446,3.219010072116335,3.2412107419330956,3.2601746635476263,3.2791033151685904,-0.0614313447825798,-0.061424571148479094,-0.0614344589412212,3.173008680343628,3.1670730110132244,0.007740509260617312
3.1678070239510094,3.194724262206204,3.2195484176757696,3.241637470407329,3.2604905980956653,-0.06143301796527573,-0.0614258509929338,-0.0614344589412212,3.141592741012573,3.1388462024734936,0.003581669701088419
3.138784608632325,3.167753514037354,3.1946790875653024,3.2195126092526327,3.2416109591275273,-0.06143457985904015,-0.061433478970238244,0.0867706313729286,3.1101768016815186,3.1104072742656252,-0.00030055164334452655
3.1118963368576837,3.1400782381449077,3.168845634070788,3.195544774497013,3.2201535329922653,0.08677355462300503,-0.06142343482844276,0.0867706313729286,3.094468832015991,3.0888970394961865,0.007265989595626188
3.089430178346877,3.1123595035205467,3.1404692570466963,3.169155581643369,3.1957742486290948,0.0867716780033351,0.0867775449514407,0.0867706313729286,3.078760862350464,3.0767659569138917,0.0026014899325250695
3.0766815352210597,3.0893568366391935,3.11229758629659,3.140420177339351,3.1691192447779044,0.08677046564066097,0.08677104614114561,0.0867706313729286,3.0630528926849365,3.063368782802073,-0.000411941811601757
3.0647784980529518,3.077906231390718,3.090390761119691,3.113117143564785,3.1410269483207918,0.0867733988524401,0.08678101678853645,0.0867706313729286,3.0630528926849365,3.057778003011531,0.006878808453258056
3.0592509505024053,3.0660581275022727,3.0789865321595102,3.09124707931662,3.113751131027211,0.08677352298667823,0.08678442326802994,0.0867706313729286,3.0630528926849365,3.057541399846766,0.007187354783253941
3.0582514505384766,3.0598678100858274,3.0665788984821543,3.0793993298538074,3.0915527000118725,0.08677202530744141,0.08677883742861439,0.0867706313729286,3.0630528926849365,3.0603960163696926,0.0034647441725099704
3.059749829906971,3.0576900732778656,3.0593938789125943,3.066203229132048,3.0791211976608452,0.08676936281334179,0.08676718886340135,0.0867706313729286,3.0630528926849365,3.0654708010513088,-0.0031531140060923057
3.0664704055817946,3.0606182406295592,3.0584232111184626,3.0599750126967185,3.066633479866469,0.08677259374444725,0.0867768444485242,-0.0121517553925514,3.078760862350464,3.075020529959181,0.00487764326159823
3.0774978952829684,3.068622627330829,3.0624352094491867,3.0598634613788036,3.0610413226397832,-0.012146891958058658,0.08679113582083932,-0.0121517553925514,3.094468832015991,3.0851989963129656,0.01208848490534109
3.0896641815963917,3.0813770441465542,3.071897518747102,3.0650311060677335,3.0617853706828635,-0.01214298957351156,-0.012113471854113938,-0.0121517553925514,3.1101768016815186,3.093468917073832,0.021788197477359716
3.098755676137543,3.094257076204857,3.0852545006861325,3.0749710485348802,3.067306637941088,-0.012141376702683426,-0.012103420322467102,-0.0121517553925514,3.125884771347046,3.106102711974732,0.02579712669996237
3.1090289941340834,3.1012978963126194,3.0964032931515137,3.086955734897078,3.07623058169003,-0.012146010667922928,-0.012119474665538381,-0.0121517553925514,3.125884771347046,3.1149351731681185,0.014279007368200869
3.1194546867945867,3.11295534097867,3.104612633650841,3.099030774296355,3.0889010282583134,-0.012142882918939887,-0.012112183938327453,-0.0121517553925514,3.141592741012573,3.124681569950045,0.02205329659233124
3.130688314331332,3.124673071735299,3.117360854829806,3.1081047367637256,3.1016162029360927,-0.012139963265030872,-0.012097924869307074,-0.0835575014352798,3.1573007106781006,3.134824601486634,0.029310347604452502
3.1393852535747966,3.134650400390935,3.1280179811686364,3.120012252382775,3.11006773698084,-0.08354854820078428,-0.012105828630706103,-0.0835575014352798,3.1573007106781006,3.140235607219199,0.0222540347186162
3.1450398450707326,3.143558955810927,3.138173962416484,3.130810990641229,3.122080097016245,-0.0835480700059084,-0.08351259042564572,-0.0835575014352798,3.1573007106781006,3.1393241550468596,0.02344262922883722
3.1412159735726113,3.1466833705279003,3.144946468278579,3.1392737970262887,3.1316252689735817,-0.08355378751574448,-0.08353391051021852,-0.0835575014352798,3.141592741012573,3.1345139114409815,0.00923126656880413
3.138278126284927,3.14448615136084,3.1494441506745163,3.147134846131823,3.1408939939659124,-0.08355011172487482,-0.08352561389172447,-0.0835575014352798,3.141592741012573,3.1275077561218834,0.018367761058319942
3.130243512222299,3.140654826129246,3.1464926311822983,3.1510346199517034,3.1483123728791553,-0.08355213074148074,-0.08352963569813912,-0.0835575014352798,3.125884771347046,3.1156480858929885,0.013349321558277616
3.1182317491742055,3.132488080777701,3.1425497568353924,3.1479946792160205,3.152146682762884,-0.08355242932217688,-0.08353279306791613,-0.0835575014352798,3.1101768016815186,3.1005092189883823,0.012607173546664185
3.100361084932513,3.1181030570779074,3.1323794351298204,3.142463637073207,3.147930919214553,-0.0835577922443381,-0.0835535380456073,-0.0835575014352798,3.078760862350464,3.0793151521626076,-0.0007228309370246322
3.081092451212867,3.101905121104238,3.1194065777684035,3.1334126922741183,3.1432286238238056,-0.08355401233441044,-0.08354448988055467,-0.0835575014352798,3.0630528926849365,3.05640257347975,0.008672460430053874
3.057056403155996,3.0816604685480047,3.1023846580234316,3.119786690605372,3.133694114266328,-0.08355621787093453,-0.0835491186840118,-0.0835575014352798,3.031636953353882,3.0291904455181715,0.0031904096243176028
3.0291015877233782,3.056979207565709,3.081595297763151,3.102332999327455,3.1197484443486743,-0.08355767587627161,-0.08355688293555107,0.0385747328400611,3.000221014022827,3.000553503200245,-0.00043358809488758254
3.0025802707210647,3.0308623506987296,3.0584656953899323,3.082773586819465,3.1032053625348426,0.03857871168443051,-0.08354250634199294,0.0385747328400611,2.9845130443573,2.9769292609944573,0.009889760039348161
2.9758707285364605,3.0016606661087435,3.030085993472657,3.057850303048088,3.0823179722703387,0.03857265478430627,0.03857078899756992,0.0385747328400611,2.953097105026245,2.9570579346534824,-0.0051651863846804424
2.9572499393837655,2.9760375334692917,3.0018014877327466,3.0301976180522545,3.057932945907036,0.038575109773741026,0.03857409186197195,0.0385747328400611,2.9373891353607178,2.9366706897254145,0.0009369010946800316
2.9370628302675836,2.95759061316144,2.9763251402793136,3.0020294640075926,3.030366403558041,0.038575502669936604,0.038578044786926,0.0385747328400611,2.9216811656951904,2.9202138494445355,0.001913478395481949
2.9201645404825523,2.9370199928954026,2.9575544485935454,2.976296473838942,3.0020082403971946,0.03857463603927673,0.03857513361232078,0.0385747328400611,2.905973196029663,2.906157700903404,-0.00024060667876124597
2.9053869914218606,2.919494983315332,2.9364547330673467,2.9571063860810116,2.9759647443295743,0.038573219823373396,0.0385688675908587,0.0385747328400611,2.890265226364136,2.893149076477026,-0.003760733164618113
2.8914774714382614,2.903934777375882,2.9182689815605634,2.935482922584189,2.956386892247544,0.03857145123216673,0.038560708536471734,0.0385747328400611,2.8745572566986084,2.8808120887659308,-0.008156718786998862
2.8811511202312277,2.8917720064776486,2.904183432507768,2.9184660821462014,2.9356288488305067,0.03857539840896473,0.03857398874541457,0.0385747328400611,2.8745572566986084,2.873288664637809,0.0016543287787729177
2.874780899671061,2.8824475058157026,2.8928664532679305,2.9050509637816155,2.919108371370995,0.038577662318108726,0.03858656718399996,0.0402576848864555,2.8745572566986084,2.8689735934997556,0.007281469753968928
2.8676721910532494,2.8736503007146927,2.8814930209666643,2.8921098651319816,2.9044908129006317,0.0402551300409967,0.03856792184771938,0.0402576848864555,2.858849287033081,2.8637188905375752,-0.006350288219225231
2.8630756274364346,2.867113353475548,2.8731785136163723,2.8811190511528504,2.891832991215096,0.04025642206585978,0.04025031547713443,0.0402576848864555,2.858849287033081,2.8612562567295323,-0.0031388492499018206
2.8607331532832,2.862621179074144,2.8667296948191927,2.872874400263557,2.880893896469074,0.04025665795703184,0.040252506848362506,0.0402576848864555,2.858849287033081,2.860806641871556,-0.0025525214445369926
2.8632233553001876,2.8628326834382163,2.864393664102345,2.868134684269612,2.8739146043601203,0.04026242925230862,0.04027474607854591,0.0402576848864555,2.8745572566986084,2.8655143689946425,0.011792529556311493
2.866503421306912,2.864082598737948,2.8635580819876827,2.8649686632098885,2.8685603931082144,0.04025962654240928,0.04026983190841015,0.0402576848864555,2.8745572566986084,2.8708564087258046,0.004826152942668305
2.8735674925554826,2.8688586870102224,2.866070983227963,2.8651342077023716,2.8661355704949423,0.04026300714493848,0.040279917907188025,0.0402576848864555,2.890265226364136,2.880120859912835,0.01322893141253445
2.8806319583884665,2.8740115115479945,2.8692335408862593,2.8663681173266444,2.8653541951952204,0.04025868824834634,0.040266832510090736,0.0102453455328941,2.890265226364136,2.888352791871056,0.0024939423138317096
2.8903230888634774,2.8823436623501024,2.8754565823117857,2.870379000027483,2.8672161744353946,0.010249213517265189,0.040273435123584216,0.0102453455328941,2.905973196029663,2.8986007147768835,0.009614207974587341
2.8985853291670236,2.8903097225489316,2.8823323781147425,2.8754476376767766,2.870372377738628,0.010245315328666663,0.010249098362204844,0.0102453455328941,2.905973196029663,2.9060307660917846,-7.507520621308217e-05
2.9074409379343975,2.899810422002709,2.891343981906541,2.8831522008287958,2.8760546051848666,0.010248113908762692,0.0102558698939464,0.0102453455328941,2.9216811656951904,2.9164045675412806,0.006881036425948839
2.915663011051005,2.9067967075533616,2.899266543791496,2.8909128678847527,2.8828330193777063,0.010243889747839512,0.0102425636586806,0.0102453455328941,2.9216811656951904,2.9244559307907396,-0.003618479016025855
2.925276890675632,2.9163762234716297,2.9073988224286658,2.8997438200642334,2.8912662262206075,0.010246957198554795,0.010250034300180799,0.0102453455328941,2.9373891353607178,2.9343172576773355,0.004005933675232942
2.9330251148690936,2.9241543360697153,2.9154285298995357,2.9066476175102394,2.8991876547255737,0.01024280886547456,0.010237286032808738,0.0102453455328941,2.9373891353607178,2.942224091038122,-0.006305105138509681
2.9424945837966483,2.9332601066130515,2.9243527230025825,2.9155857845693043,2.906764043261086,0.01024587655018058,0.01024483339425275,0.0102453455328941,2.953097105026245,2.952084971932138,0.0013198891568619864
2.950580110613893,2.941187229072939,2.932156399353222,2.923477851265028,2.914938060726894,0.010242391267581806,0.010234613272514407,-0.0517766736447811,2.953097105026245,2.9587280134118696,-0.007343080633106958
2.9564545440807244,2.9486050243828594,2.9395198032607643,2.9308346868207105,2.9224993024293857,-0.051781136801287375,0.010225375270139541,-0.0517766736447811,2.953097105026245,2.961604000223827,-0.011093559528107644
2.959808209215146,2.9548944429408186,2.947287941174335,2.9384757955631766,2.930061740743749,-0.0517801990480995,-0.051794577569892405,-0.0517766736447811,2.953097105026245,2.959816617666389,-0.008762693290789603
2.958517520908015,2.95867961333523,2.9539416491477595,2.94653269348176,2.9379166370986756,-0.051779223963833124,-0.051789922261346724,-0.0517766736447811,2.953097105026245,2.95795808107884,-0.006339037445706186
2.957723875249222,2.9583140535891603,2.95850784024803,2.953805490381088,2.9464318863854277,-0.05177713342545988,-0.05178097689964059,-0.0517766736447811,2.953097105026245,2.9539734592483717,-0.0011428244388884679
2.9518913955028983,2.9559150734415693,2.9567870099716216,2.95729740397419,2.9529093265199995,-0.05178076104381692,-0.05179271682959129,-0.0517766736447811,2.9373891353607178,2.94517982680959,-0.010159582003284484
2.9453480020971994,2.9520374985052156,2.9560384178877372,2.9568847809783585,2.957369790141718,-0.05177634349182113,-0.05177950231988138,-0.0401706658303737,2.9373891353607178,2.936759855023871,0.000820623589986802
2.935741740020373,2.9444635103218015,2.951290784567474,2.955446522786613,2.9564465629485066,-0.04017266454068826,-0.051783963670399356,-0.0401706658303737,2.9216811656951904,2.9254907607995495,-0.004967966465627693
2.9271298407578534,2.9371656977632203,2.9456656572754696,2.9522436861496506,2.956152017143959,-0.04016744807402221,-0.04016039669084482,-0.0401706658303737,2.9216811656951904,2.9155480363695694,0.007998010283082113
2.9163540656153266,2.9278300821217007,2.9377568620913825,2.9461342534166595,2.9525906180255834,-0.04016908347576563,-0.04016141527146961,-0.0401706658303737,2.905973196029663,2.902957185993411,0.003933078531875633
2.9033997705287096,2.9167385628283573,2.9281546859631145,2.938014164672502,2.946324751074031,-0.040169796971479835,-0.040165770909716264,-0.0401706658303737,2.890265226364136,2.8886091581663917,0.0021596235415581866
2.889079773454173,2.9038086195781676,2.9170837252053903,2.928428284606092,2.9382167273530646,-0.04016974194296742,-0.04016627460659746,-0.0401706658303737,2.8745572566986084,2.872796302690262,0.002296401644092505
2.87681548965691,2.8925714593674274,2.906756403390483,2.9194203345942,2.930158226889703,-0.040162775571985616,-0.04013965995584424,-0.0401706658303737,2.8745572566986084,2.85951821401773,0.01961191613991975
2.862812442624428,2.8796773648860285,2.8949875385002146,2.908671548307893,2.920838239609791,-0.04016419877245578,-0.040138119604659434,0.0571868494153022,2.858849287033081,2.8465229023618015,0.01607442891221389
2.8485014534120032,2.8645313173341576,2.881128489405993,2.896137796250975,2.909523158136057,0.05719073360360935,-0.04014939011893739,0.0571868494153022,2.8431413173675537,2.83573795098097,0.009654484251940598
2.8385100198296285,2.8509097001120827,2.866564429937902,2.882740069596701,2.897330952766004,0.05719229139639614,0.057211481416563036,0.0571868494153022,2.8431413173675537,2.8327687564304167,0.013526512263576596
2.8361635470016395,2.841459258696681,2.853399534194222,2.868538037930659,2.884201258588877,0.05719351389122797,0.05721770002931042,0.0571868494153022,2.8431413173675537,2.8304386487141877,0.016565128357523662
2.833409433583867,2.8387444290971597,2.843638115172227,2.8551266406653144,2.8698167259847898,0.05719268150533227,0.057215749013141186,0.0571868494153022,2.8431413173675537,2.832025198405794,0.014496161591230017
2.833805084702537,2.8349557174370705,2.840049847346383,2.844672876447703,2.85589274102101,0.05719034359531902,0.05720600323360808,0.0848955735564231,2.8431413173675537,2.836481317172003,0.008685085088099953
2.839748751421835,2.8366436822192234,2.8373521448412657,2.8419494149974605,2.8460792486106827,0.08490198801305605,0.05721479901773279,0.0848955735564231,2.858849287033081,2.846623161812245,0.015943683892330363
2.849993941845568,2.84267713103112,2.8391159063032383,2.8393117939789727,2.843400269351037,0.08490219089611221,0.08492721693681575,0.0848955735564231,2.8745572566986084,2.8619444309680158,0.016447967185459156
2.864623419645443,2.8523213247477233,2.8446419760413737,2.840673373061599,2.840464886838015,0.08490083280737587,0.08492224204167131,0.0848955735564231,2.890265226364136,2.8802409539439306,0.013072320774695445
2.8815409153607487,2.8657527667010902,2.8532747527053997,2.8453977264149777,2.8412329036932116,0.08489812557292753,0.08491056249224145,0.0848955735564231,2.905973196029663,2.901108984587583,0.006343256609690151
2.903781706422751,2.8838628539168165,2.8677130154344557,2.8548285761491843,2.846548121893804,0.08490082050463775,0.08491812981370969,0.0848955735564231,2.9373891353607178,2.927388312287107,0.013041741260512829
2.9303287536045346,2.9063362274271265,2.886019455584891,2.8694224812658686,2.8560942037026438,0.08490134607757278,0.08492282851734811,0.0848955735564231,2.9688050746917725,2.9578024956029245,0.014348098013425403
2.9601295699454453,2.9323504094190818,2.9080429686496325,2.887372332124926,2.870424102821581,0.08490014194749403,0.08491876328682114,0.0989787802100181,3.000221014022827,2.9915135389416343,0.011355129093418181
2.9956969073576887,2.9637638891969518,2.935418608485243,2.910475027172642,2.8891729415444205,0.09898699278087116,0.08493145276629085,0.0989787802100181,3.047344923019409,3.031691544194051,0.020413051504910573
3.0362964022703416,2.9996973975590513,2.9671412205348413,2.938095705794844,2.912457054573285,0.09898782022740568,0.09902145827911857,0.0989787802100181,3.094468832015991,3.0772383180529967,0.022469741064013338
3.0813842696883227,3.039898215533131,3.0027381541147107,2.9695515262999232,2.939880210247927,0.09898691932619724,0.09901885099674837,0.0989787802100181,3.141592741012573,3.12607936875248,0.020230473592520948
3.128988431747412,3.0839115306404667,3.0420318034643783,3.0044293777285915,2.9708036479659174,0.09898449113088038,0.09900869248486845,0.0989787802100181,3.1887166500091557,3.1778314827091063,0.014194985198693999
3.1821996935047996,3.1327833336089124,3.087115298262918,3.0445713226363442,3.0063095471812455,0.09898735565379757,0.09901718542004827,0.0989787802100181,3.251548290252685,3.2352032659627876,0.0213150033868863
3.2398890213897333,3.186270463626466,3.136219997319916,3.089839426355272,3.046588169951734,0.09898797904086842,0.09902242663596024,0.0989787802100181,3.314380168914795,3.29684695226109,0.022864485590743833
3.3009852321319135,3.2434841697742116,3.1893055934960817,3.138625842999634,3.0916206287201686,0.09898690426538899,0.09901895239016002,0.0989787802100181,3.3772120475769043,3.3617273816185453,0.020193038657715157
3.3651229027987757,3.3039351057186743,3.245974539705373,3.1912796262383916,3.1400873464612347,0.0989854461202374,0.09901231836661588,-0.0054494366049766,3.4400439262390137,3.427338523783976,0.016568693417498004
3.4304809782149026,3.3678529235618213,3.306239869438126,3.2478014486270386,3.192632204468639,-0.005443267502210654,0.09900896611930954,-0.0054494366049766,3.502875804901123,3.4911173306869117,0.0153338357444599
3.4951504263777897,3.4339847473919787,3.370810908420387,3.3085845648542573,3.249537377516985,-0.0054415190417059734,-0.005413081413918093,-0.0054494366049766,3.5657076835632324,3.550616597048846,0.01967978477491439
3.554839600048448,3.498819178343723,3.437082015567081,3.3732660090513664,3.310402233828966,-0.005441146225574738,-0.0054099115740988786,-0.0054494366049766,3.628539562225342,3.612737878233154,0.02060645134801975
3.6175885425042686,3.559053635435686,3.5023767908001777,3.4399020156745417,3.3753538365885865,-0.005439914033677838,-0.005404840967483141,-0.0054494366049766,3.691371440887451,3.673221166314697,0.02366917033156657
3.6788773856535517,3.6225024073111673,3.5632020644449205,3.5056651113789434,3.4423365709915403,-0.0054383326099513365,-0.0053975795220641085,-0.0054494366049766,3.754203319549561,3.733038809225627,0.027599935077199156
3.7394435351641206,3.684441518778801,3.6271998119356534,3.5669255395867396,3.5084218396197255,-0.0054368631808042606,-0.005390395829500949,-0.0054494366049766,3.817034959793091,3.7930696783698528,0.03125232765910946
3.800153210285433,3.7455973838929717,3.6896367786380804,3.631317920229004,3.5699744401429365,-0.005435530584286847,-0.005383845812456048,-0.0054494366049766,3.8798668384552,3.8533615925699576,0.03456461096624741
3.8608654267010105,3.8066721983664102,3.7511009051188737,3.6939992353807467,3.6345477276652427,-0.005434705468881994,-0.005379367424031312,0.0768063589930534,3.9426987171173096,3.914620779289687,0.036615506301965084
3.9217214462489602,3.867034161572552,3.8118800255446126,3.755228975104552,3.6970555112187755,0.07682029865236792,-0.00538155985166952,0.0768063589930534,4.005530834197998,3.978961472197837,0.03464822266252998
3.9877020374469794,3.9293148497924055,3.8734447358916153,3.8169614728607306,3.7589910975269794,0.07682351801522529,0.07688571824430428,0.0768063589930534,4.084070682525635,4.051365129156846,0.04265022605421187
4.058090947985116,3.993545121397205,3.9342477528972033,3.877354882782512,3.8198564062090634,0.0768195627700528,0.07687385804594887,0.0768063589930534,4.146902084350586,4.1217353336466305,0.03281912384940533
4.12936241118073,4.06471700430101,3.9991390327720326,3.93868185888014,3.8806377367617144,0.07682133207417388,0.07687664835728031,0.0768063589930534,4.225441932678223,4.196902841185959,0.03721688148192115
4.2013113373869,4.1331923111608,4.067950318363189,4.001701972416078,3.9405793680153045,0.07681501352304092,0.07685432788328896,0.0768063589930534,4.288273811340332,4.271778046631048,0.021511578961981748
4.276489596147485,4.205404516234428,4.1366478929764074,4.070689442202737,4.003729922048043,0.0768156084615159,0.0768502775635197,0.0790048167109489,4.366813659667969,4.349183926376448,0.022990349732972426
4.353666505121009,4.280383855655023,4.208692164500183,4.139253901521801,4.072618838016911,0.07901361667592516,0.07684915874847481,0.0790048167109489,4.4453535079956055,4.428580540323471,0.021873070140412842
4.43550657930773,4.359683531190378,4.285463605806156,4.212718712120927,4.142235013820442,0.07901841354972382,0.07906545527344949,0.0790048167109489,4.5396013259887695,4.513685389069675,0.03379611271341165
4.518773542431589,4.439926934361053,4.363415324769351,4.288421673449142,4.2149087599388855,0.07901480550845369,0.07905649631750347,0.0790048167109489,4.618141174316406,4.5991022601749,0.02482801568301518
4.602300946140046,4.521552414581133,4.4422729398559415,4.365274924663567,4.289798454909925,0.07901109620453226,0.07903874637779197,0.0790048167109489,4.696681022644043,4.684712140591095,0.015608221619683782
4.689241015389381,4.606235425542794,4.524874017663839,4.444905863246228,4.367224247269296,0.07901370756192506,0.07904499299870855,0.0790048167109489,4.790928840637207,4.773982641828103,0.022098975113431507
4.7790857539079985,4.6936743658931,4.6099781902627175,4.527840781762394,4.447102349609832,0.07901483487462924,0.0790519022896522,0.0790048167109489,4.885176658630371,4.866081771775965,0.024901007839153166
4.867971765001212,4.780727693627525,4.695060539634457,4.611076963709075,4.528654274447164,0.0790085270471494,0.07902898070868387,0.0790048167109489,4.963716506958008,4.956644507318053,0.009222359881772668
4.958926535047814,4.869954286377745,4.782401396407929,4.696387227709217,4.612059196258803,0.07900929666885731,0.07902560710074011,0.0790048167109489,5.057964324951172,5.049425405833546,0.01113532085877722
5.051785196532574,4.960976613337379,4.871685022688539,4.783773293049894,4.697402931070269,0.07900944932906587,0.07902695874678765,0.0491671934723854,5.152212142944336,5.143382249402406,0.011514770942764763
5.1457558671451755,5.053847287125685,4.962717490787674,4.8730649578717555,4.784794947860287,0.049171853235034015,0.0790272148968202,0.0491671934723854,5.2464599609375,5.237578329195109,0.0115822410118529
5.243352959339359,5.150772601847057,5.058082561921951,4.96607465110988,4.875550479680433,0.04917852992533269,0.049215074003582965,0.0491671934723854,5.356415271759033,5.3348076904431325,0.0281777292442138
5.339613674088846,5.247528178241669,5.154297444286747,5.0608765863359,4.968143247169743,0.04917662832900896,0.04921450076703383,0.0491671934723854,5.450663089752197,5.432680001687061,0.023451147958951424
5.436699714853237,5.343105817140198,5.250476347983394,5.1566343595888595,5.062606755106814,0.04917508476378098,0.04920671425452256,0.0491671934723854,5.544910907745361,5.529869896124685,0.019614483768924273
5.533223894065916,5.439613514948048,5.3455657327698365,5.25242624062202,5.158077990578367,0.04917377786634593,0.04920018808037623,0.0491671934723854,5.639158725738525,5.6266086954442605,0.016366077742270946
5.6293631956907495,5.535616877967519,5.4416337422489915,5.347167099213059,5.253611835242564,0.04917260096371517,0.0491943941854257,0.0491671934723854,5.7334065437316895,5.723099721203853,0.01344078498706569
5.725324262628957,5.631295775593587,5.537248418688855,5.442927009873222,5.348124588452765,0.04917156057617647,0.04918925075559106,0.0491671934723854,5.8276543617248535,5.819330545561248,0.01085481223963125
5.821143294168308,5.726899095755176,5.632625295977693,5.538302284918507,5.443707254855835,0.049170752165977175,0.04918512826553943,0.0491671934723854,5.921902179718018,5.915119214929988,0.008845439129713029
5.91657836567839,5.822410937638439,5.727969277608262,5.633473593249429,5.538930333973894,0.04917005800108924,0.04918167331853575,0.0491671934723854,6.016149997711182,6.010690129691817,0.0071200325714189105
6.012489955763873,5.918141972296907,5.823730980274977,5.729015631145206,5.634248276102213,0.04917072679712993,0.049183528970509885,-0.0944758579134941,6.110397815704346,6.103663204614983,0.008782382677024358
6.107130460670785,6.015502149331416,5.920684954586425,5.825746717069663,5.730508010800299,-0.09446905117710563,0.04919667780485585,-0.0944758579134941,6.20464563369751,6.191671812812481,0.016918728978344788
6.195584990536744,6.110530050600105,6.0183721830088786,5.922959934050299,5.827431030754163,-0.09446817576692586,-0.09443976262623979,-0.0944758579134941,6.2831854820251465,6.26854310601691,0.01909463630472974
6.2697925128455045,6.196670418077072,6.111446400412863,6.0190985427802355,5.92349770492788,-0.09447340514312257,-0.09445882446268417,-0.0944758579134941,6.346017360687256,6.341342315018334,0.006096571806776474
6.345377881444788,6.273298428484708,6.199630215042015,6.11379253222496,6.020835535126543,-0.09446793549980415,-0.09444320056237458,-0.0944758579134941,6.424557209014893,6.4094568774720715,0.019691840909482394
6.410503587800207,6.3462872155310945,6.274066115031033,6.200238734426752,6.114243058281688,-0.0944738030663285,-0.09446010129679892,-0.0944758579134941,6.471680641174316,6.467764047736395,0.005107499439197305
6.470873130466454,6.413204616755012,6.348567503514428,6.275873622857349,6.201576948777715,-0.09446975432431208,-0.09445053284092554,-0.0944758579134941,6.534512519836426,6.522878916258453,0.015170996094476585
6.525395338303857,6.473059282909885,6.4150502308635255,6.350030459934792,6.276956743631745,-0.09447091780488097,-0.09445091992417232,-0.0944758579134941,6.581636428833008,6.572220450213952,0.012279065028987901
6.57233824952386,6.525497676959513,6.473145680209072,6.415118715105689,6.350081163226,-0.09447562665602814,-0.09447003612474189,-0.0944758579134941,6.613052368164063,6.612611585273348,0.0005748103301526086
6.61198435090487,6.571793336976397,6.525037645780752,6.472781028918517,6.4148487402911885,-0.09447708926731721,-0.09448032125131628,-0.0944758579134941,6.644468307495117,6.6468153006847155,-0.003060635879034379
6.645953706929672,6.611235837635296,6.571161420087487,6.524536746451091,6.472410180913556,-0.09447754934945099,-0.09448353794772439,0.0876394584774971,6.675884246826172,6.6791081688191545,-0.004204209610256804
6.677410954561302,6.644479244764788,6.609991053365033,6.570174721334075,6.523806229873143,0.08763612659491848,-0.09449025231098865,0.0876394584774971,6.707300186157227,6.713650843112038,-0.008281680840598327
6.71254539152686,6.676450588756033,6.643668475742315,6.60934838394601,6.569698911809524,0.08763728831255704,0.08762785273738795,0.0876394584774971,6.754424095153809,6.758560487341851,-0.0053941316901031655
6.758589694398204,6.712570765282319,6.676472010025717,6.643685455664538,6.609360955275033,0.08763951581526797,0.08763750691554824,0.0876394584774971,6.801548004150391,6.801438716831659,0.00014251796311715026
6.798101480888407,6.75569045636102,6.710123143369473,6.674531862204184,6.642249039390171,0.08763290698981743,0.08761453795544084,0.0876394584774971,6.832963943481445,6.845451253527778,-0.01628428634977297
6.845283518361659,6.797955760243521,6.755567434712227,6.710025628233392,6.674459665474167,0.0876391291885607,0.08763165156001305,0.0876394584774971,6.895795822143555,6.896423455628457,-0.0008184759850546897
6.894990887958859,6.844038969055237,6.7969050751618045,6.754734591877429,6.709409021092113,0.08763664613530817,0.0876284069995838,0.0876394584774971,6.942919731140137,6.948280130271878,-0.006990318498257153
6.945461241701337,6.892541966424612,6.84197151756171,6.79526627568455,6.753521283173098,0.08763392458236524,0.08761554789569295,0.0876394584774971,6.990043640136719,7.000591391678708,-0.013754972513590147
6.999253207924471,6.9442986888261435,6.891560505138691,6.841193546108764,6.794690293358048,0.08763683142489186,0.08762390881877986,0.0876394584774971,7.052875518798828,7.057882751047997,-0.006529765294741807
7.057628290120282,6.999032143902281,6.944112060085104,6.8914125707933325,6.84108402079381,0.08763895893306535,0.08763492688787618,-0.0001888126134872,7.1157073974609375,7.1166595424555075,-0.0012416606683549603
7.117595810830029,7.058441677285763,6.999718829239713,6.944656372527522,6.8918155603191575,-0.00018697458020910983,0.08764596652276443,-0.0001888126134872,7.178539276123047,7.1750359357305715,0.004568589866043915
7.174587790352261,7.117206482610784,7.058112994966998,6.999458293786349,6.944463481366802,-0.00018969238913825592,-0.00019032876691689956,-0.0001888126134872,7.225663185119629,7.227340060947397,-0.002186758080888751
7.228725345593984,7.175791262329672,7.11822248900475,7.058918349168793,7.000054549323813,-0.00018609309486482088,-0.0001793240944442361,-0.0001888126134872,7.288495063781738,7.283311588840646,0.006759597536573736
7.28658121484636,7.2315658472079924,7.178189297228758,7.1201233308631275,7.060325664709428,-0.00018239385411333178,-0.0001616212680456884,-0.0001888126134872,7.351326942443848,7.339092616084191,0.015954378725122176
7.340856795721498,7.288113853471822,7.2328597457551425,7.179214927222656,7.120882670743504,-0.00018534926796561337,-0.00016918968382395545,-0.0001888126134872,7.39845085144043,7.391849622614209,0.008608443297049462
7.395856732031255,7.344337989211743,7.291052779272429,7.2351893336950805,7.18093967107586,-0.00018094606511505365,-0.0001553576764111413,-0.0001888126134872,7.461282730102539,7.4462888793436735,0.019552982855171486
7.452305006689223,7.401083268462409,7.34875038479055,7.294550337300095,7.237778800959236,-0.00017700206582023806,-0.00013591778779378956,-0.0395529828965663,7.524114608764648,7.5016033902833685,0.029356132463377094
7.506535287113325,7.456589613210314,7.40470045914301,7.351617610558633,7.296673129032689,-0.03954330085374155,-0.0001400888149158358,-0.0395529828965663,7.5712385177612305,7.552784286211699,0.024065550531105373
7.557652538695134,7.510764602335441,7.460160125352202,7.407530684398586,7.353713008430958,-0.039543425797005746,-0.039506863955002004,-0.0395529828965663,7.618361949920654,7.6001458635610994,0.02375499329724029
7.605175184024553,7.562021782415619,7.5144532462258935,7.463083989683907,7.409695409304334,-0.03954310959674163,-0.03950578336965031,-0.0395529828965663,7.665485858917236,7.646667086430829,0.024540936261119306
7.652405367934044,7.610160340688657,7.566230398104825,7.517789274767813,7.465553866275878,-0.03954171780137673,-0.03950016088305368,-0.0395529828965663,7.712609767913818,7.691138196385085,0.028000363397416628
7.694690988333977,7.655491871175523,7.612766057387675,7.568295862362436,7.519318470863507,-0.03954600824057033,-0.03951512659212352,-0.0395529828965663,7.744025707244873,7.730731827114629,0.017336107611426677
7.736287097063559,7.6995171529254645,7.6595662610868125,7.615995689656031,7.570686966946839,-0.03954207708012224,-0.03950442929426695,-0.0395529828965663,7.791149616241455,7.770362839572683,0.027107345161375918
7.77464722054216,7.740009171404036,7.702659437415442,7.662057044641196,7.617839776995013,-0.03954457202313277,-0.03951001022326185,-0.0395529828965663,7.82256555557251,7.806534206746046,0.020905949631634613
7.810338242156555,7.777951992618358,7.7427991570647245,7.70487096550043,7.663694381187021,-0.03954551501250034,-0.03951610035829492,-0.0395529828965663,7.8539814949035645,7.839747508932536,0.01856206841912833
7.843616082679893,7.8136990821896575,7.780789312495198,7.745048205395739,7.706536080698692,-0.03954538831420093,-0.039516560304342,-0.0395529828965663,7.885397434234619,7.870921957929732,0.018876987944040913
7.871449284398969,7.844074199811443,7.814085838128787,7.781095880960216,7.745275177757058,-0.03955194767672416,-0.03954144148908706,0.0994999334216117,7.901105403900146,7.8991322473031955,0.002573127993015234
7.902681480247674,7.874532695740102,7.846677306237367,7.81614923331044,7.78262354518584,0.09950690109075569,-0.03952538310517799,0.0994999334216117,7.948229312896728,7.934948749892487,0.01731874118963983
7.935646660357532,7.903287792957118,7.875044562739169,7.847083046044623,7.8164496285977645,0.09950130352306423,0.09951212466801071,0.0994999334216117,7.979645252227783,7.977033802360346,0.0034055050504564477
7.978963670466966,7.937323241551252,7.904703212048543,7.876166517993929,7.847913701713826,0.09950372203810119,0.09951574780446107,0.0994999334216117,8.026769638061523,8.019548434105412,0.009416932275659207
8.021307427478048,7.980491803502753,7.938613336347252,7.905725826936444,7.876923625597324,0.09950338658572877,0.09951688739129935,0.0994999334216117,8.073893547058105,8.067311724260117,0.008583136540067926
8.068029073127347,8.021930627382751,7.981017927168099,7.939030376935842,7.906034588919358,0.09950134168352234,0.09950875565155376,0.0994999334216117,8.121017456054688,8.118333271337507,0.0035003561526085747
8.117605867023945,8.067397137510522,8.02139712877263,7.980595040708068,7.938717286878139,0.09949850541937288,0.0994958973567529,0.0994999334216117,8.16814136505127,8.170863175359843,-0.003549422436867289
8.17166177204305,8.118299651317203,8.067982850590024,8.021861403891787,7.980938773453347,0.09950150118500034,0.09950448259220417,0.0994999334216117,8.230972290039062,8.227984091255765,0.003896810800458894
8.229112079197604,8.172641716404813,8.119126949132168,8.068638621828644,8.022346913536445,0.09950214782875265,0.09950994371803577,0.0994999334216117,8.293804168701172,8.28958344969964,0.005504099487225744
8.290365819045416,8.22979176592188,8.17321552790248,8.119581790266464,8.068975369987884,0.0995014693283372,0.09950800354653352,0.0930396094918251,8.356636047363281,8.353708568228573,0.0038176283231283747
8.353640843264722,8.290306982692638,8.229742094544612,8.173176155067202,8.119552640022995,0.09303947653770564,0.09950096243440383,0.0930396094918251,8.41946792602539,8.419721340118931,-0.0003304689039449471
8.42168564603305,8.35534734245139,8.291747659432517,8.230884070690411,8.17402163349032,0.0930434657148235,0.09305417857214814,0.0930396094918251,8.498007774353027,8.490657710589916,0.009584974070753205
8.493531375108672,8.42418215440721,8.357454968152982,8.293418303657464,8.232120956110563,0.0930452509202438,0.09306497393023296,0.0930396094918251,8.576547622680664,8.565794909829354,0.014022255750669288
8.568792400806169,8.496135458249293,8.426380597886537,8.359197600585219,8.294708486579674,0.09304549400989288,0.09306768592655594,0.0930396094918251,8.6550874710083,8.643871422810005,0.014626475990120014
8.646363362538825,8.570957284132078,8.497963116344037,8.427829321176851,8.360270183657585,0.09304450153803025,0.09306414516980561,0.0930396094918251,8.733627319335938,8.724302948946878,0.012159601778398255
8.72583684678195,8.647695942861048,8.572082287583147,8.498854868858325,8.4284895429445,0.09304262076011396,0.09305598214226833,0.0930396094918251,8.812167167663574,8.806427610086084,0.007484766436167689
8.809920588246639,8.728871386538305,8.650257790459554,8.574112978275714,8.500358319846253,0.09304646672450909,0.09306876428737938,0.0930396094918251,8.906414985656738,8.893344917487262,0.017044241865786347
8.89778370909703,8.813776807493047,8.732126920098224,8.652838342754439,8.57602352718961,0.09304832349618036,0.09307968928249297,0.0930396094918251,9.000662803649902,8.98405367921136,0.021659407620429505
8.988641014670355,8.901768976449473,8.817141287254724,8.734793830394276,8.654812828053451,0.09304861510972362,0.09308265784473203,0.0930396094918251,9.094910621643066,9.077745674022607,0.022384238174051774
9.082654608100134,8.992905672201799,8.905369325607035,8.819995163312191,8.73690673847709,0.093049246455371,0.09308535649372345,-0.0824480578303337,9.18915843963623,9.170790130393053,0.02395350210471392
9.173911404763807,9.085366228595076,8.99519490187443,8.907183921210642,8.82133862520076,-0.08244193030715806,0.09307260793026832,-0.0824480578303337,9.267698287963867,9.256019065556444,0.015230486095044071
9.260269944999319,9.177604374509379,9.08848394213112,8.997666208857495,8.909013588790625,-0.08243971272535122,-0.08241011419565991,-0.0824480578303337,9.346238136291504,9.330332143884789,0.02074247648750216
9.335296464392481,9.26458271972949,9.181245345619494,9.091370017848321,8.999802956420353,-0.08243831213503462,-0.08240255679634693,-0.0824480578303337,9.42477798461914,9.406202429757853,0.024223764233029854
9.413169726664423,9.34134933345879,9.269692729591487,9.185295879098431,9.094368888421194,-0.0824343799961559,-0.08238616473866664,-0.0824480578303337,9.503317832946776,9.477247516632115,0.033997433756495
9.48045677227152,9.415957781263806,9.343703091047557,9.271558474310593,9.18667720996848,-0.08244175758691669,-0.08241036001708534,-0.0824480578303337,9.55044174194336,9.538433310154698,0.015659797116644114
9.54292072879999,9.484355236463573,9.419248979247737,9.346311913335526,9.273489953319451,-0.08243924836391656,-0.08240817107526043,-0.0824480578303337,9.613273620605469,9.596482542933904,0.021896686789265374
9.599606955551929,9.545635075660707,9.486646767814275,9.421065399314376,9.347656725991474,-0.08244192414631457,-0.08241586340050906,-0.0824480578303337,9.66039752960205,9.648706564462815,0.015245799401643723
9.651970155786513,9.602442214510056,9.5480286845557,9.488544101327612,9.422470117401428,-0.08244165091793305,-0.08241749748664697,-0.0824480578303337,9.707521438598633,9.695309692885553,0.015924932053785312
9.696354713149072,9.652878021621936,9.603208661515856,9.548636221398224,9.488993899945116,-0.08244600630101487,-0.0824338293643772,-0.0824480578303337,9.738937377929688,9.735027108396109,0.005099252645550223
9.738083220590458,9.699009723723817,9.655119459537085,9.604985374195765,9.549951636120738,-0.08244205823014678,-0.08242313253862454,0.0306038931012153,9.78606128692627,9.774625889143147,0.014912522499477276
9.775840376721662,9.739138311882531,9.699900462784706,9.655825518524164,9.605508115096457,0.030606277319934937,-0.08243296828235352,0.0306038931012153,9.817477226257324,9.812932841863105,0.005926180777473533
9.811761428898162,9.774822706684853,9.738279164944544,9.699219445814167,9.655321317839688,0.03060159344433214,0.030597509768183862,0.0306038931012153,9.84889316558838,9.85327637286958,-0.005715995056789325
9.851007733255923,9.809790538504908,9.77315882312218,9.73696026023444,9.698242975790128,0.03059943942615869,0.03058461359536978,0.0306038931012153,9.880309104919434,9.888797928221367,-0.011069992569129994
9.885423660374558,9.848076323593714,9.807315756361211,9.771197146296336,9.73550790465286,0.030597268914432534,0.030574184397527234,0.0306038931012153,9.911725044250488,9.924350920724008,-0.016464986225917855
9.92324858274272,9.884465999526022,9.84726783817517,9.806674897078453,9.770722676932138,0.030601729048740128,0.03058901836096646,0.0306038931012153,9.95884895324707,9.962973694914202,-0.0053789386326759114
9.96068642784306,9.921261509665895,9.882788454066528,9.845938104137542,9.805690409406415,0.03059940285770495,0.03058460978080053,-0.0334514528512954,9.990264892578123,9.998823416327062,-0.011160886607436638
9.996315430883639,9.95850760473378,9.919422083196563,9.881330402380271,9.84485861465341,-0.033456376397611204,0.030580631602115146,-0.0334514528512954,10.02168083190918,10.031065242348314,-0.012237898013877313
10.026130366559304,9.992028236379095,9.95488822920153,9.916553125569836,9.879206328441283,-0.03346114074225731,-0.03349331194481798,-0.0334514528512954,10.037388801574709,10.055854179829467,-0.024080086579225224
10.052502516088047,10.023218594310588,9.989570032716696,9.952939693581932,9.915110499268835,-0.03345803266287651,-0.033486226588312074,-0.0334514528512954,10.068804740905762,10.081346037062778,-0.016354687843934457
10.07994285834589,10.051283498560325,10.022189463906416,9.988754275552058,9.952335736061679,-0.033454207498624024,-0.033468534887441635,-0.0334514528512954,10.100220680236816,10.10547111142783,-0.006846912958589968
10.102898690309722,10.0777080564679,10.049396813170135,10.020693951658188,9.987647051603433,-0.033456502894369605,-0.03347346102914959,-0.0334514528512954,10.115928649902344,10.125554166532808,-0.012552316591273538
10.122570628881297,10.100306729180296,10.075519846746497,10.047662292694667,10.01940977453955,-0.03345730997692214,-0.033478833465691374,-0.0334514528512954,10.131636619567873,10.142800457043814,-0.01455838972092316
10.139999805383932,10.120137550741392,10.098252653145655,10.07389164954702,10.046456833538798,-0.0334569509446747,-0.033478271720644985,-0.0334514528512954,10.147344589233398,10.15782410168125,-0.013665984177029245
10.155729330254943,10.13817996372406,10.118601186956326,10.097034829087523,10.07299001603384,-0.03345556519738796,-0.03347262946065195,-0.0334514528512954,10.163052558898926,10.170890800102514,-0.010221590059366292
10.16978506333612,10.15476871669727,10.13736898554173,10.117958351743297,10.096558896815,-0.033453623576088366,-0.033463841189384426,-0.0334514528512954,10.178760528564451,10.18289798784704,-0.005395523252660794
10.182906714768762,10.16979264488679,10.154775117265045,10.137374059057194,10.11796210799326,-0.033451435719057496,-0.03345355825861271,-0.015444777905941,10.19446849822998,10.194435843728133,4.25836514654776e-05
10.192308640106802,10.18105869750038,10.168232494425393,10.153538438306152,10.13645846604773,-0.015448953921228584,-0.033467356976883085,-0.015444777905941,10.19446849822998,10.202428094615414,-0.01037984532201719
10.202016839712774,10.191951360646497,10.180757071685308,10.167993405755302,10.153361425579119,-0.015445585260132812,-0.015452031997662504,-0.015444777905941,10.210176467895508,10.211715306492676,-0.0020067483124410757
10.209742280956261,10.200302765316843,10.190504288692445,10.179610026267664,10.167144174224047,-0.015448651246847456,-0.015460352557417727,-0.015444777905941,10.210176467895508,10.217559158847394,-0.009627522104144859
10.217827522066134,10.209975422653397,10.20049959038584,10.190660305325093,10.179725535419967,-0.015444251069256046,-0.01544664265681234,-0.015444777905941,10.225884437561035,10.224880272804807,0.0013094979120520378
10.223820296498591,10.21690666310448,10.209198006468773,10.199883358643058,10.19020406931344,-0.015446858796183406,-0.015452184562735968,-0.015444777905941,10.225884437561035,10.229850669797104,-0.005172231747447853
10.231219665146423,10.225009617079145,10.217910722473537,10.209993890664506,10.200472602925672,-0.015442090365618081,-0.01543661242028409,-0.015444777905941,10.241592407226562,10.23646988377613,0.006680112721697995
10.236872532493836,10.23156946794666,10.225304930878169,10.218144807820149,10.21016719910922,-0.015443987446962928,-0.015439076702993838,-0.0676173120737075,10.241592407226562,10.240085771356853,0.001964753804948316
10.240417091005359,10.237160367859316,10.231812467017038,10.225497548093497,10.218287414738937,-0.06761666164424068,-0.01544150765354134,-0.0676173120737075,10.241592407226562,10.240352671335636,0.0016166984059058365
10.241693934612796,10.241582319229298,10.238144087753234,10.23259222879281,10.22607485591119,-0.06761467897554335,-0.06760662283167308,-0.0676173120737075,10.241592407226562,10.236573651981065,0.006544792051602855
10.235715053779924,10.24094802374352,10.240952599363164,10.23764492992986,10.232222670137014,-0.06761899762894909,-0.06762110523544244,-0.0676173120737075,10.225884437561035,10.229097150753988,-0.004189592586364199
10.23054431580276,10.236972284622102,10.24200941495023,10.241793928584267,10.238267820088993,-0.06761447107470452,-0.06760816618449937,-0.0676173120737075,10.225884437561035,10.220469417778334,0.00706154747531329
10.22109437239746,10.231087247808196,10.237430643769107,10.242372740877276,10.242062922146879,-0.0676160851953695,-0.06760979354241724,-0.0676173120737075,10.210176467895508,10.20783800509977,0.0030495116756785734
10.208303578512425,10.22149884129628,10.231428712333399,10.237701311248928,10.242573133429142,-0.0676163980842477,-0.06761260056688105,-0.0479016564786434,10.19446849822998,10.192726409971312,0.002271799446438294
10.193414289156308,10.208901176504309,10.222003351074797,10.231828620318613,10.237997388863137,-0.04790030607007707,-0.0676112495870623,-0.0479016564786434,10.178760528564451,10.176186613862725,0.0033565566873345887
10.177317117575972,10.19439641910527,10.209730319456186,10.22266058489158,10.232315212803996,-0.047899437132671134,-0.04789184470751126,-0.0479016564786434,10.163052558898926,10.158822426353339,0.005516375377421667
10.157539793115784,10.176202824450371,10.19345570011753,10.208984643056919,10.222108512671396,-0.04790417447736937,-0.04790903712313091,-0.0479016564786434,10.131636619567873,10.136435992218006,-0.00625870249429461
10.136873264755792,10.157919675508197,10.176523532324662,10.193709914496145,10.20917285431926,-0.04790079804798621,-0.04790090166947062,-0.0479016564786434,10.115928649902344,10.114292458201511,0.0021337032620039054
10.113164632352563,10.135893461212921,10.157092496576679,10.175867855320963,10.193224474619663,-0.04790387056757203,-0.04790923936782199,-0.0479016564786434,10.084512710571287,10.088732823051668,-0.00550330854313863
10.08992882099374,10.114203660693683,10.136770639458785,10.157787806360382,10.176382637894719,-0.047899308557814414,-0.04789491900722133,-0.0279347971081733,10.068804740905762,10.064329541258097,0.0058359592469940935
10.06420292397972,10.089818821690159,10.114110796050495,10.136697028769882,10.157733307630783,-0.027935045676615398,-0.04790025623687721,-0.0279347971081733,10.037388801574709,10.037862579647108,-0.000617838250876801
10.03991682208332,10.065987555905643,10.091325460383578,10.115305058025163,10.137581217756532,-0.02793076432648188,-0.02791967050371928,-0.0279347971081733,10.02168083190918,10.013994242573716,0.010023825894236893
10.014736984903989,10.04056208266794,10.066532303844982,10.09175726380969,10.115624749886633,-0.02793333899513943,-0.02792520520086754,-0.0279347971081733,9.990264892578123,9.987485690292045,0.0036242654088400883
9.990511959899806,10.017366069603659,10.042781633197807,10.068291667128463,10.093059833657652,-0.02792885609339708,-0.027910688592426798,-0.0279347971081733,9.974556922912598,9.96323319048297,0.014766903420195376
9.964821572977515,9.9918918740036,10.018531033623505,10.043705061115087,10.068975340235154,-0.027931678878440506,-0.02791696769354306,-0.0279347971081733,9.943140983581545,9.9371975546425,0.007750628308565766
9.937783962914981,9.965331017679,9.992321962184958,10.018871950104009,10.04395746352245,-0.02793364590201415,-0.027927289849950895,-0.0279347971081733,9.911725044250488,9.909530814643496,0.0028614219639635508
9.912697383649572,9.940534933318602,9.967653467700398,9.994162890445153,10.020234907752668,-0.027928580664930182,-0.027909945415110726,-0.028678186237812,9.89601707458496,9.884168368160125,0.015451504573881891
9.886120753570463,9.91439352684746,9.941966867228558,9.968788513698065,9.995003238033677,-0.028674353416525373,-0.027913967850632007,-0.028678186237812,9.864601135253906,9.857295675776845,0.009526807102552937
9.861630431041304,9.889886590795733,9.917572757250264,9.944486936569243,9.97065428318909,-0.028669676472187877,-0.028641909528463013,-0.028678186237812,9.84889316558838,9.832673325612202,0.02115175468051511
9.835626207553132,9.864195759890698,9.89205231676404,9.919289455608533,9.945757918827724,-0.028672389293878615,-0.02864757534644766,-0.028678186237812,9.817477226257324,9.806428096692128,0.014408802943771448
9.81158843535153,9.840109273893209,9.86798049618002,9.895052350318352,9.921510573491013,-0.028668055729893213,-0.02863376624837426,-0.028678186237812,9.801769256591797,9.782460238626095,0.02518024911047334
9.786084895465345,9.814737371524695,9.842767698307052,9.870087740075885,9.896612478568626,-0.0286710705004086,-0.028640926641032932,-0.028678186237812,9.770353317260742,9.756790532209596,0.01768677758891357
9.762489859143201,9.791036210180048,9.818917416846146,9.846081080076416,9.872540849804889,-0.028666997616203328,-0.028628413345901927,-0.028678186237812,9.754645347595217,9.733319536748887,0.02781028173194855
9.737364093816037,9.766003585440066,9.794002601131618,9.821268775490346,9.847821942182858,-0.0286702461741648,-0.028636725744149945,-0.028678186237812,9.72322940826416,9.708095435432622,0.01973571139693142
9.7108913117783,9.73979302338125,9.768054159126091,9.79562802213678,9.822472179250925,-0.028672697519080675,-0.0286493201717353,-0.028678186237812,9.691813468933104,9.681351824814024,0.013642682682851515
9.686152580343645,9.715061988732334,9.743314031374789,9.770845144103147,9.797694367905933,-0.028668761644753484,-0.028636765807711694,0.0417791232466697,9.676105499267578,9.658141973830833,0.023425636984907072
9.663779753985322,9.691050426030051,9.719196893929505,9.746591632081186,9.773271762808843,0.0417901910428492,-0.028626565142968918,0.0417791232466697,9.66039752960205,9.639302015242468,0.027509959731323974
9.641137597743024,9.665374424154438,9.69239669342846,9.720264034955868,9.747381705249994,0.04178272676657117,0.04180392963465981,0.0417791232466697,9.628981590270996,9.622113185342533,0.008956858779535892
9.627403016980841,9.645733161663847,9.669254134205916,9.69547200949956,9.722540889329707,0.04178950796845599,0.041822319014592435,0.0417791232466697,9.628981590270996,9.609188033901683,0.02581211955195961
9.61310020425921,9.630801731755989,9.64860245651045,9.671528528023341,9.69715588959231,0.041786803415628064,0.04181878897958969,0.0417791232466697,9.613273620605469,9.598635013974343,0.0190897207852192
9.600831136746503,9.615008095335432,9.632412429444688,9.649879202561577,9.67247378527937,0.04178343456044239,0.04180324050539305,0.0417791232466697,9.59756565093994,9.589348172037603,0.010716141348483532
9.593001100983525,9.604004634433581,9.617687255300787,9.634536109716972,9.651451499718942,0.04178629448639948,0.04181077525457405,0.0314907804131507,9.59756565093994,9.58389707697615,0.017824733396823333
9.58503674484135,9.593991192328795,9.604840498630079,9.618349816822818,9.635026646645372,0.031493017749708474,0.0417948244389322,0.0314907804131507,9.581857681274414,9.577593258193579,0.005561092525708133
9.579650289705732,9.586823799788958,9.595499876608294,9.606036382072242,9.61923520628619,0.031494818670210645,0.03150841379770874,0.0314907804131507,9.581857681274414,9.574160655740673,0.01003743539384594
9.576482933349958,9.58166777833771,9.588527022953533,9.596849964501768,9.607035939013464,0.03149533938752491,0.03151219997785288,0.0314907804131507,9.581857681274414,9.573168154667988,0.011331723083511491
9.575332299165709,9.578363043163122,9.583255022268094,9.589785177996848,9.597781457638444,0.03149502894884159,0.03151153713285335,0.0314907804131507,9.581857681274414,9.573759859068359,0.010560101024456259
9.575424213006322,9.57677821378677,9.579583726758338,9.584222617224492,9.5905015508046,0.03149404778606187,0.03150748596418965,0.0314907804131507,9.581857681274414,9.575629981464273,0.008121336511427657
9.576919825156827,9.576544770245624,9.577724221123297,9.580333595054372,9.584777792975586,0.03149331256706614,0.03150370174385788,-0.0535184182226657,9.581857681274414,9.577031328456062,0.006293886435706497
9.57854439677745,9.578234309749712,9.577654496750444,9.57860386411453,9.580984851362894,-0.05351544784579255,0.031504637270827925,-0.0535184182226657,9.581857681274414,9.576196063824595,0.007383127303928205
9.579004078263115,9.580983871362871,9.580293785851547,9.57928697440212,9.579812492364596,-0.053512905675063095,-0.0534944309946527,-0.0535184182226657,9.581857681274414,9.571350618691895,0.013701911392756116
9.574963651114828,9.582142915674755,9.583633770105596,9.58239427173378,9.580842099260046,-0.05351132530571059,-0.053485863590252355,-0.0535184182226657,9.581857681274414,9.56833839260564,0.017630055401101075
9.569936500886945,9.576352014537578,9.583315012857854,9.584562852242213,9.583082131022875,-0.053515280899775204,-0.05349936411228052,-0.0535184182226657,9.566149711608888,9.560169890602637,0.00779808599489229
9.563959212941212,9.573228490918803,9.579131209220977,9.585517987296967,9.586193855973596,-0.05351097922253577,-0.05348691935632364,-0.0535184182226657,9.566149711608888,9.551970779189395,0.01849027491080335
9.554534845741678,9.566186756754313,9.575109048837415,9.580621864427942,9.586621615265408,-0.053513384580839714,-0.05349178822255274,-0.0535184182226657,9.55044174194336,9.540847486528927,0.012511549877579853
9.542807201166152,9.556237356236856,9.567624066123672,9.576248355781514,9.581465366669287,-0.053514571013022816,-0.053498716910245804,-0.0535184182226657,9.534733772277832,9.527400888210446,0.009562570600069265
9.529381636895803,9.544527985080846,9.557690092563732,9.568775601499727,9.577100911517896,-0.05351452972007574,-0.05349974591109509,-0.0535184182226657,9.519025802612305,9.511614213087768,0.009665207773068119
9.51395826505502,9.531418042094643,9.54624717816682,9.559052839278426,9.569784530580852,-0.05351381650200671,-0.0534969854401803,-0.0535184182226657,9.503317832946776,9.494546830782843,0.01143797265239499
9.497484875194145,9.51651070373692,9.533572885804917,9.547955250524028,9.560317435153266,-0.0535126504069972,-0.05349182642916823,-0.0435642004013061,9.48760986328125,9.476616252964904,0.014336402135043613
9.48026627469228,9.500655847222644,9.519187731467115,9.535694875925884,9.549526296353616,-0.04355703486887625,-0.053485331472219254,-0.0435642004013061,9.471901893615724,9.458244197917653,0.017810547411750477
9.459366915735316,9.481241640611065,9.50147927978156,9.519840438846867,9.536178117198673,-0.04356199634019827,-0.04354863178058647,-0.0435642004013061,9.440485954284668,9.436284955097886,0.005478383531672293
9.43902779639881,9.461749770877962,9.483253316916175,9.503073868137099,9.521021015212952,-0.043558815798210644,-0.04354146728360549,-0.0435642004013061,9.42477798461914,9.41451478767564,0.013383894311262523
9.41871421774011,9.442676069276255,9.464829750005013,9.485694713098466,9.504881390826608,-0.043555956299061956,-0.043527384764478615,-0.0435642004013061,9.409070014953612,9.393356536456842,0.020491425490591908
9.395631119582168,9.420690271584615,9.444344311976144,9.466152110057026,9.48667374133446,-0.04355973505825713,-0.04353893196532121,-0.0435642004013061,9.37765407562256,9.369143012816359,0.011098994368103021
9.373394865109578,9.399324934495649,9.423808698636233,9.44681618453908,9.46798219637218,-0.043555853386474525,-0.043527911665368055,-0.0435642004013061,9.361946105957031,9.346036473327068,0.0207472235817594
9.348764408753732,9.375764770710036,9.401325678416868,9.425394621257624,9.447990345104564,-0.043558845060646154,-0.043535435894315355,-0.0435642004013061,9.330530166625977,9.320322744664095,0.013311160009921608
9.322081924279791,9.350292703588977,9.37705500210189,9.402348401579722,9.426151809023933,-0.04356074687156636,-0.04354567831349409,-0.0435642004013061,9.299114227294922,9.292531707610388,0.008584045326673007
9.29699753272756,9.325961629001686,9.353568064277162,9.379651270696549,9.404270586281632,-0.04355543332617799,-0.04352732197872512,-0.0435642004013061,9.283406257629396,9.266695978884021,0.021791319592814773
9.270045867570053,9.299907762889294,9.328418530788959,9.355515567944,9.381093132976519,-0.043557624074421215,-0.043530360765694116,-0.0151286944746971,9.25199031829834,9.239455664065165,0.016346026331616414
9.24184380511184,9.272120575345713,9.301659292135714,9.329806909293808,9.356543473888697,-0.015124006200655153,-0.04353974980561746,-0.0151286944746971,9.220574378967283,9.211638403749674,0.011653108533231205
9.212998642835958,9.243025518651331,9.273118212627258,9.302450085758009,9.330392384697342,-0.01512602412421343,-0.015113825361839351,-0.0151286944746971,9.18915843963623,9.184068680477335,0.006637385897146686
9.188020834499298,9.216432093591052,9.245924138632535,9.275415851495609,9.304151175657701,-0.015120935811892512,-0.015096443851540353,-0.0151286944746971,9.173450469970703,9.158662251977628,0.019284823994000888
9.161209013408293,9.190233344413782,9.21829995945085,9.247404733270042,9.276512030977116,-0.015123694805383997,-0.015101874333738143,-0.0151286944746971,9.142034530639648,9.132505027739773,0.012427108273653786
9.137095663425848,9.165197147847163,9.19360024465404,9.220968788379112,9.249380639055937,-0.015119682377964782,-0.015089335755968868,-0.0151286944746971,9.12632656097412,9.109149264523834,0.022400341872948815
9.111982889481379,9.1395573872595,9.167275407417902,9.195247611331705,9.222188439933179,-0.015123131649858271,-0.015098473842459433,-0.0151286944746971,9.094910621643066,9.084307729308934,0.01382687978949626
9.088958451466377,9.116023224299928,9.14296835659361,9.169979168439223,9.197249379593856,-0.015119564419335669,-0.01508832287753326,-0.0151286944746971,9.07920265197754,9.061800523237801,0.022693538195341034
9.064476714871516,9.09128340442481,9.117986017880316,9.1445241972523,9.171131057392046,-0.015123440714754787,-0.01509953420851627,-0.0151286944746971,9.047786712646484,9.037772906238471,0.013058672395755977
9.042101936577783,9.068237578543512,9.09445843600785,9.12050275895736,9.146387502615587,-0.015120195947947664,-0.015091039675439207,-0.0151286944746971,9.032078742980955,9.015880324599333,0.021123819490426854
9.017792684550066,9.043763307485992,9.069640156665123,9.095570212656398,9.121325878749424,-0.015124940229306796,-0.015105882708008793,0.0675029680132865,9.000662803649902,8.993507111924453,0.009331499951191091
8.99592147834042,9.019890175727767,9.04553407114965,9.071043781647587,9.096609406549534,0.06750770777160667,-0.015106869674232233,0.0675029680132865,8.984954833984375,8.975920728360945,0.011781077136724605
8.977256990637958,8.997082361924035,9.020870227748704,9.046310925525495,9.071618936930031,0.06750559129374778,0.06751770915371301,0.0675029680132865,8.969246864318848,8.964246821876532,0.006520389306389873
8.967788482345554,8.980333823358563,8.99967991448527,9.02292922056804,9.047835330399018,0.06750992081654132,0.06753209918838117,0.0675029680132865,8.969246864318848,8.955994636095378,0.01728179074298275
8.960218904485533,8.971458333624957,8.983432019606388,9.002135750768378,9.024747434193356,0.06751126087683715,0.06754153775508437,0.0675029680132865,8.969246864318848,8.9534404454729,0.02061262591357682
8.957293557250068,8.963566311865726,8.974284313261643,8.985672078909271,9.0037942108107,0.0675105322415178,0.067540099858409,0.0675029680132865,8.969246864318848,8.954829243802084,0.018801540132033168
8.95766413762805,8.959756383418604,8.965645502059953,8.975932417613345,8.986892276610892,0.06750853332910167,0.06753175027398954,0.0675029680132865,8.969246864318848,8.958639224117418,0.013833071325567659
8.960007629105842,8.958852945330046,8.960760009800516,8.966441043041296,8.97652140779226,0.06750565439464368,0.06751877528638872,0.0675029680132865,8.969246864318848,8.96412654988799,0.006677232012624046
8.966822289213955,8.962349564205748,8.960830075733096,8.962327214777817,8.967601345730442,0.06750826014823948,0.06752583091202494,0.0675029680132865,8.984954833984375,8.974867883783721,0.01315405678676207
8.977920913609339,8.969474621967647,8.964588741425706,8.962604996435728,8.963641302784245,0.06750896156232776,0.06753111084034785,0.0675029680132865,9.000662803649902,8.9892389395116,0.014897481856285921
8.991890070625628,8.980224095133826,8.971419035463985,8.966130012808055,8.96374609881579,0.06750817257572261,0.06752880420530402,0.0663816854357719,9.01637077331543,9.006450738664808,0.01293638776093431
9.011349436977625,8.996145835792584,8.983816937096083,8.97426696081945,8.96823851520327,0.06639130230499798,0.06754483734916791,0.0663816854357719,9.047786712646484,9.029456703712205,0.02390355594376281
9.032174975825114,9.01371094753282,8.998139492369996,8.985397241817678,8.975436962092223,0.06638702180591789,0.06641164747116628,0.0663816854357719,9.063494682312012,9.053323418655076,0.013264007165195935
9.056976368250682,9.035348491451696,9.016390122643232,9.000263184647258,8.986969547863099,0.06638885671604007,0.0664143626546041,0.0663816854357719,9.094910621643066,9.081241970412028,0.017824834158473024
9.084982505380493,9.060225974045538,9.038091904117227,9.018564733876552,9.001873189272315,0.06638902865907945,0.06641685310577981,0.0663816854357719,9.12632656097412,9.112330181729545,0.018252213377662585
9.115529561538027,9.087761980309411,9.062572488424479,9.039951907386769,9.019941813982044,0.06638796629147233,0.06641297472155416,0.0663816854357719,9.157742500305176,9.14577102202079,0.015611607278881223
9.148014777388033,9.117478833635493,9.089407613071767,9.06387692633712,9.040917666709756,0.06638609025937282,0.06640475989192561,0.0580285713076591,9.18915843963623,9.180762728510222,0.010948568072597809
9.181815564484111,9.148929433155356,9.118251012901252,9.090019693684557,9.064330089000128,0.058030638180373205,0.0663939703103563,0.0580285713076591,9.220574378967283,9.216634864513574,0.005137389974724016
9.216423698879277,9.181632113433748,9.14877455838997,9.118128248867684,9.089928803571047,0.058028156758291004,0.058029057691099006,0.0580285713076591,9.25199031829834,9.252780460437357,-0.0010303981242572036
9.254390051023806,9.217822037603861,9.18281263205967,9.14971031592194,9.1188210503815,0.058031731172012636,0.05804020389212602,0.0580285713076591,9.299114227294922,9.293091441659616,0.007854114740865725
9.292489497680483,9.253867109610544,9.21738055510197,9.182462683683333,9.149451226620918,0.058027389602610314,0.05802722586504897,0.0580285713076591,9.330530166625977,9.332782527929092,-0.002937229578426681
9.333372985816695,9.293002460502471,9.254300167892573,9.217723825881688,9.182716829129895,0.05802973046381161,0.058031808940829474,0.0580285713076591,9.37765407562256,9.37544469311645,0.0028811823565089156
9.377060552374456,9.334776770476577,9.294187576746939,9.255239569802606,9.218419325563087,0.05803174347834194,0.05804182451611511,-0.0510855689644813,9.42477798461914,9.41873174279235,0.007884703181236574
9.418613325002427,9.376957676411635,9.334689919566896,9.294118732942948,9.25518860030464,-0.051085801436114985,0.058030857169130354,-0.0510855689644813,9.456193923950195,9.456637021076956,-0.0005778282485273678
9.456736425644507,9.418699683146777,9.377030582493768,9.334747709773662,9.294161518751626,-0.051085373818614874,-0.05108505743317462,-0.0510855689644813,9.48760986328125,9.487237910061236,0.00048505184230762666
9.48740227752333,9.45687922058208,9.418820234827516,9.377126139768992,9.334818456973304,-0.05108524628684592,-0.05108414359471158,-0.0510855689644813,9.519025802612305,9.518410770443287,0.0008020430274751078
9.51953655138801,9.488380304546883,9.457704899723806,9.419474722998135,9.377610699475847,-0.05108335889000207,-0.051076820272290324,-0.0510855689644813,9.55044174194336,9.546229281110488,0.005493330283716347
9.545600960497877,9.518990695161298,9.48791947668638,9.457339616930348,9.4192042806414,-0.05108680245076228,-0.05108806161538773,-0.0510855689644813,9.566149711608888,9.56850076932,-0.0030659362865588236
9.570330645782022,9.547190673521545,9.52033277759191,9.488983300429092,9.458127234100612,-0.05108197664637731,-0.05107310656633981,-0.0510855689644813,9.59756565093994,9.590718596935876,0.008929015748053715
9.591713776731158,9.571195212496926,9.547920566137943,9.520911338995624,9.489411646664772,-0.05108361527937221,-0.05107452812854637,-0.0510855689644813,9.613273620605469,9.609549844742192,0.004856052443239278
9.610598428514663,9.592624738380264,9.571964273079576,9.548530174675202,9.521362671422049,-0.051083510439467406,-0.05107576705439467,-0.0510855689644813,9.628981590270996,9.625057986756271,0.005116641047566262
9.626660892704342,9.61199095993099,9.593800354305971,9.572896144405474,9.549220098980598,-0.05108242222306145,-0.05107151333744412,-0.0510855689644813,9.644689559936523,9.638691786962406,0.007821496560028507
9.637502607804075,9.625627788210839,9.611118782771293,9.593109008715585,9.572384296779113,-0.051087903499029405,-0.0510913227475767,0.0679604336619377,9.644689559936523,9.649139244976245,-0.005802686494069675
9.64845913882804,9.636911762671238,9.625128979394287,9.610723393747476,9.592816276779278,0.0679590985129921,-0.05109299381818163,0.0679604336619377,9.66039752960205,9.662942359060162,-0.0033186275870029647
9.661187648330044,9.646934726356305,9.635624808884698,9.624108854279266,9.609968129483153,0.06795698890528122,0.06794596521363919,0.0679604336619377,9.676105499267578,9.682671297221697,-0.00856223907334197
9.680412818396636,9.659225585165457,9.645278294999363,9.634311811288205,9.623136757671535,0.06795599993401172,0.06794008510570752,0.0679604336619377,9.691813468933104,9.70026427247267,-0.011020412259599155
9.70008702650691,9.680258835203775,9.65909558803096,9.645175250629652,9.634235520910744,0.0679600857018951,0.06795467331972282,0.0679604336619377,9.72322940826416,9.723892629374848,-0.000864884626043505
9.721446268418731,9.697961739935248,9.678464605852076,9.657673362584392,9.64412228561606,0.06795563109360374,0.06794177568064173,0.0679604336619377,9.738937377929688,9.748091201112631,-0.01193719683047334
9.746734553945869,9.720267675374728,9.696966737067656,9.67767590044139,9.65708943321828,0.06795777036292323,0.06794547713885123,0.0679604336619377,9.770353317260742,9.775429636131486,-0.006619858863691874
9.774508646316677,9.74593444009466,9.719592195759093,9.696431307025179,9.677279487127793,0.06795862562273178,0.0679508771270575,0.0679604336619377,9.801769256591797,9.805215427483692,-0.004494037018833552
9.804030279990684,9.773479044349711,9.745065219870748,9.718903194032558,9.695921194712046,0.06795810704214483,0.06794975527359909,0.0679604336619377,9.833185195922852,9.837619795228226,-0.005783013688880345
9.83614302809317,9.802747332209101,9.772395942147352,9.744206681071361,9.718267562515244,0.06795753454966168,0.06794705403806482,-0.0045554488897323,9.864601135253906,9.870126920483138,-0.007205993015809042
9.868717173495883,9.8349183043524,9.80171338445226,9.771576366428778,9.743599896429918,-0.0045582164315469955,0.06794698316425227,-0.0045554488897323,9.89601707458496,9.901292083009924,-0.006878963313225128
9.900723146802518,9.868222907725858,9.834501030670845,9.80138262559608,9.771331484364312,-0.004556565795643875,-0.00456247468870376,-0.0045554488897323,9.927433013916016,9.929561866337385,-0.0027761657472531454
9.929342613476988,9.9005326699398,9.868062101563307,9.834373565017623,9.801288254571007,-0.0045558793155212,-0.004558206814531003,-0.0045554488897323,9.95884895324707,9.95966935626708,-0.0010698603342458313
9.956891506934047,9.926929344956319,9.898495317767603,9.866447160808839,9.833177920461003,-0.004560902218771901,-0.004576670393059978,-0.0045554488897323,9.974556922912598,9.98495111333648,-0.013554718558964396
9.983762815811424,9.955859168363231,9.926057814411053,9.897804484726795,9.865935692655912,-0.0045577816935039135,-0.004569796144619059,-0.0045554488897323,10.005972862243652,10.010419248377264,-0.005798384500161902
10.010630033455506,9.983945936252082,9.956013764018191,9.926180357203146,9.897895211041003,-0.0045550350874520185,-0.00455620405253771,-0.0045554488897323,10.037388801574709,10.036600083404977,0.0010285411732073868
10.038247366415712,10.012061117635332,9.985154099553178,9.956971434557246,9.926889382326136,-0.004552215029575789,-0.004542705841082444,-0.0554434582591056,10.068804740905762,10.06264091729877,0.008038037676113774
10.062891132032528,10.038464741538691,10.0122446320993,9.985299565315524,9.957079132221352,-0.055442967050580536,-0.004550342273602656,-0.0554434582591056,10.084512710571287,10.08357645403692,0.0012209410550312327
10.086982107158986,10.065849807787208,10.040962542518564,10.01422455518476,9.986765429777183,-0.05543677245838613,-0.05541747711587132,-0.0554434582591056,10.115928649902344,10.1031853356241,0.016618132967153088
10.105977868088507,10.089408131713004,10.06789792897745,10.042586019512552,10.015426519668777,-0.055437976104907714,-0.055415871483554056,-0.0554434582591056,10.131636619567873,10.121187487624415,0.013626365970131005
10.12419448586656,10.108590210706655,10.09161354808587,10.069646088588595,10.043880294560964,-0.05543755507687,-0.05541546994056396,-0.0554434582591056,10.147344589233398,10.136092966634047,0.01467286738517437
10.136631020388263,10.124661922372939,10.108984834335761,10.09192635300493,10.069877678198134,-0.05544240198001665,-0.05543352796237142,-0.0554434582591056,10.147344589233398,10.14533129315103,0.0026254725629879516
10.147740731978065,10.138724230701946,10.126429072005449,10.110385594596911,10.092963425960543,-0.05543872817437121,-0.05542436830595013,-0.0554434582591056,10.163052558898926,10.1540368913877,0.011757032606894313
10.155159266752314,10.148715800389295,10.139547412096244,10.12708158029543,10.110868688470733,-0.05544125487028375,-0.055430327649203845,-0.0554434582591056,10.163052558898926,10.158852841107128,0.005476712507025638
10.159584685651673,10.155795059838846,10.149252555588653,10.139972879945368,10.127396581521584,-0.055442021540036725,-0.055435777310183204,-0.0554434582591056,10.163052558898926,10.160314134080053,0.003571088868010719
10.16119757078091,10.160352175074093,10.156442996953393,10.149766153614017,10.140353129611878,-0.05544172394221586,-0.05543540937402408,-0.0410284176468849,10.163052558898926,10.1597469047056,0.0043107938585382755
10.161120811538247,10.162391158233667,10.161359836662001,10.157241736507226,10.150357511901966,-0.04102572046459388,-0.05543144080585243,-0.0410284176468849,10.163052558898926,10.157911657600431,0.0067040786630574445
10.156701675258613,10.160069634189876,10.16150372343902,10.160656396855979,10.156720934754807,-0.04103079302115865,-0.04103477669251457,-0.0410284176468849,10.147344589233398,10.151872115878142,-0.0059041971461955
10.149200292076603,10.154380516873113,10.15811004409942,10.159950422079387,10.159506387909644,-0.04103366283212671,-0.04105079054052269,-0.0410284176468849,10.131636619567873,10.141634082368322,-0.013037359239870483
10.141464351572882,10.149052837720186,10.15425603157412,10.1580113687769,10.159877366388695,-0.04102875085353678,-0.041034933198408556,-0.0410284176468849,10.131636619567873,10.132271720322848,-0.0008282138039774622
10.131160359346076,10.140498851958323,10.148237734585111,10.15360992664936,10.157533015726388,-0.04103059941283456,-0.041037068940470746,-0.0410284176468849,10.115928649902344,10.12008715392374,-0.005422966997677747
10.118144260796944,10.129472462610222,10.139073879953848,10.147108207056485,10.152773664738563,-0.04103223183341517,-0.04104514118123373,0.0734613910317421,10.100220680236816,10.10749062137186,-0.009480488812220855
10.107394190165492,10.118060485772874,10.129401737274105,10.139017818351329,10.147066701044762,0.07346120172302338,-0.041032953581950964,0.0734613910317421,10.100220680236816,10.100581507697788,-0.0004705431094045309
10.100267850804943,10.107121699394739,10.117830441060095,10.129219388543685,10.138882813852662,0.07346077527687668,0.07345885412817647,0.0734613910317421,10.100220680236816,10.101394325413759,-0.0015305117005546265
10.101020190543787,10.099942819532206,10.106847298446866,10.117612932629381,10.12905835305648,0.07346065654966386,0.0734579750288578,0.0734613910317421,10.100220680236816,10.101620622644226,-0.0018256184038740741
10.10023877967962,10.099819708542356,10.098929337363789,10.106043945114026,10.117018158463953,0.07345867826965041,0.07345031401456596,0.0734613910317421,10.100220680236816,10.105391277050416,-0.006742803598166702
10.105687057182042,10.1004957399374,10.100036641939893,10.099101293194238,10.106171255080096,0.07346197169188157,0.07346089206417769,0.0734613910317421,10.115928649902344,10.114821896207975,0.0014432807394744174
10.112572218905576,10.103732640378013,10.098845763862643,10.098728761229143,10.098132984946277,0.0734569745825067,0.07344513376814135,0.0734613910317421,10.115928649902344,10.124346519797356,-0.010977464587401897
10.123306151356893,10.111668394361383,10.102969605148974,10.098240931421161,10.09828096485375,0.07345934863463985,0.07344918784596295,-0.0331581532955169,10.131636619567873,10.135529482853356,-0.005076553735444023
10.135735493774359,10.123485124227978,10.111819488516279,10.103089372419372,10.098329602838064,-0.0331577488656133,0.07346089054297213,-0.0331581532955169,10.147344589233398,10.146573735063287,0.0010052453245297244
10.14897293838626,10.137819811949994,10.12524476685635,10.113214298226959,10.104122039799575,-0.03315344330459065,-0.03313979180015044,-0.0331581532955169,10.163052558898926,10.154075190721306,0.011707087717793385
10.15449142461217,10.149334543363937,10.138125089493887,10.125486750129436,10.113393454014847,-0.03315733616683489,-0.033150327962445804,-0.0331581532955169,10.163052558898926,10.161495089863054,0.0020310436488681916
10.16096179333938,10.154028120970226,10.148943408820385,10.137815050255957,10.125257208131599,-0.03315920023545878,-0.03316132767538901,-0.0331581532955169,10.163052558898926,10.165048054318188,-0.0026022593093593116
10.167468566679743,10.163064623833664,10.155803392241781,10.150350606832488,10.138856889492848,-0.03315340147179665,-0.033141083680469925,-0.0331581532955169,10.178760528564451,10.169703425967068,0.011811066726767905
10.171399551547246,10.168942083051228,10.164308609637358,10.156789458077515,10.151080654820753,-0.03315482355017355,-0.03314070665857059,-0.0331581532955169,10.178760528564451,10.172413945237004,0.008276368558428615
10.173733101830825,10.172545574495231,10.169909589287052,10.165075519390005,10.157357250715503,-0.03315556359604137,-0.03314495019718001,-0.025232195854187,10.178760528564451,10.173824492375573,0.006436920876813801
10.175179213900238,10.174910021965,10.173539165043206,10.170697175199333,10.16565861991941,-0.025229536335492745,-0.03314542405394028,-0.025232195854187,10.178760528564451,10.173691415084729,0.006610462552538721
10.171961053805008,10.173675955117957,10.173640926744461,10.172533195814658,10.16995239144865,-0.02523559280927146,-0.025242487389068247,-0.025232195854187,10.163052558898926,10.169527245783362,-0.00844342415300936
10.168983213877612,10.171488423753848,10.17327694694579,10.173324646345133,10.172299033083439,-0.025233263869271483,-0.025239664667813796,-0.025232195854187,10.163052558898926,10.165088224101426,-0.0026546433897109978
10.165699430695636,10.169514202227445,10.171936699715962,10.173632280270262,10.173587722469762,-0.025230995965255028,-0.025228689235384287,-0.025232195854187,10.163052558898926,10.160765538630047,0.002982427184718972
10.162472447131083,10.167182314775859,10.170766096526021,10.172929034350418,10.174366969453597,-0.02522884494037539,-0.025218220446232224,-0.025232195854187,10.163052558898926,10.156665627907051,0.008328984607738121
10.156161805916076,10.16203474961582,10.166812797676602,10.170473192711352,10.172712178809027,-0.025233184931262385,-0.025232615843986162,-0.025232195854187,10.147344589233398,10.14922979648768,-0.0024584361758872575
10.150492572651759,10.15725884812394,10.16296090487208,10.167546929894247,10.171016718031051,-0.025229716837832802,-0.025223733562957668,-0.025232195854187,10.147344589233398,10.142619518022336,0.006161808455026119
10.141926089032282,10.149890153242932,10.156750267963616,10.162557770431688,10.167248463527658,-0.025233557157841376,-0.025234906873062,0.0346376821398735,10.131636619567873,10.134231300597675,-0.0033836373661557673
10.134889092994497,10.142497548997913,10.150372596531913,10.157132684582464,10.162840898061864,0.03463897348362528,-0.025228633848083677,0.0346376821398735,10.131636619567873,10.129175283976114,0.003209746008581149
10.130031546998604,10.135632975167304,10.143125556178898,10.150870396767194,10.15750123812844,0.03463936311081406,0.03464538226565765,0.0346376821398735,10.131636619567873,10.128432644174808,0.004178197911699044
10.1294926839907,10.13095246113456,10.136410437931696,10.1437418248439,10.151326660114742,0.03463976315479479,0.03464729707963819,0.0346376821398735,10.131636619567873,10.127670149690523,0.005172541647546325
10.12837631598426,10.130106168986725,10.131470383188637,10.136820977378031,10.144045773612875,0.034639068448738645,0.034645048523584875,0.0346376821398735,10.131636619567873,10.128994277940215,0.0034457899690991667
10.129018370537915,10.128397246531831,10.130123839169794,10.131484389750275,10.136831347336887,0.03463772943720569,0.03463924877207761,0.0346376821398735,10.131636619567873,10.13154646959274,0.00011756158884601575
10.131194591619401,10.128712675039576,10.128139169412671,10.129919270090765,10.131332934097726,0.03463699135137479,0.03463509577304656,-0.0654088109731674,10.131636619567873,10.132953280848728,-0.0017170142523497134
10.133033945483465,10.131264669366752,10.128771836732346,10.128186064902838,10.129953989839704,-0.06540865261656043,0.03463759509350562,-0.0654088109731674,10.131636619567873,10.131334787656419,0.00039360897242168846
10.133079362490818,10.134549552352327,10.132544189204692,10.129786069205572,10.128936966465268,-0.06540538611477316,-0.06539559518028305,-0.0654088109731674,10.131636619567873,10.125108748231643,0.008512780230425676
10.124792783379357,10.132804866670405,10.134317814917727,10.132360498710442,10.129650071312804,-0.06540943125889852,-0.065407750983762,-0.0654088109731674,10.115928649902344,10.117110931029996,-0.0015417735570899538
10.11605724165178,10.123877386213366,10.132032061494112,10.133705238166643,10.13190696872433,-0.0654108795212404,-0.06541731769726786,-0.0654088109731674,10.100220680236816,10.10416338796922,-0.0051415542234209965
10.106461532090178,10.11805376421228,10.125562909204543,10.13336811905362,10.134694407548826,-0.06540429937639973,-0.06539367884298693,-0.0654088109731674,10.100220680236816,10.091621456610577,0.011213961965859554
10.093718712065598,10.10828353176065,10.119591949853284,10.12678217738679,10.134270821744806,-0.06540469375055913,-0.0653886022684733,-0.0654088109731674,10.084512710571287,10.07666517459884,0.010233711058775796
10.075836092679673,10.092998443592867,10.107675459958893,10.119109951724683,10.126425323157203,-0.0654104385835825,-0.06541089909303845,-0.0654088109731674,10.053096771240234,10.056199040050263,-0.0040455657342555185
10.057008704648284,10.07653949227139,10.093592274189765,10.10814616956191,10.1194584483324,-0.06540722148182523,-0.06540437857189012,-0.0654088109731674,10.037388801574709,10.034359188733136,0.003950817498571624
10.036889895557154,10.059207267054393,10.078395583234926,10.095063535261817,10.109235438804328,-0.06540384282142137,-0.0653882801659013,-0.0654088109731674,10.02168083190918,10.012211402331753,0.012348768648786645
10.013387743472206,10.037911846967573,10.060070028453742,10.079079465267792,10.095569857136292,-0.06540650164154692,-0.06539503838427196,-0.0881469398736953,9.990264892578123,9.985863244989854,0.005740042448868721
9.986716496881046,10.014129009711786,10.038537645700888,10.060566078126605,10.079446722759766,-0.08814526481405077,-0.06540011539661314,-0.0881469398736953,9.95884895324707,9.955656244941718,0.00416350487677164
9.95712065115759,9.98798870606108,10.015203046071283,10.039388998310615,10.061196389245307,-0.08814406502773162,-0.08813430432644606,-0.0881469398736953,9.927433013916016,9.921953480924543,0.007145677008503881
9.921144220988511,9.95641760311771,9.987395172254569,10.014732571724055,10.039040675877896,-0.08814852857062616,-0.08815012201069286,-0.0881469398736953,9.880309104919434,9.883337203591854,-0.0039488429208631715
9.884756875510806,9.922377567056257,9.957458830096254,9.988220517968113,10.015343628264056,-0.08814415284777195,-0.0881379029011215,-0.0881469398736953,9.84889316558838,9.843581019933268,0.00692739274179921
9.844128595884728,9.885232584466875,9.922779174530385,9.957777170875094,9.988456206130863,-0.08814586490112498,-0.08814005446348243,-0.0881469398736953,9.801769256591797,9.799720330235953,0.00267193681940725
9.800206575467067,9.844551023514484,9.885589210280251,9.923061859854982,9.957986461010757,-0.08814598530239885,-0.08814222555244515,-0.0881469398736953,9.754645347595217,9.752825909274787,0.002372669093318791
9.753859408916679,9.801104432713046,9.845309020975085,9.88619004945161,9.92350669975555,-0.08814491096106043,-0.08813824997603131,-0.0881469398736953,9.707521438598633,9.703654277067196,0.005043036931501987
9.70206569357656,9.75247932019667,9.79993932127706,9.844385476205975,9.88550628983199,-0.08815005849801315,-0.0881568008652888,0.0091077536344528,9.644689559936523,9.650633740965185,-0.007751609083658906
9.649910081090235,9.701437010956838,9.751948567862254,9.799518611697698,9.844073997833105,0.009106332983100715,-0.08815547479917567,0.0091077536344528,9.59756565093994,9.600273450262575,-0.0035311511753821634
9.599143717991316,9.648928621334807,9.70060843380203,9.751291782533835,9.79903235125711,0.00910553580293524,0.00909787739446583,0.0091077536344528,9.55044174194336,9.554668987897932,-0.005512611069939055
9.553621878758236,9.598234037435756,9.64816064228896,9.69999968256273,9.750841084820255,0.00910569800436112,0.009097698614986957,0.0091077536344528,9.503317832946776,9.507235918662648,-0.005109445469315688
9.50573100383211,9.552314477545492,9.597130290928519,9.647285739441301,9.699351935687508,0.009104799264087962,0.009094434326177101,0.0091077536344528,9.456193923950195,9.461825032568768,-0.007343341750246424
9.45959112918993,9.50379029069182,9.550676070506192,9.595831580604266,9.64632422062055,0.009103368151762067,0.00908807940177892,0.0091077536344528,9.409070014953612,9.417428861789576,-0.010900494576146613
9.414442616862914,9.456996816103606,9.501600095379317,9.548939976119236,9.594546238217678,0.009101891194044578,0.009081017317581931,0.0091077536344528,9.361946105957031,9.373120073548066,-0.014571600067613488
9.369390025926416,9.41120212199558,9.454261095150711,9.4994315811087,9.547334485467987,0.009100430999357962,0.009073973297849543,0.0091077536344528,9.31482219696045,9.328779334523142,-0.018201039603468416
9.327391290799062,9.3681841569886,9.410184092017232,9.453454136921428,9.498834138006472,0.009105028699353278,0.009090042054086018,0.0091077536344528,9.283406257629396,9.288600056520213,-0.006773060656573904
9.285571513501182,9.3247602310636,9.365962939075503,9.408423407054974,9.452150588549621,0.009101808156634056,0.009082361281077766,0.0091077536344528,9.236282348632812,9.247614587740385,-0.014777996696411222
9.243314976079287,9.281836207432043,9.32160677595962,9.36346330094995,9.406572764107192,0.009099312860919244,0.009069627304213623,-0.0340962037444114,9.18915843963623,9.205246778849867,-0.020980268902992094
9.20342916679441,9.241735917811415,9.280503120059246,9.320550082297633,9.362680962637244,-0.0340997719856716,0.009085708770614173,-0.0340962037444114,9.157742500305176,9.164543663203581,-0.008869170681126803
9.16191167735725,9.201142617803336,9.239805545988347,9.27897297904048,9.319417220441935,-0.03410137072185576,-0.03411947133407085,-0.0340962037444114,9.110618591308594,9.120466987963669,-0.012842967029911279
9.120325865349644,9.161789076481123,9.201039114542446,9.239723502423905,9.278912236910491,-0.034096480788972476,-0.03410242696748283,-0.0340962037444114,9.07920265197754,9.079730706291306,-0.0006886180948200149
9.078490525601525,9.119248453056976,9.160879493375878,9.200318118513247,9.239189702669782,-0.03409863840250805,-0.034105763039300706,-0.0340962037444114,9.032078742980955,9.036719266171438,-0.006051552189076048
9.038042968736233,9.07964049788129,9.120219293434696,9.16164904599101,9.200887867832392,-0.03409360512052257,-0.03408873102476237,-0.0340962037444114,9.000662803649902,8.99570975729154,0.006459103273968481
8.995832706933529,9.038149781764972,9.079730672577663,9.120290771892954,9.16170196609306,-0.034095962376081916,-0.03409268489223316,-0.0340962037444114,8.95353889465332,8.953078840187374,0.0005999417514388483
8.951956115995612,8.994857335477219,9.037326344531115,9.07907796149224,9.11980752787662,-0.03409840781803252,-0.034104365512079245,0.057663194835186,8.906414985656738,8.910616008694197,-0.0054784146345490115
8.911025890340612,8.952312202433681,8.995157954107876,9.037564634839892,9.07925438314102,0.057663999493472756,-0.03409534001986543,0.057663194835186,8.874999046325684,8.87346534619536,0.0020000474084653774
8.873559155804726,8.911107387841046,8.952381005017443,8.995212491609074,9.037605012461336,0.0576633789973221,0.057664701620416446,0.057663194835186,8.843583106994629,8.843232089057205,0.0004577508355012583
8.84299131823885,8.873349985123753,8.910930799808016,8.952241029604657,8.995108858804034,0.05766272216646347,0.05766157692523203,0.057663194835186,8.812167167663574,8.813068086840408,-0.0011748587805673338
8.814870310230036,8.844557007537288,8.874671786019857,8.911978547058363,8.953016744313155,0.05766673286621944,0.05767621107883549,0.057663194835186,8.796459197998047,8.789715616596634,0.008794080563081508
8.792246336748981,8.817068884215189,8.846413108276192,8.876143054840513,8.91306782203757,0.05766816301309751,0.057685674281900516,0.057663194835186,8.78075122833252,8.771281748882995,0.01234883368533879
8.773671115195304,8.794322108979417,8.818821312105596,8.847802199105997,8.877171488165214,0.05766788551460558,0.05768604645251844,0.057663194835186,8.765043258666992,8.756102698735528,0.011659087306313154
8.757735791163523,8.775089871245518,8.79551986451137,8.819770732755023,8.848505116304842,0.05766640083713003,0.05768010855020894,0.053334541618824,8.749335289001465,8.743224563889587,0.007968793691942366
8.7435340193802,8.758004631948067,8.775316834532726,8.79569977069906,8.819903928882137,0.05333514912571551,0.05766871698618232,0.053334541618824,8.733627319335938,8.732469395016977,0.0015100106517227374
8.734458253915287,8.745261849077176,8.759463316531308,8.776473084892157,8.796555817241027,0.05333844604296135,0.053350034929303465,0.053334541618824,8.733627319335938,8.726185382917919,0.009704782149089652
8.728814445734844,8.736742263512028,8.747190077068957,8.760991758206895,8.777604688614753,0.05333970285792937,0.053358123513669,0.053334541618824,8.733627319335938,8.723789860107857,0.012828703894589566
8.72627974103758,8.730977540470208,8.738568411626096,8.74863760344822,8.762063455128992,0.05333942962330205,0.05335833860856445,0.053334541618824,8.733627319335938,8.724310652586382,0.012149555717943628
8.726088639437416,8.727824374739177,8.732281565612974,8.739602068632793,8.749402886242683,0.05333803206994799,0.05335273713499578,0.053334541618824,8.733627319335938,8.726974426509452,0.008675816604128528
8.731511253155512,8.73003002704202,8.731151809928809,8.73491911191887,8.741554813880418,0.053343448080453285,0.05337198838048527,-0.0947082787752151,8.749335289001465,8.73235933587163,0.022137776735004167
8.73340277218824,8.732417742930265,8.730795312336983,8.731758425922106,8.735368228772439,-0.09470623035541828,0.05335125777880786,-0.0947082787752151,8.733627319335938,8.729722976634164,0.005091523661013397
8.733316522726556,8.736524680766657,8.735053349854716,8.732884469574076,8.733305163455075,-0.09470122411280855,-0.09467933411790186,-0.0947082787752151,8.733627319335938,8.720180944855814,0.017534970429032626
8.722239262341482,8.735104694869168,8.738034308214996,8.736249980915195,8.733770412547393,-0.09470423799359896,-0.0946858184398172,-0.0947082787752151,8.71791934967041,8.710217512265324,0.010043710395470029
8.715461161058377,8.726794704717438,8.738950533133945,8.7410827752565,8.738506957224779,-0.09469798471718373,-0.09466499140547553,-0.0947082787752151,8.71791934967041,8.698298600833237,0.02558676698792617
8.700391246197116,8.717279155692399,8.728329509189027,8.740167121176569,8.741983493667865,-0.09470417060289749,-0.09468232211392293,-0.0947082787752151,8.686503410339355,8.678673124462014,0.010211215782586436
8.682246204574213,8.703495374867472,8.7198997522962,8.730406768248239,8.741705049722842,-0.09470126429055425,-0.09467742754495638,-0.0947082787752151,8.670795440673828,8.65742564604734,0.017435105184988586
8.65952808203505,8.684072704854673,8.705037360055629,8.721122032252078,8.731311700749242,-0.09470415138245504,-0.09468552840843819,-0.0947082787752151,8.639379501342773,8.631512580790092,0.010258989846125388
8.63337248722862,8.661143883729588,8.68543681210756,8.706118642136465,8.721922574953442,-0.09470462750382627,-0.09469023073581721,-0.0947082787752151,8.607963562011719,8.601004141476288,0.009075549210118439
8.60333140560931,8.635394307924479,8.662850764149741,8.686789798984902,8.707120345381986,-0.09470371001155735,-0.09468720887407285,-0.0947082787752151,8.576547622680664,8.567839437439062,0.01135605519002425
8.567685001967844,8.603197239131404,8.635281040642841,8.66276098097344,8.686723326722236,-0.0947085819548836,-0.09470486589853029,-0.0272777453064918,8.529423713684082,8.530001582208829,-0.0007535791531232405
8.531254670483126,8.568773627779914,8.604116289019112,8.636009540673077,8.663300336422388,-0.027275285308897924,-0.09469920309651139,-0.0272777453064918,8.498007774353027,8.4933189534058,0.006114535689770051
8.491964637914466,8.53007810309215,8.56778033502811,8.60332893915987,8.635426614908924,-0.027280404028082583,-0.027285421812003927,-0.0272777453064918,8.450883865356445,8.455951459535706,-0.006608481283263856
8.456389280966722,8.492344997160224,8.530399213540043,8.568034868513319,8.603517386677357,-0.02727688579827603,-0.02727712711194025,-0.0272777453064918,8.41946792602539,8.417829680469193,0.0021363816265793645
8.419560656494133,8.457893073811547,8.493614543252049,8.531405540159144,8.568779916863225,-0.027274347144571567,-0.027263930143581472,-0.0272777453064918,8.388051986694336,8.381574999548759,0.008446423847168205
8.381038936765197,8.419094949652049,8.457499910415846,8.493302895811047,8.53117480750509,-0.027278797677010923,-0.027278359357460924,-0.0272777453064918,8.340928077697754,8.342933923941912,-0.0026157574763718827
8.343997589920658,8.381963001145683,8.419875071945407,8.458118287200286,8.493760719935064,-0.027275657172876576,-0.027270836567826025,-0.0272777453064918,8.3095121383667,8.305532100069076,0.0051902357738420335
8.307903588361429,8.346057830544588,8.383702316797656,8.421253769143458,8.459139025450602,-0.02727308972426926,-0.027257907543196413,-0.0272777453064918,8.278096199035645,8.26922253529672,0.011571850203131007
8.268793822136768,8.307531141965217,8.345743400356712,8.383453078530573,8.42106924201668,-0.027278586933824508,-0.027276298468690507,0.0913744047284126,8.230972290039062,8.2325764541558,-0.002091937153164025
8.235364592550775,8.271216029324123,8.309576040422392,8.347364322798255,8.384653151715039,0.09137987825640238,-0.027257718846823025,0.0913744047284126,8.215264320373535,8.20483163021253,0.013604924787641082
8.20483691200646,8.235369181131903,8.271219903139094,8.30957911106563,8.34736659619303,0.09137441509735518,0.0913799177884914,0.0913744047284126,8.183849334716797,8.183829571236025,2.5772898965215063e-05
8.184729574208506,8.205618793448398,8.236029268412073,8.271743132193356,8.309966491202557,0.09137617156734341,0.09138115125520344,0.0913744047284126,8.16814136505127,8.164773722981275,0.004391630189996221
8.165061364658214,8.184979464148876,8.205829757876295,8.236196492840428,8.271866939198004,0.09137496941156197,0.09137832444883252,0.0913744047284126,8.152433395385742,8.151357094260128,0.0014035685558493327
8.153306000297626,8.166754485136027,8.186408846189755,8.206962781092908,8.237035342833979,0.0913782307191758,0.09138955618416318,0.0913744047284126,8.152433395385742,8.145140955068296,0.009509829248838031
8.147430837065034,8.155295345102276,8.16843394845488,8.187740100450192,8.207948394283713,0.0913789001054086,0.09139536955877471,0.0913744047284126,8.152433395385742,8.143865087076408,0.011173646327724995
8.145507906785456,8.148858043732378,8.156500234893437,8.16938902419237,8.188447204474617,0.09137762982644784,0.09139119594577218,0.0913744047284126,8.152433395385742,8.146286272615297,0.008016258669780285
8.149587289088645,8.148375679002836,8.151279101275874,8.158419326030089,8.170809850847991,0.09138088511191657,0.09140233659820757,0.0913744047284126,8.16814136505127,8.15578958145799,0.01610755080293913
8.156986450806325,8.150627074467694,8.149253496362356,8.151974917663543,8.15893448367536,0.09137675435994094,0.09138984319439034,-0.0807752311229705,8.16814136505127,8.163662904765046,0.005840211337458712
8.167299843823589,8.160146057210174,8.153294507003706,8.15136788069462,8.153540332438347,-0.08076809127375428,0.0914039753762397,-0.0807752311229705,8.183849334716797,8.170240591908097,0.017746709574360864
8.1745249981535,8.171021940122634,8.16328836023822,8.155785305252595,8.15321197891289,-0.08076682019991659,-0.08073602422771384,-0.0807752311229705,8.183849334716797,8.167817891312568,0.020906072967354916
8.172031615827835,8.178185689396377,8.174112403198558,8.165738066695255,8.157598980573235,-0.08076695895860551,-0.08073528217800799,-0.0807752311229705,8.183849334716797,8.168082369070154,0.02056117630653098
8.170080876376101,8.173767827620324,8.179651450390866,8.17527426279191,8.16659826611403,-0.08077130775758211,-0.08075200094059293,-0.0807752311229705,8.16814136505127,8.160663326104194,0.00975186225833724
8.165028879235686,8.17387346938043,8.176969646037731,8.18218942449335,8.177153288330208,-0.08076666089657888,-0.08073863335995471,-0.0807752311229705,8.16814136505127,8.151806285241603,0.0213020351204527
8.155276143670761,8.168043333626242,8.176418360323144,8.17898689575781,8.183682924264462,-0.08076841927773828,-0.08074069041114207,-0.0807752311229705,8.152433395385742,8.139449836908438,0.016931427449064174
8.14274808953481,8.158141514784228,8.170462364087285,8.178335844659504,8.180406532795782,-0.08076875616530686,-0.08074373319225411,-0.0807752311229705,8.136725425720215,8.124383983923172,0.016094064409903908
8.125120806410356,8.143388207230359,8.158681920945547,8.17089072593154,8.178652988496472,-0.08077378463146406,-0.08076324134732117,-0.0807752311229705,8.10530948638916,8.102552435043966,0.003595379102431906
8.105128919560743,8.127359138383364,8.145277872830455,8.160179795506243,8.17199969885209,-0.0807701731028438,-0.08075450068804468,-0.0807752311229705,8.089601516723633,8.079960795618604,0.012572144241637773
8.081171969813694,8.106181132336756,8.12824744731644,8.1459820055367,8.160701110257284,-0.08077285340891252,-0.08076110795438395,-0.0483219698071479,8.058185577392578,8.053653591056763,0.005910012881221505
8.054143654224173,8.08159771429198,8.10654055833109,8.128532352250593,8.146192938992142,-0.048321007740677886,-0.08076918548452534,-0.0483219698071479,8.026769638061523,8.02493591374062,0.0023912989921246464
8.024944399802031,8.054151026526416,8.081603938206086,8.106545491819116,8.12853600482923,-0.0483219531477544,-0.04832094422594413,-0.0483219698071479,7.9953532218933105,7.995321468645493,4.140835600274784e-05
7.995489466522298,8.025090348677953,8.054274240854552,8.081701606072624,8.106617801625317,-0.04832164000247157,-0.0483206957516669,-0.0483219698071479,7.963937282562256,7.96330866606331,0.0008197579010236211
7.963847571133941,7.995957642613463,8.02548559668626,8.05458754069807,8.081933562106586,-0.04832091185679894,-0.048317606516214306,-0.0483219698071479,7.932521343231201,7.930504861682713,0.002629626623569692
7.931586055077953,7.964786862532673,7.9967506200029,8.026114163274329,8.055052908989396,-0.04831984726462208,-0.048312819561998226,-0.0483219698071479,7.901105403900146,7.897059781302284,0.005275762081846658
7.898838624187945,7.933131432463305,7.966091515515109,7.997784774677053,8.026879814524033,-0.04831847767550134,-0.04830653334585575,-0.0483219698071479,7.869689464569092,7.863033368621819,0.00867999368757566
7.865610654924602,7.901077652715985,7.93502168611562,7.967589856205081,7.9988940927031,-0.0483169102129967,-0.04829918773103834,-0.0483219698071479,7.838273525238037,7.828629804000377,0.01257605661497685
7.828854648262768,7.865805989341782,7.901242559768697,7.93515240240697,7.9676866338867285,-0.04832152840461001,-0.04831522734472954,-0.0647906213998794,7.791149616241455,7.790308291245451,0.0010971439883595835
7.792391915889638,7.830664806107872,7.867334177765969,7.902453903492382,7.93604923811157,-0.06478653093656857,-0.04830593331778372,-0.0647906213998794,7.7597336769104,7.751937144871732,0.010167198522477605
7.752724337914185,7.793075793221087,7.831242155439208,7.867791823222392,7.902792727871741,-0.06478907602352399,-0.06478063911537114,-0.0647906213998794,7.712609767913818,7.709664239412215,0.003841165903110344
7.712947277497484,7.7555764913298235,7.795483664913367,7.833150794593723,7.869204911603088,-0.06478417631060994,-0.06476450381271978,-0.0647906213998794,7.681193828582764,7.6689093167406845,0.01601982394617618
7.671240082586532,7.714972140321378,7.757285940003822,7.796838687559419,7.834154005049815,-0.06478604576184153,-0.06476673147195382,-0.0647906213998794,7.634069919586182,7.625348631592934,0.011373142053325402
7.627302439858168,7.672937461895713,7.716405117792796,7.75842181319767,7.797679647574503,-0.0647867857853182,-0.06477142229805057,-0.0647906213998794,7.586946487426758,7.579635703893934,0.009533750026862187
7.581458774200808,7.628886240005364,7.6742745525023235,7.717464984683998,7.759206500856152,-0.06478704244326448,-0.06477314084221127,-0.0274826288223266,7.539822578430176,7.53300099178023,0.008895804617273129
7.534671970284075,7.582910443941888,7.630111782241949,7.675245998740825,7.7181842088437085,-0.027479348444412938,-0.06477453584572301,-0.0274826288223266,7.492698669433594,7.486446181742259,0.008153661564129777
7.484487800793723,7.532970618436665,7.581474112737008,7.628973250656037,7.6744030705470365,-0.027486473413741355,-0.027494006132887005,-0.0274826288223266,7.429866790771484,7.437194684426308,-0.009556062768770524
7.435999016732817,7.483449059357471,7.532093682404321,7.58077899494784,7.628458610228188,-0.02748497609482878,-0.027495422502315157,-0.0274826288223266,7.382742881774902,7.3872168456944145,-0.005834347774947624
7.386565353100598,7.4354330297480615,7.48297123651971,7.531714928262231,7.580498578884876,-0.02748390779863345,-0.027489852253111707,-0.0274826288223266,7.33561897277832,7.338056735690572,-0.0031790056600362604
7.33782217301086,7.386361575766693,7.43526099493705,7.482834870293349,7.531613967570141,-0.027483089303554892,-0.02748566340531939,-0.0274826288223266,7.288495063781738,7.2893727532698875,-0.0011445657149682376
7.289795155618702,7.338189136862832,7.386671377429678,7.435506564327646,7.483016681114784,-0.027481799584049425,-0.02747992779299983,-0.0948401317000389,7.241371154785156,7.239790604538298,0.0020611430896311234
7.241406380479116,7.29119886789642,7.339374192000151,7.387610730902124,7.436202028147583,-0.09483695969292001,-0.027469706155341334,-0.0948401317000389,7.194247245788574,7.18820131571905,0.007884296628941634
7.188594784058811,7.241748207786642,7.291487448550226,7.339602940208312,7.387780087919815,-0.09483935926350036,-0.09483401474170768,-0.0948401317000389,7.131415367126465,7.1299430825066334,0.0019199574807364783
7.132773756813231,7.1910539445018,7.243824303267686,7.2931330998265524,7.3408213217403855,-0.09483457466776424,-0.09481817281242266,-0.0948401317000389,7.084291458129883,7.073699606577356,0.013812481872848004
7.072657063848653,7.131868043346805,7.190289314589129,7.243218206773958,7.292684367591944,-0.0948421783655905,-0.09484237767797511,-0.0948401317000389,7.005751609802246,7.0096526088659115,-0.005087163333595157
7.009545128505795,7.0725636898248805,7.131789214253179,7.1902268294097516,7.24317194497495,-0.09484034269988041,-0.09484298281256842,-0.0948401317000389,6.942919731140137,6.943321902459006,-0.0005244582615313576
6.944475513110841,7.010547332706747,7.073409780049946,7.132459881605177,7.190723367605658,-0.09483786699172904,-0.094831708391235,-0.0948401317000389,6.880087852478027,6.875771258108564,0.005629127370692544
6.875173782553895,6.943956453660492,7.010109127471976,7.073062429453368,7.1322027156076695,-0.09484130463290966,-0.09484233885434482,-0.0948401317000389,6.801548004150391,6.803783645448499,-0.002915425575139352
6.801784168943333,6.873436728765427,6.942489981828267,7.0089467044213825,7.07220181287094,-0.09484405696810869,-0.09485626990498598,0.0646161362528801,6.723008155822754,6.730489821331259,-0.009756591536665304
6.729615549391792,6.801024641446672,6.8727955133424805,6.9419817118624545,7.008570399460202,0.06461441992777228,-0.09485060053959303,0.0646161362528801,6.6601762771606445,6.663447638538319,-0.004266073736454601
6.661259305104123,6.727714425336332,6.799419656675672,6.87152329572966,6.941039807300694,0.06461184023072976,0.06459804113804815,0.0646161362528801,6.597344398498535,6.605532731161324,-0.010678132705386645
6.602591698274204,6.65870427017104,6.725557389794547,6.797709846927117,6.87025741355221,0.06461036257039163,0.06458982779035977,0.0646161362528801,6.534512519836426,6.545517312467942,-0.014350984620912222
6.544002134895261,6.601275381260213,6.657592996682498,6.724676520561188,6.797057682752643,0.06461316173523474,0.06459902207973793,0.0646161362528801,6.487388610839844,6.493058120711804,-0.007393419549550195
6.488386982788892,6.53994406379291,6.597849438434335,6.6548773666763115,6.722665964925811,0.06460696611835189,0.0645782001591713,0.0646161362528801,6.424557209014893,6.442035729714199,-0.02279315841296725
6.440866956286476,6.4873716058613615,6.539086852765133,6.597169955994909,6.654374302103959,0.06461384177779884,0.06459821832246819,0.0314514860510826,6.393141269683838,6.397514600312558,-0.005703115242280177
6.395406188857211,6.439035264792881,6.485825238098591,6.537861098889307,6.596262451527433,0.0314473469275959,0.06459806117172691,0.0314514860510826,6.346017360687256,6.353906640317425,-0.010288147576573259
6.350684654943865,6.39260707524669,6.436672170862066,6.4839520927741905,6.536474288874955,0.031445160817314924,0.031423231671619305,0.0314514860510826,6.298893451690674,6.310949515753438,-0.01572191278352264
6.309488089116273,6.3494150342856095,6.391535224193312,6.435822550471227,6.483323064128594,0.03144861705447255,0.03143422263065043,0.0314514860510826,6.267477512359619,6.272945896327243,-0.007131137936745802
6.272452091465523,6.309059094025009,6.349052864028316,6.391248143973927,6.435610006512155,0.03145051663911331,0.031444921125018434,0.0314514860510826,6.2360615730285645,6.237909298066751,-0.0024095568625952524
6.234458271242815,6.269453997112761,6.306528014706758,6.347046562319846,6.389762749720277,0.03144471117507632,0.031424687100616876,0.0314514860510826,6.188937664031982,6.201850758179808,-0.01683953725698295
6.19887516196454,6.231873209270181,6.267271611862176,6.304798111094012,6.345765803361763,0.03144564451566961,0.03142244004218943,0.0439268872141838,6.157521724700928,6.168655846814142,-0.014519638903184529
6.168742114809114,6.198950107655126,6.231936480623619,6.267321764942558,6.304835242646603,0.04392705657101557,0.031446290196683074,0.0439268872141838,6.1418137550354,6.141490956402453,0.00042095097764871525
6.140049251174018,6.1674896272092665,6.19789272083292,6.231098325543845,6.266701224804498,0.04392405693361556,0.04391626599111045,0.0439268872141838,6.110397815704346,6.115792405864899,-0.007034905883502418
6.115943721277999,6.140180707088054,6.167600606153265,6.197980690120703,6.231163454868122,0.043927184268716814,0.04392518946821676,0.0439268872141838,6.094689846038818,6.094123652185491,0.0007383546018200349
6.091692853745564,6.113831954709017,6.138397891719753,6.166187428188624,6.196934423540158,0.04392211519737056,0.043908990726596056,0.0439268872141838,6.063273906707764,6.0723694978783245,-0.011861258396906216
6.070696434321542,6.090239372605803,6.1126048832364575,6.1374252333071695,6.165467306578441,0.043923602743002874,0.043909592994052074,0.0439268872141838,6.047565937042236,6.053826226610019,-0.00816383573211521
6.055478116005018,6.07213152031745,6.091450914357585,6.1135652317600915,6.138136241114463,0.04393013011735383,0.04393596646629359,0.0439268872141838,6.047565937042236,6.041384877210574,0.008060514864320467
6.041818144385027,6.055854518720857,6.072449290546568,6.091702800163368,6.11375171903013,0.04392773778172044,0.043933372946729755,0.0439268872141838,6.031857967376709,6.030236762993117,0.0021141587992916655
6.029585827471882,6.041252641359466,6.055377104455663,6.072070860266253,6.091422623876116,0.04392560933149281,0.04392286579290024,-0.0405300743877887,6.016149997711182,6.018585676162467,-0.003176287383714893
6.0174761121346805,6.028621888964461,6.040438856156892,6.054732044211806,6.0715932806602355,-0.04053225262606177,0.043917304693994436,-0.0405300743877887,6.000442028045654,6.004593808221476,-0.005414198653954649
6.007350054319007,6.019870612751863,6.030643396721248,6.042041237574527,6.055918390283219,-0.04052466346909516,-0.04051162323999383,-0.0405300743877887,6.000442028045654,5.990128672871154,0.013449303994640616
5.992269644869191,6.009210032923698,6.021440861324722,6.031888080114508,6.042962756781812,-0.04052587134314153,-0.04050863916054458,-0.0405300743877887,5.984734058380127,5.976722943315253,0.010447029121027462
5.978837335747762,5.994106532362346,6.010760787301923,6.022670092323535,6.032798158919873,-0.04052592352275934,-0.040510045971877164,-0.0405300743877887,5.9690260887146,5.961114429391333,0.010317332191152495
5.963536948138849,5.980941909298455,5.995883275173321,6.012169151753984,6.023712795150984,-0.040525318625236104,-0.040507791950783925,-0.0405300743877887,5.953318119049072,5.944253508932291,0.011820857033502108
5.947189778544118,5.9660878449560935,5.983095451321297,5.997590315726548,6.013432983717944,-0.04052431005631404,-0.040503341836053086,-0.062624454498291,5.937610149383545,5.9266231800334594,0.014327741871478672
5.930333080054762,5.95041277009725,5.9688087890969985,5.985252252508516,5.9991871344284595,-0.06261717141591515,-0.04049654295675007,-0.062624454498291,5.921902179718018,5.908020430691373,0.01810272791712375
5.909758373601541,5.931842925411007,5.951687425897001,5.969819166010243,5.986000299551799,-0.06262104265934477,-0.06260416361690546,-0.062624454498291,5.890486240386963,5.883983184465499,0.008480419272109962
5.887671399939644,5.912962526611338,5.9345479655002675,5.953831620475745,5.9714066512287065,-0.06261721398588802,-0.06259343785983645,-0.062624454498291,5.874778270721436,5.860977661197114,0.017996916586646705
5.863361538734702,5.889742403773502,5.914710928881289,5.935933865355716,5.954857691316799,-0.0626197745941479,-0.06259937162772354,-0.062624454498291,5.843362331390381,5.834442309422938,0.011632304429468832
5.8362631142695935,5.864943370753617,5.891077832828406,5.915769478716165,5.936717577912652,-0.06262087998910952,-0.06260614660709345,-0.062624454498291,5.811946392059326,5.805133282335985,0.008884750138793862
5.810135241388076,5.84060858764662,5.868611947021894,5.893985790228881,5.917922426697165,-0.06261463491296314,-0.06258344235083983,-0.062624454498291,5.796238422393799,5.777522031169254,0.02440742425742659
5.778811786619302,5.811255721966323,5.841554530263633,5.869361764016938,5.894540927998552,-0.06262192251760865,-0.06260498161562655,-0.062624454498291,5.749114513397217,5.744288490765742,0.006293455849962548
5.746361250786895,5.780612505776554,5.812775941972974,5.842759557689917,5.87025392336014,-0.06262038536384189,-0.0626064087480868,-0.0578277371823787,5.717698574066162,5.709942695406123,0.010114183801438692
5.712927151725102,5.748954010012623,5.782801389274299,5.814510996528357,5.844044130222282,-0.05782187825327186,-0.06259804791666607,-0.0578277371823787,5.686282634735107,5.675115359778059,0.01456287242588683
5.67904980207033,5.7163452153390715,5.751839639717309,5.785088731186018,5.8162044629284795,-0.05782001329031878,-0.057792430545724256,-0.0578277371823787,5.654866695404053,5.640144751376589,0.01919839831629666
5.641886584635462,5.680563027183697,5.717622724429061,5.752852278338055,5.785838452716898,-0.05782431770610264,-0.05780697637362419,-0.0578277371823787,5.607742786407471,5.601225173531895,0.00849940251255532
5.601584173620064,5.642198467501603,5.680826327860502,5.717831434047091,5.7530067994980545,-0.057827032412115335,-0.05782163073579767,-0.0578277371823787,5.560618877410889,5.5592755665141285,0.0017517671314664085
5.562120828769905,5.604056007406462,5.644285262191417,5.6824804600408765,5.71905609453815,-0.05782215151180248,-0.05780573677614453,-0.0578277371823787,5.529202938079834,5.518556501161621,0.013883664835556253
5.52035826551586,5.563686119279381,5.605377471633209,5.645332742575254,5.683255977170925,-0.05782420005249961,-0.05780866603512449,-0.0578277371823787,5.482079029083252,5.475337165306041,0.008791840666396489
5.476749771344635,5.5215854730697425,5.56472216394421,5.6061987095004335,5.645940757812298,-0.05782496402782342,-0.05781362726824853,-0.0860961973667144,5.43495512008667,5.429669413628627,0.006892914262895289
5.431342461556559,5.478203238906766,5.522812533079668,5.565694813270746,5.606918824383632,-0.08609291292621521,-0.057812441941480545,-0.0860961973667144,5.387831211090088,5.381570980002526,0.008163759470000365
5.380980639562352,5.430829600767527,5.477770266763956,5.5224693305796215,5.565440718376018,-0.08609735629230023,-0.08609733138538792,-0.0860961973667144,5.3249993324279785,5.3272082754678785,-0.002880609263211653
5.328483742021107,5.382088706600211,5.431765063509111,5.478511776713137,5.52301831810871,-0.0860936934372496,-0.08608780994157092,-0.0860961973667144,5.2778754234313965,5.273102867167851,0.006223732135072879
5.273171657222329,5.328543503675935,5.382139159144648,5.431805055549413,5.478541385393927,-0.08609606232166452,-0.08609317857154412,-0.0860961973667144,5.215044021606445,5.214786622143847,0.0003356660913915732
5.21389909407435,5.272400613405856,5.327892565837525,5.3816231825460905,5.4314230448721155,-0.08609793971556583,-0.08610270510991488,0.0500017330050468,5.152212142944336,5.155533106270601,-0.004330757990419265
5.15631354328319,5.214577102075881,5.272973007676471,5.328346283583457,5.381959098988639,0.05000326511831649,-0.08609209846051649,0.0500017330050468,5.105088233947754,5.102167985240876,0.0038081993623055865
5.0991575232866255,5.153698191550297,5.212369145319958,5.2712228343888565,5.327050517680782,0.04999582302303212,0.04998073302949005,0.0500017330050468,5.0422563552856445,5.053520938445081,-0.014689768821183335
5.051151541447819,5.097099099484274,5.151960409712468,5.210991663924949,5.270202996275766,0.049997081528345796,0.049978089045848974,0.0500017330050468,4.995132446289063,5.003998284794577,-0.011561645576104063
5.001124665178089,5.048655072082695,5.094991506715258,5.150289791592069,5.209754797831675,0.049996091664777906,0.04997557364901163,0.0500017330050468,4.9480085372924805,4.958761082127937,-0.014022036646777813
4.957945040351258,5.000415725385065,5.048056564285115,5.094517089652087,5.1499385501130375,0.05000013099435984,0.04998998392248531,0.0500017330050468,4.916592597961426,4.919646073007671,-0.003981935407264103
4.916932613977085,4.955587711181972,4.998425598856461,5.046479057714849,5.093349160030796,0.049996406083693185,0.049979821852163986,-0.0265893265604972,4.869468688964844,4.879621942971793,-0.013240521378717673
4.878906160140589,4.916310774572897,4.955062736091123,4.998009468704364,5.046170969786654,-0.026590731748047523,0.04999104873901379,-0.0265893265604972,4.838052749633789,4.840731074538314,-0.0034927145655210268
4.84205753073588,4.880058524650631,4.917283634541685,4.95583388956838,4.998580403244749,-0.026586722530820023,-0.02658080376047547,-0.0265893265604972,4.806636810302734,4.801673460367775,0.006472539826040347
4.800878712544889,4.841367090156532,4.87947563443263,4.916821597010189,4.955491813453229,-0.02659088676800384,-0.026592670896490152,-0.0265893265604972,4.759512901306152,4.762486698377076,-0.003878030005611599
4.76354150386865,4.801795079339147,4.842140713921489,4.880088860051501,4.917275607394877,-0.02658725582132862,-0.026582991975977917,-0.0265893265604972,4.728096961975098,4.724150077956156,0.0051470003800115904
4.726692330102085,4.765750096322681,4.803659637963759,4.843618687024555,4.881183098642374,-0.026584335743576888,-0.026568228093344748,-0.0265893265604972,4.696681022644043,4.687168392640651,0.012405104889674945
4.687368071095022,4.7268658016156255,4.765896546069943,4.803775723767952,4.843704632815136,-0.02658893456216207,-0.026582841231193415,0.018196202814579,4.649557113647461,4.648809954378024,0.000974345591424175
4.650000842860679,4.688402660571364,4.727739232441456,4.766588885399437,4.804288307123319,0.018198540704783543,-0.02658002124404632,0.018196202814579,4.618141174316406,4.613685093306131,0.005811027266870994
4.6149553823333855,4.651104411900645,4.689334325971002,4.728477732365001,4.767135644412862,0.018198696579794643,0.018208048303827253,0.018196202814579,4.586725234985352,4.581972052051476,0.006198468019205983
4.583193784674219,4.6160167677887,4.652000464679026,4.690044596963768,4.729003591684532,0.018198601256391878,0.0182078407538105,0.018196202814579,4.555309295654297,4.550737801665463,0.005961533499547755
4.551433012553024,4.583797752114147,4.616526654842351,4.652404635049939,4.690343830296379,0.018197567616361696,0.018203804628402445,0.018196202814579,4.523893356323242,4.521292007767679,0.0033923322650926124
4.521190557163966,4.551344876905985,4.583723345412031,4.616467675144442,4.6523609685844285,0.018196003652041014,0.018196808299669083,0.018196202814579,4.492477416992188,4.492857026095195,-0.0004950356250796872
4.49184177394473,4.520308552504417,4.550600262664499,4.583133114669726,4.61603068934652,0.01819420972446831,0.018188404900758594,0.018196202814579,4.461061477661133,4.4648603605071955,-0.004953996965316065
4.466086040928463,4.492906589066943,4.5212075007083365,4.551312828764006,4.58366067320446,0.0181986090065042,0.018203383446157715,0.018196202814579,4.4453535079956055,4.440767242086227,0.0059807970705803015
4.439869111164562,4.465305785838701,4.49224787480105,4.520685359996457,4.550926254396976,0.01819443965076078,0.01819188686019833,0.0716348811984062,4.413937568664551,4.417298205872029,-0.004382495381410223
4.417196024304234,4.4397803404893414,4.465230843027141,4.49218847014716,4.520641378908689,0.07163468060087763,0.018193674863097958,0.0716348811984062,4.398229598999023,4.398611943232332,-0.0004986024176751869
4.397911926724677,4.416587881961241,4.439266928859889,4.46482387884317,4.491887168374969,0.0716335069624806,0.0716294412607464,0.0716348811984062,4.382521629333496,4.385140959616785,-0.003415781639074744
4.386811809197561,4.399363484463289,4.417813329642052,4.4402383001471994,4.46554304751169,0.07163816132322481,0.07164601259508509,0.0716348811984062,4.382521629333496,4.3762696240480645,0.008153032474609745
4.375610764521727,4.386239422158586,4.398880258511761,4.4174302926328455,4.439954713202121,0.07163358775972137,0.07163323002643475,0.0716348811984062,4.366813659667969,4.369278988257935,-0.0032149531449396918
4.369280656457831,4.375612213777541,4.386240645662914,4.398881228342617,4.417431010661034,0.0716348844733293,0.07163360024552215,0.0716348811984062,4.366813659667969,4.366807417577305,8.140103145315436e-06
4.367321171453928,4.3697269823413425,4.375989015198722,4.38653932351533,4.399102358775691,0.07163588977324188,0.07163872971308284,-0.0885426476597786,4.366813659667969,4.364891289163157,0.0025068995367742986
4.366701988380228,4.368894224163806,4.371054999645676,4.377041689987436,4.387318686397552,-0.08853909298944244,0.07164944212375056,-0.0885426476597786,4.366813659667969,4.360038363312326,0.008835438981693144
4.364788791711588,4.370828943423939,4.3723783208363685,4.37381672625623,4.37908637390519,-0.08853332186631954,-0.08850353795626732,-0.0885426476597786,4.366813659667969,4.349038448899774,0.023180062079250163
4.352381846424217,4.367693382648855,4.373281084412271,4.374322050777514,4.375255794604245,-0.08853608407600386,-0.08850829788955196,-0.0885426476597786,4.351105690002441,4.338595324476657,0.01631435223489408
4.341927294939084,4.355276510052354,4.370137142711215,4.375218171074412,4.375756200678608,-0.08853610650901647,-0.08851114562616878,-0.0885426476597786,4.335397720336914,4.322930112730779,0.016258593051793113
4.323859739891835,4.342734912521887,4.355958324538614,4.3706775941932285,4.37561830208281,-0.08854082266418467,-0.08852914862611122,-0.0885426476597786,4.303981781005859,4.300503290786712,0.0045361835802371075
4.303436774900416,4.32640821679564,4.3448864115827215,4.357663745704358,4.371940227220433,-0.08853688879664867,-0.08851886672332727,-0.0885426476597786,4.288273811340332,4.277297264801001,0.014314149830094713
4.2791090780175915,4.305010795402154,4.327737051138288,4.345939734010313,4.358443588075314,-0.08853909080249664,-0.08852332810830464,-0.0885426476597786,4.256857872009277,4.250078407276684,0.008840874823651035
4.251862856178778,4.28065932565376,4.306319559993388,4.328774464946873,4.3467077982069515,-0.08853914452269274,-0.08852573492496713,-0.0885426476597786,4.225441932678223,4.218764860070471,0.008707348653905989
4.220616636926693,4.253471595263825,4.282017470444258,4.307396115830211,4.329571508505676,-0.08853901234796208,-0.08852528472268688,0.0244167670607566,4.194025993347168,4.187096992181689,0.009035880319933298
4.188503074264672,4.221838176766161,4.2545028550776625,4.282834915520538,4.308001323020064,0.024419527407822227,-0.08852848839287727,0.0244167670607566,4.162610054016113,4.157348758974538,0.006861080145344367
4.157143213966006,4.188324506157045,4.2216874243244655,4.254383358671861,4.282746444642125,0.02441636354550808,0.024417988986656154,0.0244167670607566,4.131194114685059,4.131963225498216,-0.0010029718706192625
4.13095112332885,4.156263945866045,4.187582202199547,4.221099024866813,4.253947728691805,0.02441478015452464,0.024408788370558796,0.0244167670607566,4.099778175354004,4.103565271562472,-0.00493862640264453
4.101306480860149,4.128988789219554,4.154607285769621,4.186269023288936,4.220126794020574,0.024412332720569436,0.02439787402067591,0.0244167670607566,4.068362712860107,4.076814683385812,-0.011021934087462881
4.076415311700827,4.100959524996144,4.128695878887723,4.154375105570863,4.18609712534777,0.02441598303507838,0.024409343585208288,0.0244167670607566,4.05265474319458,4.054149117023382,-0.0019487632846066916
4.051666844247367,4.074258826581626,4.09913895691419,4.127252775612819,4.153306683357536,0.024411893992209405,0.024397404228393364,0.0265708640217781,4.021238803863525,4.0305270023309845,-0.01211243117664651
4.029426384669394,4.050710677933944,4.073451602893525,4.098499097762848,4.126779046710263,0.0265687033465449,0.024403656314639723,0.0265708640217781,4.005530834197998,4.009649138751965,-0.005370544207162098
4.009137688541002,4.028982060105305,4.050335566085406,4.073154264308691,4.098278958875742,0.02656985996937879,0.026564875348796098,0.0265708640217781,3.989822626113892,3.9917363767345138,-0.002495658632053477
3.9914009926940626,4.0088463222175905,4.0287360800965235,4.050140585980156,4.073009907990451,0.026570205613308834,0.02656734975562912,0.0265708640217781,3.974114656448364,3.975369600530511,-0.0016365309030357267
3.974832548973276,3.9909344268506097,4.008452433627701,4.028423857818406,4.049909427737195,0.026569809710150032,0.026566185999848876,0.0265708640217781,3.958406686782837,3.9604162328323502,-0.002620582269674099
3.9593771724155262,3.973929860780228,3.9901723509625886,4.007848361623677,4.027976624443794,0.026568824192519692,0.026562032763633614,0.0265708640217781,3.9426987171173096,3.9465866860240304,-0.00507017113863073
3.9452196061232923,3.958189515889141,3.9729272062545795,3.9893775803391205,4.007259941790266,0.02656818024176401,0.026558592152977463,-0.0563136935234069,3.9269907474517822,3.932106103653416,-0.006670766150549401
3.9310370967687307,3.9442909018078667,3.9574054764264144,3.9723057244613247,3.988917457377279,-0.05631579214201032,0.026560179158060623,-0.0563136935234069,3.911282777786255,3.9152828007506875,-0.005216297114173596
3.9155564228993933,3.931274807183827,3.9444915839227668,3.957564550410023,3.972423497167274,-0.056313156362664714,-0.05631374419101368,-0.0563136935234069,3.895574808120728,3.894550965436381,0.0013351592446375626
3.8957087478228214,3.916562251312676,3.9321239570753983,3.945164676569813,3.958062884207914,-0.05631142062536508,-0.05630449083027486,-0.0563136935234069,3.8798668384552,3.875534634238442,0.005649483654174947
3.87475458704836,3.8950310784812645,3.915990142948759,3.9316704659581188,3.9448289279150397,-0.056315224871397354,-0.056317258962750784,-0.0563136935234069,3.8484508991241455,3.8513696891884273,-0.0038062971949330837
3.8528516316398074,3.8760420309081947,3.896117976404952,3.9168516904891706,3.9323083250400166,-0.05631078425121959,-0.05630413313217008,-0.0563136935234069,3.832742929458618,3.8271977791678125,0.007231246349530984
3.827523099293929,3.853134254894482,3.876280629761531,3.89630710571577,3.916991715087814,-0.05631305487188976,-0.056308349361793957,-0.0563136935234069,3.801327228546143,3.8001099417410726,0.0015874232985337855
3.799898881680744,3.8273397399614035,3.85297945755999,3.8761579271048348,3.8962162610435085,-0.05631410786551768,-0.05631463457098555,-0.0563136935234069,3.769911289215088,3.7707010363161415,-0.0010298829683703659
3.7737962596823684,3.802587870253785,3.829609863100779,3.8547789080553274,3.877490176095213,-0.05630761714220567,-0.056290941371841506,-0.0581078864634037,3.754203319549561,3.7426215751077594,0.01510336831714687
3.7453225690941356,3.7761427597910413,3.8045688545713277,3.8311801229468765,3.855941472460414,-0.058102584012775245,-0.05628740129581877,-0.0581078864634037,3.722787380218506,3.712680768065605,0.013179697285746972
3.7154149448807727,3.7476978969276233,3.7781480813206545,3.8061584057094064,3.8323569699367477,-0.058102518869975125,-0.05808211980635019,-0.0581078864634037,3.691371440887451,3.681140664822145,0.013341615320649147
3.6809993949293687,3.715292216055598,3.7475942856483897,3.778065952133693,3.8060976001875577,-0.05810816379709475,-0.058103576217924016,-0.0581078864634037,3.644247531890869,3.6447761372940546,-0.0006893367522371463
3.6460395880373078,3.682097023180783,3.716218866067037,3.7483288100418757,3.778609767806403,-0.05810540612275082,-0.05809870737983805,-0.0581078864634037,3.6128315925598153,3.6081039972001934,0.006165100113336486
3.6107743274831585,3.648359448922143,3.6840555178830643,3.7177712991491942,3.749478176146524,-0.058102644210159704,-0.05808541978176859,-0.0581078864634037,3.58141565322876,3.5714237788942724,0.013030071506993313
3.5722533035098474,3.611494980550293,3.648967845409791,3.6845377733792843,3.71812834392459,-0.058106257983910094,-0.05809643555427702,-0.0581078864634037,3.5342917442321777,3.531187818935347,0.004047725903685517
3.534156429583178,3.5748322967408126,3.6136722423908987,3.650693687867234,3.6858155256027754,-0.05810205864169265,-0.0580840391351671,-0.0581078864634037,3.502875804901123,3.4917678214691223,0.014485552317037076
3.4931592467612846,3.5353652362727663,3.5758528068554996,3.6144811665410996,3.6512925864672177,-0.05810515488978596,-0.058091644386752773,0.0025479197502136,3.455751895904541,3.45054544382114,0.006789561264827881
3.450429210544946,3.4930582686041336,3.53527998754638,3.5757852330484834,3.614431137303615,0.002547691567103416,-0.05810602484879676,0.0025479197502136,3.408627986907959,3.4090629099946743,-0.0005671687543511439
3.4103087814953796,3.45151156675401,3.493972025508821,3.53600429200645,3.5763214822468665,0.0025503655802136707,0.002557016410847278,0.0025479197502136,3.3772120475769043,3.3725502304408814,0.0060793209163221285
3.3717861270323186,3.409644963382391,3.4509511520041145,3.49352780352729,3.5356754058893087,0.0025464197022240917,0.0025446465755771847,0.0025479197502136,3.3300881385803223,3.3329472700089755,-0.0037284983493708346
3.330296607852265,3.3694833529165122,3.4077008938324282,3.449410153256525,3.4923869029962837,0.0025427161084100405,0.0025265805692034743,0.0025479197502136,3.28296422958374,3.292882509484165,-0.012934099449475767
3.29179133680762,3.329348646910105,3.3686830564438544,3.407066525652499,3.448940489673432,0.0025457776168828026,0.0025345491227292587,0.0025479197502136,3.251548290252685,3.25563125344672,-0.005324456713299952
3.2527248747364492,3.289266407839287,3.32721702770809,3.3669933933756244,3.405815559358866,0.0025422140989990703,0.002524024548995449,-0.0800805613398552,3.2044246196746826,3.2152997428857377,-0.014181887035781049
3.2149407949943143,3.252413037216454,3.289003145445031,3.327008348435353,3.366838894682197,-0.08008126600764863,0.002539527519365603,-0.0800805613398552,3.173008680343628,3.174351795929971,-0.001751512433637803
3.1738713109161187,3.2145233715780064,3.2520606361070636,3.288723808901629,3.326801537617891,-0.08008150460299332,-0.0800848622434345,-0.0800805613398552,3.125884771347046,3.1276826560164612,-0.002344561692789515
3.1271104623219323,3.1733742151901874,3.2141037087645477,3.251727983466132,3.2884775247464515,-0.08008168464069572,-0.08008578724112228,-0.0800805613398552,3.078760862350464,3.0809019036767697,-0.002792060893411996
3.0777861936582087,3.1244036758818208,3.1710890665686384,3.2122923480732957,3.250386916591337,-0.0800866779393846,-0.0801050044686698,-0.0800805613398552,3.0159289836883545,3.0275873853350577,-0.015203334432408067
3.0264131203159077,3.076766045887075,3.1235424371677367,3.1704063915173246,3.211786919804929,-0.08008286659574254,-0.08009546683760665,-0.0800805613398552,2.9688050746917725,2.9731989538240957,-0.0057299118634484
2.9707806727995414,3.024312228305211,3.0749924111403057,3.1221365363739584,3.1693655126946307,-0.08008530878313093,-0.08010096645007739,-0.0800805613398552,2.905973196029663,2.9150219493831186,-0.011800178755025481
2.9121625046620094,2.968296517935565,3.022215031799788,3.0733300337894707,3.1209057714526587,-0.08008617485270822,-0.08010671056911244,-0.0800805613398552,2.8431413173675537,2.8538408224070597,-0.013952869210237306
2.8512780798740907,2.909936111096365,2.9664169310896416,3.020725146329585,3.072226975706684,-0.08008559238243547,-0.08010535594294277,-0.0800805613398552,2.7803094387054443,2.789898739888308,-0.012505089228709299
2.787499695061423,2.849193899392612,2.908176584713444,2.965022213522832,3.01969254716942,-0.08008527101963019,-0.08010354826161928,0.0478609278798103,2.717477560043335,2.7264543351583663,-0.011706314324564815
2.726641740375042,2.7876625041470833,2.84933134760506,2.908285535302812,2.965102876654751,0.04786129578396482,-0.08008386836746156,0.0478609278798103,2.670353651046753,2.6696524159274135,0.0009144574323434185
2.666868121223446,2.724222872410733,2.785620424760088,2.847712659745926,2.9070871165234924,0.04785546189755439,0.04784045646543425,0.0478609278798103,2.6075220108032227,2.6179403185944707,-0.01358616921684952
2.6163364880153592,2.6654747865299364,2.7230465783348334,2.784688015887271,2.847022337459957,0.047857779323202974,0.047843457875042135,0.0478609278798103,2.5603981018066406,2.56639933457643,-0.007826008364674397
2.5647097416052715,2.6148686468759736,2.6642355919238847,2.7220643103208206,2.783960779670804,0.04785761095894452,0.047845133403910445,0.0478609278798103,2.5132741928100586,2.5195963323416155,-0.008244492215945698
2.5170566191833252,2.5625033549076393,2.6130059504157055,2.662759094896056,2.720971164563425,0.04785594204729819,0.047838602234255116,0.0478609278798103,2.466150283813477,2.475653413402038,-0.012392715714187652
2.475129232667509,2.5166012349222937,2.562118906138076,2.6127012107666427,2.662533476524868,0.04785989883551059,0.04785201876673494,0.0478609278798103,2.434734344482422,2.4366957303309755,-0.002557778150916512
2.4339105784829522,2.472709620055626,2.5145585268819435,2.5604997199665056,2.611502423054562,0.047855460214853845,0.047839053101603815,0.0478609278798103,2.38761043548584,2.3980319505491403,-0.013590351713825832
2.395854814516346,2.432019182217979,2.471112847771098,2.5132928190317845,2.559562635000925,0.04785665383981482,0.047839165233145506,0.0829976871609687,2.356194496154785,2.3643409302448064,-0.010623494168018333
2.3617464974245164,2.3936008898776904,2.4301163528315253,2.469604538718339,2.5121761207853353,0.08299259390566793,0.0478372355606107,0.0829976871609687,2.3247785568237305,2.3344864371091676,-0.012659724298572428
2.3336361891378714,2.3610078408532287,2.392977294303004,2.429622049528635,2.4692385741764293,0.08299601799846316,0.08298623014385832,0.0829976871609687,2.309070587158203,2.3122520553595467,-0.004148847030398528
2.3120502142933645,2.3334608388460456,2.360859804986152,2.392859951234816,2.4295351729046177,0.08299729091710677,0.0829945072998059,0.0829976871609687,2.293362617492676,2.2941178688492934,-0.0009848982135940432
2.2934171608053284,2.3114414711752365,2.3329469200245776,2.360452438768076,2.3925583518109073,0.08299631156745504,0.08299204640110625,0.0829976871609687,2.2776546478271484,2.280276565709414,-0.003419156040971316
2.281519429988038,2.2944969044773122,2.312353022499381,2.3336694761949044,2.3609873935950656,0.08300012708734711,0.08300561390335921,0.0829976871609687,2.2776546478271484,2.2730040831512914,0.006064646956695174
2.2748441030344266,2.283117955152298,2.2958464263758587,2.31342274325888,2.3344614593061492,0.08300129939210839,0.08301389889116967,0.0829976871609687,2.2776546478271484,2.2707696390465753,0.008978511311687587
2.2721948765200777,2.276082284201555,2.2841632640637664,2.2966750077007645,2.3140361953301714,0.08300048511289869,0.08301196671753543,0.0829976871609687,2.2776546478271484,2.2723216769123207,0.006954550271421667
2.2757528508754445,2.2751757236148715,2.2785988028780095,2.2861580240397026,2.298151856867148,0.08300442306287328,0.08302616606077014,0.0829976871609687,2.293362617492676,2.2805238090209285,0.016742663773708255
2.28461613021004,2.279308072458095,2.278177146105579,2.280977929848676,2.287919444825028,0.08300572099265084,0.0830350524300404,0.0829976871609687,2.309070587158203,2.2937578899541133,0.019968779916053947
2.29818440836799,2.2884616870648844,2.2825546045138614,2.2807505632099416,2.282883196121903,0.0830063770712254,0.08303885169073275,-0.0794310346245765,2.3247785568237305,2.3082153563788648,0.0215995196653318
2.3104134335625384,2.3000939973475942,2.2900738181734943,2.2838324867888886,2.2816966616856367,-0.07942671947400498,0.08302282878896924,-0.0794310346245765,2.3247785568237305,2.316553764880621,0.010725678042102338
2.322241600540825,2.3153547651841935,2.304265614648653,2.2933805193336854,2.286280650433046,-0.07941986856203688,-0.07938414832702703,-0.0794310346245765,2.340486526489258,2.3192037138295207,0.02775420922470717
2.3238241264504045,2.3262556038195075,2.318743504658888,2.3069517548057843,2.2953692417362324,-0.07942196407131763,-0.07938528664432104,-0.0794310346245765,2.340486526489258,2.323197810342099,0.02254564059958808
2.3247921454458886,2.3252092119090073,2.327424933648987,2.319670393207079,2.3076379900402184,-0.07942790470899146,-0.07941003111859356,-0.0794310346245765,2.3247785568237305,2.3188128543390034,0.007779674499822864
2.3221670370105927,2.3277061060259903,2.327669263025043,2.329374933683137,2.3211141037084038,-0.07942444986796296,-0.07940280000976427,-0.0794310346245765,2.3247785568237305,2.3122278353031644,0.016366979147536043
2.314256523789452,2.3239294688329326,2.3291940027398614,2.328848668860941,2.330248123714312,-0.0794270520090678,-0.07940926595603554,-0.0794310346245765,2.309070587158203,2.3014796159034034,0.009899133530550941
2.3030991805463823,2.3156635275184203,2.3251173027100793,2.330135558826197,2.3295457634176713,-0.07942785517967499,-0.07941493022345804,-0.0904286131262779,2.293362617492676,2.2873025108113207,0.007902783877647757
2.28954210601151,2.3050448384808817,2.3173061090982374,2.326419322052628,2.3310995275261184,-0.09042421646970013,-0.07941109271638769,-0.0904286131262779,2.2776546478271484,2.269274503264819,0.0109282682338403
2.2695107401862913,2.289747337850123,2.3052181012274935,2.317443448667975,2.3265210033734514,-0.09042814935826543,-0.09042244833199249,-0.0904286131262779,2.2462387084960938,2.2453547543097616,0.0011527352998284002
2.244723758527753,2.268962559894694,2.289284547945777,2.3048512631876674,2.317171854862279,-0.09042985186431202,-0.09043287210621088,-0.0904286131262779,2.214822769165039,2.2171838368575414,-0.0030789899708780766
2.216703775009429,2.244306702738496,2.268610469146859,2.2890054574155734,2.3046446345096063,-0.0904295555586791,-0.09043344493287367,-0.0904286131262779,2.1834068298339844,2.1852031310966864,-0.0023424968246774647
2.1855952962262597,2.2170444701475165,2.244594327581606,2.268838459715929,2.289174253504294,-0.09042784324813369,-0.09042662036146736,-0.0904286131262779,2.1519908905029297,2.1505234822508266,0.0019135983715155014
2.149036627655043,2.1843035849199097,2.2159539695201294,2.24372992429877,2.2681984863441573,-0.0904315320417311,-0.09043897175277295,-0.0904286131262779,2.104866981506348,2.1104305121188323,-0.007255215516653202
2.1110922432947827,2.1496115094519346,2.1847889170193513,2.216338676002168,2.2440147472620113,-0.0904273140501202,-0.09042657925180639,-0.006946638226509,2.073451042175293,2.0709749684118743,0.003228965568809361
2.0699035853982446,2.110161474707147,2.1488257272699722,2.184166053830992,2.2158775303046423,-0.006948741509804924,-0.09043533291818666,-0.006946638226509,2.02632737159729,2.030336285589908,-0.005227891608775348
2.027184622639533,2.067165564694438,2.1078499572027156,2.146993464849408,2.18280951206103,-0.0069528254069604134,-0.006972330430916711,-0.006946638226509,1.9792033433914185,1.9909962741557117,-0.015378769387181856
1.9900160773245799,2.026333072438987,2.066446661001808,2.107280106350414,2.146571567595434,-0.006948562497843723,-0.006960161783371109,-0.006946638226509,1.947787404060364,1.95145511648613,-0.0047829419761493686
1.9486312038642988,1.9875627911242284,2.024261936166128,2.0648049407235267,2.10606463518914,-0.006952181984596525,-0.0069696983404486665,-0.006946638226509,1.9006636142730715,1.9112301648712904,-0.0137794877385371
1.9100770961778128,1.9476294704919923,1.9867170983865363,2.023591583889043,2.064308635797852,-0.006948901870874452,-0.006960812236903066,-0.006946638226509,1.8692476749420168,1.8735622414051074,-0.005626482845337177
1.870424148771712,1.9073508647450776,1.9453279058364958,1.984892725255604,2.022240883067845,-0.006952798766421353,-0.006972389223658112,-0.006946638226509,1.8221237659454343,1.833865919132585,-0.015312552035064986
1.8324374415135438,1.8691831527142515,1.9063031794205065,1.9444974408086049,1.9842778785577821,-0.006949442539323846,-0.00696349034302586,-0.006946638226509,1.79070782661438,1.7960529215451984,-0.006970360798058239
1.7928309976301304,1.8296383812953516,1.8668201038588086,1.9044300698258423,1.943110657247276,-0.006952963339624562,-0.00697355733530851,-0.0729248076677322,1.743583917617798,1.755639751714427,-0.015721612892323655
1.754913554228332,1.7922001104498424,1.8291057678061513,1.8663979190044537,1.9041174992119663,-0.07292623330079023,-0.006958398633779045,-0.0729248076677322,1.7121679782867432,1.7148852728736226,-0.0035435336341649304
1.713884689639256,1.7540442932525506,1.7914662548005245,1.8285240650391221,1.8659672470153756,-0.07292677196059129,-0.07293372226117492,-0.0729248076677322,1.6650440692901611,1.668788063807529,-0.004882418918612963
1.6676047582033262,1.7128566878210885,1.7531764239212566,1.7907783238812727,1.8280147455135238,-0.07292713067162496,-0.07293562852393204,-0.0729248076677322,1.617920160293579,1.6223478675970213,-0.005774026058030124
1.6216756947380724,1.6670208051495519,1.7123636975001282,1.7527856470238004,1.7904890065988868,-0.07292612724245778,-0.0729321616133192,-0.0729248076677322,1.5707963705062866,1.573311515086159,-0.0032799165230750216
1.5703637824910617,1.6191148394049535,1.6648588558550883,1.7106499927845824,1.751516881151659,-0.07293059450273821,-0.07294818982742936,-0.0729248076677322,1.5079644918441772,1.5189943535244994,-0.01438367633495985
1.5179983790733909,1.5694985254155,1.618384363965811,1.664279832467327,1.7102213045123853,-0.07292676291286819,-0.07293804896824625,-0.0729248076677322,1.4608405828475952,1.4645673321637078,-0.004859930024338599
1.4621614124145124,1.5159082259736725,1.567733956772822,1.6169856495687596,1.6632442741965507,-0.07292953084399638,-0.07294477024806192,-0.048971589654684,1.3980087041854858,1.407011203968444,-0.011739861009737673
1.4038440187549512,1.4594099066780564,1.5135853240085708,1.5658926702720055,1.6156224266915171,-0.0489778073076334,-0.07295323594296282,-0.048971589654684,1.3351768255233765,1.347027837680615,-0.01545451140294074
1.346550209284976,1.4034290770379665,1.4590596006921317,1.5133076481992906,1.5656870890028767,-0.04897252730985813,-0.048981382162788564,-0.048971589654684,1.288053035736084,1.2898402314767203,-0.002330622615730027
1.2885598483533984,1.345437870955764,1.4024900083467586,1.4583152324275912,1.5127565444754187,-0.048974103236102975,-0.048982110459123915,-0.048971589654684,1.2252211570739746,1.2300121102193,-0.006247722897673391
1.2282805339560734,1.2870555340489864,1.344167884632439,1.4014833327709095,1.457569925722551,-0.04897498899496075,-0.04898706338333809,-0.048971589654684,1.1623892784118652,1.1688685115363646,-0.008449352753698847
1.1701996569059991,1.2294369722044596,1.2880318331873466,1.3449417642241,1.4020562856292047,-0.048968976419468596,-0.048965025910834355,-0.048971589654684,1.1152653694152832,1.1102844734792372,0.0064954209833849585
1.1108769081498528,1.1707143370667077,1.2298714803142805,1.2883762531969416,1.3451967605194899,-0.0489704266178141,-0.048964542285828964,-0.048971589654684,1.0524334907531738,1.0502167114963359,0.0028908282134940677
1.0504065924425015,1.1110418680361243,1.1708536010482091,1.2299818702028944,1.2884579819347062,-0.04897121689030636,-0.048969005435812646,-0.048971589654684,0.9896016716957092,0.98889117286165,0.000926537935077465
0.9888944494928331,1.0504094390298935,1.1110442712088158,1.1708555059626233,1.2299832805336102,-0.048971583222172425,-0.048971192366048626,-0.048971589654684,0.9267698526382446,0.9267575920998267,1.5988560999935508e-05
0.9261319539995864,0.9883509237102477,1.0499505785987764,1.110680547930663,1.1705862182154185,-0.048972817874796494,-0.048976265870039115,0.0979672446846962,0.8639379739761353,0.8662789942298269,-0.003052846771665396
0.8670986509134198,0.9268440342584934,0.9889520827813735,1.0504270972375898,1.1110333453413728,0.09796885379198002,-0.04896668307638929,0.0979672446846962,0.8168140649795532,0.8137470636306462,0.003999574609377832
0.8132841002880149,0.8666964495241256,0.9265044840314379,0.9886829327015082,1.0502278281145492,0.09796633581918984,0.09796538869880891,0.0979672446846962,0.769690215587616,0.7714225374545236,-0.0022590634192650727
0.7730435954567594,0.8146924013792419,0.8678853786725996,0.9274469083026303,0.9893806700313525,0.09797042706128277,0.097978468781989,0.0979672446846962,0.7382742762565613,0.7322085817053735,0.007910070833133886
0.7338732052452913,0.7744897442956751,0.8159132827080497,0.8688531303657858,0.9281633971527123,0.09797051258687588,0.0979828860944923,0.0979672446846962,0.7068583369255066,0.7006296283154922,0.00812265205383822
0.7009921758525252,0.7341881699728464,0.7747556467704116,0.8161240546840615,0.8690091784221059,0.0979679564191263,0.09797322610839927,0.0979672446846962,0.6754423975944519,0.6740858128103824,0.0017690771671053929
0.6756297468479565,0.702333475168712,0.7353205342547299,0.7756532339684781,0.8167885962435535,0.09797027565553476,0.09797951214027656,0.0979672446846962,0.6597344279289246,0.6539573167668373,0.007533738818755409
0.6553713847289351,0.6768582244541524,0.7033705920490103,0.7361426220312058,0.7762618784480289,0.0979700207092235,0.09798085938169135,0.0979672446846962,0.644026517868042,0.638735341166853,0.0069000478253284925
0.6420181033867889,0.6582232984853817,0.679265893819103,0.7052790708254354,0.7375555916736818,0.09797368923240121,0.09799459085528738,0.0979672446846962,0.644026517868042,0.6317430382622248,0.01601847784114696
0.6321849232547089,0.6424019928689998,0.6585473892625859,0.6795227897114265,0.7054692673849224,0.09796811217028406,0.09797699656265585,0.0979672446846962,0.6283185482025146,0.626665097562583,0.002156210071340703
0.6306209740217336,0.6356216078930729,0.6453033429894517,0.6608471922207777,0.6812254818260793,0.09797501065519547,0.09799772030389231,0.0392396673560142,0.644026517868042,0.6292243712142224,0.01930298789793461
0.632132228585565,0.6331471875832138,0.6377543115863559,0.6469938656975469,0.6620987949611179,0.03924537591005908,0.09799677479026225,0.0392396673560142,0.644026517868042,0.6331458617850039,0.014189102270397491
0.6352232950883818,0.6339370076767902,0.6346708351053815,0.6389620558892658,0.647888036519337,0.03924374566480742,0.03926092465720622,0.0392396673560142,0.644026517868042,0.6362531526637266,0.010136987423131627
0.6400748916934782,0.6385434472597172,0.6367399776655664,0.6368926554318805,0.6406070124437524,0.03924716999490282,0.03927234983406731,0.0392396673560142,0.6597344279289246,0.6454341983400672,0.018648454521302038
0.650243639209036,0.6442531140733182,0.6420708253233601,0.6395360119836042,0.6389627395530718,0.03924910899967828,0.03928316671252023,0.0392396673560142,0.6754423975944519,0.6574463732492836,0.02346801773214935
0.6593676305825807,0.6519127397565048,0.6456622177834421,0.6431877745871177,0.6403629613955498,0.03924343906828226,0.0392634888329232,0.0392396673560142,0.6754423975944519,0.6682534135346975,0.009374915378782323
0.6707511535855409,0.6615375529631203,0.6537446519691851,0.647114313170404,0.6442628542396145,0.03924457078910925,0.03926213364125685,0.0392396673560142,0.6911503672599792,0.6818042931554195,0.012187904873038335
0.684305224728145,0.6729238486144021,0.6633718059269572,0.6551986027911034,0.6481907665207901,0.039244577054538675,0.039263289249332915,0.0392396673560142,0.7068583369255066,0.6975003207455471,0.012203478136991741
0.6996758875181701,0.6861952576916148,0.6745194699597553,0.6646366014662235,0.6561350123142262,0.0392439383153199,0.03926086029097001,0.0392396673560142,0.7225663065910339,0.7144257443778101,0.01061583684848122
0.716332388189551,0.7013322925061178,0.6875936434374733,0.6756279234526132,0.6654572609122973,0.03924341037977834,0.03925820877227282,-0.0460548549890518,0.7382742762565613,0.7311399732495236,0.009303607633795896
0.7301084025907024,0.7154362067558874,0.7005757098154975,0.6869939257068417,0.6751839138267769,-0.04605688011480763,0.03923568949106806,-0.0460548549890518,0.7382742762565613,0.7421342198956828,-0.005033624317824725
0.7432678352297512,0.7310932357735979,0.7162676318572545,0.7012347526156616,0.6874818574990247,-0.0460526295345077,-0.04604839546301983,-0.0460548549890518,0.7539822459220886,0.749740470275864,0.00553155875831679
0.7491766652613161,0.7427780272055275,0.7306797254519886,0.7159398560903188,0.7009920791241141,-0.04605596182167297,-0.04605684938676348,-0.0460548549890518,0.7539822459220886,0.7560918983836038,-0.002751127717206314
0.7549148241760312,0.7481540769956936,0.7419147281543091,0.7299954172405112,0.7154332186883952,-0.04605716575979144,-0.04606477174553296,-0.0460548549890518,0.7539822459220886,0.7583866365098223,-0.005743619503381869
0.7573298298470248,0.7539967188556904,0.747378985515951,0.7413003391271401,0.729540545509799,-0.04605692965681543,-0.04606507552977372,-0.0460548549890518,0.7539822459220886,0.757936617947857,-0.005156765241050132
0.7574087973386764,0.7568712834292803,0.7536096005005454,0.7470721297759089,0.7410731540776363,-0.04605589117896373,-0.046060880180366706,-0.0460548549890518,0.7539822459220886,0.755957251497889,-0.002575539184932585
0.7532207654531512,0.755031463352097,0.7548642682462987,0.7520187068602294,0.7458942888452462,-0.046060227115839514,-0.046076372669037136,-0.0912477225065231,0.7382742762565613,0.748513693025162,-0.013352883374872171
0.7483481636252989,0.7530769610771597,0.7549100594737933,0.7547680354626403,0.7519474595382262,-0.09124804746521414,-0.04606146603637656,-0.0912477225065231,0.7382742762565613,0.738893656178456,-0.0008077127876227053
0.7386435315720967,0.7481308668008838,0.7528935127151387,0.7547646461082442,0.7546603765912557,-0.09124821353811476,-0.09124991954662019,-0.0912477225065231,0.7225663065910339,0.7235022258856052,-0.001220501271813168
0.7204726678296431,0.7360115900189491,0.7459089044313945,0.7511322376472588,0.7534606608432753,-0.09125366997700946,-0.09127088855353072,-0.0912477225065231,0.6911503672599792,0.702486404445084,-0.014782949643195598
0.7015468117864067,0.719656392678045,0.7353224665588057,0.7453626593708534,0.7507278172798798,-0.0912495670658626,-0.09126070244762949,-0.0912477225065231,0.6754423975944519,0.6789581768338224,-0.004584810953204843
0.6772557555643588,0.7000678260078553,0.7184077894402486,0.7343327406378801,0.7446299015860072,-0.09125106461123556,-0.0912623089997739,-0.0912477225065231,0.644026517868042,0.6503966584822392,-0.008307088833784948
0.6488787306679585,0.6759370492661839,0.6989545354154221,0.7175253213162684,0.7336793927017965,-0.09125070242329944,-0.09126242568633408,-0.0912477225065231,0.6126105785369873,0.6182903792964171,-0.007406839554157552
0.6144534769980289,0.6455454053419686,0.6731229581133017,0.696723899715029,0.715873838173248,-0.09125525491315045,-0.09127942008348565,-0.0912477225065231,0.5654866695404053,0.5798436372322917,-0.018722444797289683
0.5781244389878474,0.6129599161505163,0.6442844974028288,0.6721234786681979,0.6959839207686266,-0.09125109754691849,-0.09126812241592669,-0.047535166144371,0.5340707302093506,0.5405036471126046,-0.008388953307653546
0.5374789559164243,0.5754967255400063,0.6107415232717225,0.6425260517505382,0.6708215882016534,-0.04754110406049186,-0.09127373613585951,-0.047535166144371,0.4869468510150909,0.4982646773250643,-0.014759201445688042
0.4974684051233527,0.5367871910264342,0.5749127173000613,0.6102785995217186,0.6421833195108002,-0.0475367293444587,-0.04754706383552029,-0.047535166144371,0.4555309414863586,0.4585104424965153,-0.003885468323346075
0.45680421873708377,0.49598611591533504,0.5355357989364478,0.5739207807495149,0.6095442050655173,-0.04753851571393358,-0.04754949973846784,-0.047535166144371,0.4084070324897766,0.41479140130718917,-0.008325643361104307
0.41258364480195286,0.45488622080536295,0.49436688572234483,0.5342522894552645,0.5729705160910108,-0.04753950029688215,-0.047555039877480276,-0.047535166144371,0.3612831532955169,0.3695441634417865,-0.010772908998101904
0.3672043210778016,0.410550896714004,0.4531701151598283,0.4930065863181642,0.5332451722755882,-0.04753975960095623,-0.04755701306960154,-0.047535166144371,0.3141592741012573,0.3229145247204743,-0.011417431586013882
0.32079958605011283,0.3653669590381705,0.4089997417097046,0.4519405665981586,0.4920962724005824,-0.04753931808174604,-0.04755558906058975,-0.047535166144371,0.2670353651046753,0.27494906834738153,-0.01031999759861768
0.2733168303946737,0.3193815723289689,0.36416983020222304,0.4080508178211875,0.45123801718338,-0.04753837046885368,-0.04755153472194784,-0.047535166144371,0.2199114859104156,0.22601901373627176,-0.007964624217419114
0.22497097626480356,0.2724063433469063,0.3186129124187109,0.36356053926453386,0.4075997205341623,-0.04753722359691523,-0.04754621460498941,-0.047535166144371,0.1727875918149948,0.17670915117397998,-0.005113975331948767
0.17636743314752007,0.2246741072638846,0.27215571781613757,0.3184142499639464,0.3634134566660007,-0.04753583698739149,-0.04753978121798562,-0.047535166144371,0.1256637126207351,0.12694235728877404,-0.0016674380500442398
0.12717307643060452,0.1765678713914069,0.22484332311702176,0.2722898495491106,0.3185135563167991,-0.04753471320857597,-0.0475341101480304,-0.0047094151377677,0.0785398185253143,0.07767651083396358,0.0011258108913572706
0.07810642035253296,0.1275465621684961,0.17688317902205836,0.22509325690357204,0.2724748916137052,-0.004708571161806104,-0.047531495509894856,-0.0047094151377677,0.0314159281551837,0.029807287489215257,0.002097774872356229
0.02984004575256783,0.07813487923430185,0.12757058799243304,0.1769022234871071,0.22510735674649587,-0.0047093508284523225,-0.004708325979468351,-0.0047094151377677,-0.0157079640775918,-0.01583053934587337,0.00015984633685649924
-0.01599622417573249,0.02969610634610086,0.0780133613593043,0.1274742648474177,0.1768309092647769,-0.004709740401590812,-0.004710590912319952,-0.0047094151377677,-0.0628318563103675,-0.06221189479862339,-0.0008084712196317484
-0.06282662603642387,-0.01653027457480007,0.029245245312078342,0.07765597893500838,0.12720967164233607,-0.004710621946096281,-0.004714341416008201,-0.0047094151377677,-0.1099557429552078,-0.10765553413206355,-0.002999625940364417
-0.10561552773847194,-0.06105436173357806,-0.015034076992067522,0.03043123096839468,0.07853404043062838,-0.004705410303533225,-0.004695353324215172,-0.0047094151377677,-0.1413716673851013,-0.14900498812311969,0.009954360085265068
-0.14836411150846138,-0.10505876343113665,-0.06058432495100044,-0.014661494594854956,0.03070707769149442,-0.00470815700219787,-0.004700613601556014,-0.0047094151377677,-0.1884955614805221,-0.1908936013928233,0.003127204214935203
-0.19149937977577175,-0.1488903840764826,-0.10550305819172481,-0.060936502510512136,-0.014922234303621015,-0.004710604370318224,-0.004712691008121599,-0.0047094151377677,-0.235619455575943,-0.23335274665398598,-0.0029559398316991448
-0.23512459205807304,-0.19303867806899738,-0.15018990491077935,-0.10653314478412888,-0.06169914189752946,-0.004712893532323117,-0.004723865915768165,-0.0047094151377677,-0.2827433347702026,-0.2761134220846015,-0.008645848965528058
-0.27852539770778545,-0.23722000622428913,-0.1948076882585508,-0.1515921399731139,-0.10757130962995724,-0.004714150202608081,-0.004730946193281698,-0.08785330504179,-0.3298672139644623,-0.3208420542385508,-0.011769411088846438
-0.3230253564515002,-0.28042215086821165,-0.2388213009573112,-0.19607698090199344,-0.1525318789918322,-0.087857591186909,-0.004730491335678267,-0.08785330504179,-0.3769911229610443,-0.3688216161831137,-0.010653582494117242
-0.36953036124495087,-0.32364108176337086,-0.2809419642627312,-0.23923333960579996,-0.19638203962679204,-0.08785469641315828,-0.0878628958567342,-0.08785330504179,-0.4241150021553039,-0.42146301126180247,-0.0034583732562522007
-0.424239103346407,-0.37194210314851195,-0.3256771451205624,-0.28255588341675786,-0.24042822780587816,-0.08785875492109106,-0.08787547433840406,-0.08785330504179,-0.4869468510150909,-0.47655923588475185,-0.013546143937007593
-0.476852503378432,-0.4244938807391971,-0.3721571937073046,-0.3258476401945294,-0.28268211189080894,-0.08785388076924959,-0.08786094990954064,-0.08785330504179,-0.5340707302093506,-0.5329733783342153,-0.0014310201392337962
-0.5339338472318403,-0.477686914852142,-0.42519831541520137,-0.37271557545527345,-0.32626104613256685,-0.08785519058427381,-0.0878610694900656,-0.08785330504179,-0.59690260887146,-0.5933087146672584,-0.0046866780847801826
-0.5942561107017864,-0.5347569015996727,-0.47838176152576223,-0.4257490970751661,-0.373123354559121,-0.08785516492031029,-0.08786228146000259,-0.08785330504179,-0.6597344279289246,-0.656189449922877,-0.004622888095188626
-0.6598385762415937,-0.5974263048401738,-0.5374332726121857,-0.4805032310886419,-0.42731975750210605,-0.08786046881640022,-0.08788247715331697,-0.08785330504179,-0.7382742762565613,-0.7246199310095014,-0.01780617819984931
-0.7264197606275482,-0.6614021859407051,-0.5987463500774395,-0.5384796282106398,-0.4812779154676948,-0.08785683837349582,-0.08787393981236116,-0.08785330504179,-0.8011061549186707,-0.7943715305608767,-0.008782399979943456
-0.7950202940627694,-0.7269833767019906,-0.6618780071863375,-0.5991235176245625,-0.5387588696152574,-0.08785457866048581,-0.08786169410563067,0.0910272970795631,-0.8639379739761353,-0.8615104228132454,-0.003165688856811344
-0.862547328014553,-0.795921109903095,-0.7277438718948454,-0.6624808262263041,-0.5995698233492585,0.09102526148131147,-0.08786233947608671,0.0910272970795631,-0.9267698526382446,-0.9228899481431584,-0.005059654607223019
-0.9267582613596081,-0.8659079417103124,-0.7987582386993016,-0.7299927687626494,-0.6641458292866046,0.09101970300865843,0.09099630872312149,0.0910272970795631,-0.9896016716957092,-0.9751271702485395,-0.018875716664464304
-0.9777455814627848,-0.9290330173308422,-0.8678283575196257,-0.8002804879197883,-0.7311197878122714,0.09102215675112899,0.09100010526088413,0.0910272970795631,-1.0367255210876465,-1.026927918156036,-0.012776728621916034
-1.0300878434268037,-0.9804907800928647,-0.9313505946514771,-0.8696654233533087,-0.8016405859655659,0.09102109367895489,0.09099850598989438,0.0910272970795631,-1.0838494300842283,-1.0720255832689876,-0.015419085982554481
-1.0735856828206125,-1.0314431866026468,-0.9816350006135924,-0.9322575798925355,-0.8703369228887606,0.09102423437342984,0.0910094169654772,0.0910272970795631,-1.1152653694152832,-1.1094277699360853,-0.007612619624388861
-1.109970147788977,-1.0740568759062585,-1.0318409816463159,-0.9819503194066382,-0.9324910306847474,0.09102623231162899,0.09102017489480345,-0.0775014460086822,-1.146681308746338,-1.1446518326989465,-0.002646572318065532
-1.1469057985463897,-1.1119282902849053,-1.075709997319554,-1.0331513555614624,-0.9829204735342427,-0.07750587087696571,0.0910093622898655,-0.0775014460086822,-1.19380521774292,-1.1853713009178932,-0.010998390855941231
-1.1840140565400048,-1.1457266866726592,-1.110932849406017,-1.0749209447119994,-1.0325671691431677,-0.07749878153725397,-0.07749571245232972,-0.0775014460086822,-1.2252211570739746,-1.230299710596572,0.006622772998969628
-1.2300234028016868,-1.1837740129582732,-1.1455240348299511,-1.1107722140852203,-1.0748020160476626,-0.0775009035756194,-0.07749671348528307,-0.0775014460086822,-1.2723450660705566,-1.2733789579384442,0.0013482640511781607
-1.2730234029873986,-1.2297145129131952,-1.1835132390411158,-1.1453173280895717,-1.1106191757844233,-0.07750074800173248,-0.0774982423907709,-0.0775014460086822,-1.3194688558578491,-1.3207992756986144,0.0017349563334339013
-1.3197581697269374,-1.2721189377098,-1.2289509367581963,-1.1829079778257623,-1.1448692142652908,-0.0774994021636971,-0.0774929557450662,-0.0775014460086822,-1.3665927648544312,-1.3704883878431844,0.005080152572830121
-1.3717856457278257,-1.3208851680774116,-1.273070382821579,-1.229705115396342,-1.1834663448004792,-0.07750399271775314,-0.07750911161371897,-0.0775014460086822,-1.4294246435165403,-1.424570548184047,-0.006330064527117818
-1.424525690498068,-1.3717466754207628,-1.32085226819948,-1.2730443041914759,-1.2296858077084032,-0.0775013579464109,-0.07750365697613595,0.0397430434823036,-1.4765485525131226,-1.4767164015481637,0.00021888635262512501
-1.4761783343414734,-1.4240582423047954,-1.3713520419252372,-1.3205394554596408,-1.2728127087917092,0.039744099787801745,-0.077497330731226,0.0397430434823036,-1.5236724615097046,-1.5256858079287057,0.002625538205318634
-1.526401935539638,-1.47680047327453,-1.424583470266713,-1.3717683725197518,-1.320847691788255,0.03974163761789968,0.03973873986258568,0.0397430434823036,-1.5707963705062866,-1.5681167555007798,-0.0034943969433696154
-1.569580009982637,-1.5276731441458076,-1.477873664920181,-1.425434153300097,-1.3723981879080016,0.03974017089736411,0.03973068575055774,0.0397430434823036,-1.617920160293579,-1.6124449368744531,-0.0071400570383213235
-1.6120804338657964,-1.5692633464307228,-1.527405807473646,-1.4776617561039591,-1.4252772635678175,0.03974375905561368,0.03974289905480087,0.0397430434823036,-1.6493360996246338,-1.6507000014162116,0.0017786190336119834
-1.6528730419502256,-1.613968272148641,-1.570857114962226,-1.5286691343494982,-1.478597078281053,0.039738777482377884,0.03972749472705549,0.0397430434823036,-1.6964600086212158,-1.6883288991183485,-0.010603509882813666
-1.689705102725284,-1.6540686247354959,-1.6149776182548654,-1.5716571897772478,-1.5292614812172234,0.03974034179110499,0.039728477155588846,0.0397430434823036,-1.7278759479522705,-1.7227264525558075,-0.006715285940823934
-1.7239394368464551,-1.6907588880295756,-1.6549582612431366,-1.6156828032849537,-1.5721792836313433,0.03974066221476036,0.039731263094812765,0.0397430434823036,-1.7592918872833252,-1.7547531279099342,-0.005918845374605963
-1.7564491594919796,-1.7254128715566601,-1.6920028048924178,-1.6559442724317701,-1.6164128108144535,0.03973971392149248,0.03972796810507226,0.0304093286395072,-1.79070782661438,-1.7843615950102871,-0.00827590988768323
-1.786789107785329,-1.758558071625502,-1.7271932771267013,-1.6934140726907778,-1.6569891247933048,0.030404563072940028,0.039721544971243056,0.0304093286395072,-1.8221237659454343,-1.8130404691157078,-0.011845225755300115
-1.8131086404148593,-1.7868483318938144,-1.7586080703575269,-1.7272329094451198,-1.6934434150463114,0.030409194809165537,0.030404052838367647,0.0304093286395072,-1.837831735610962,-1.8375766514145657,-0.00033264682962119707
-1.8395711047491945,-1.8148413303023805,-1.788311119592676,-1.7597675731191322,-1.7280913639496986,0.030405413232664026,0.03039426713348686,0.0304093286395072,-1.8692476749420168,-1.8617848051941288,-0.009732080609413885
-1.8623926091905247,-1.8400991370775848,-1.8152871107043633,-1.7886644747703075,-1.7600291846943683,0.030408135430377924,0.030400864065843792,0.0304093286395072,-1.884955644607544,-1.8826813562205502,-0.0029658239603529424
-1.8825993569888309,-1.862321372006321,-1.8400389965541677,-1.815239439327963,-1.7886291805828631,0.030409489616125423,0.030408749161426805,0.0304093286395072,-1.9006636142730715,-1.9009704399957523,0.00040012123580335235
-1.9006586356171558,-1.8823284755977756,-1.862092685979156,-1.8398577248082781,-1.8151052321902446,0.030409940757613194,0.030411823345653243,0.0028612688183784,-1.916371464729309,-1.9175381781459053,0.001521472222078435
-1.9171839571915816,-1.9003509046440372,-1.8820686800710178,-1.861886754776041,-1.8397052606876212,0.002861964206495271,0.03041259195803635,0.0028612688183784,-1.9320794343948364,-1.9334048626704408,0.0017284469990688223
-1.932926928667627,-1.9167687499770534,-1.9000003745172878,-1.8817908265928212,-1.8616810419671808,0.00286220707350461,0.002865541348996398,0.0028612688183784,-1.947787404060364,-1.949575743325644,0.002332113848243278
-1.9493350512818273,-1.9327178264223717,-1.9165922197194656,-1.8998604449011587,-1.8816872276939935,0.002861741332454861,0.002864008555999161,0.0028612688183784,-1.9634953737258911,-1.9643959981432029,0.0011744743944608338
-1.9643982232944008,-1.9493369843914727,-1.9327194584103173,-1.9165935133415894,-1.8998614026528573,0.002861264450077535,0.002861724678099083,0.0028612688183784,-1.9792033433914185,-1.9791950172936,-1.0857787670293106e-05
-1.979465411236681,-1.9646331291920165,-1.9495352988503363,-1.9328766556323733,-1.916709896560198,0.002860737995081254,0.002859240660892944,0.0028612688183784,-1.9949113130569456,-1.9938995497116747,-0.0013194069796833574
-1.9946002061258001,-1.9800741095011645,-1.96514701014672,-1.9499426350526978,-1.933178232833717,0.0028598933262217532,0.0028554938655091797,0.0272588953375816,-2.0106194019317627,-2.0079976772386585,-0.003418904109401044
-2.009376262757562,-1.9957978582073075,-1.9810852025680554,-1.9659484697188867,-1.9505360071452418,0.027256188970337554,0.0028495751717860446,0.0272588953375816,-2.02632737159729,-2.021168963533651,-0.006726908654113739
-2.0203014447870506,-2.0086226021261644,-1.9951615957643485,-1.9805808586634062,-1.9655750714734148,0.027260598405173128,0.02726268199690758,0.0272588953375816,-2.02632737159729,-2.0295734637957494,0.0042331210389860985
-2.0303871947557006,-2.0210083770481315,-2.0092194151063087,-1.9956346694025655,-1.9809311055185,0.027257297863369605,0.02725450795840812,0.0272588953375816,-2.0420353412628174,-2.0389905128587125,-0.003970659608384608
-2.0382268330356914,-2.029723744634468,-2.0204482729676863,-2.0087754393820334,-1.9953059656055172,0.02726039455401005,0.027263013697639813,0.0272588953375816,-2.0420353412628174,-2.044892887713938,0.003726431432804489
-2.043266584158101,-2.0368139748472784,-2.02853096825069,-2.019502799122066,-2.00807544425601,0.027262088011965623,0.027272566777654043,0.0272588953375816,-2.0420353412628174,-2.0481206636902773,0.007935666894771654
-2.0493772354319426,-2.0443582362473856,-2.0377355796071046,-2.0292614934423896,-2.020043653928358,0.027256428501426132,0.02725268308125058,0.0272588953375816,-2.0577430725097656,-2.0530412170819616,-0.006131533523031418
-2.0535353169779564,-2.049806486835498,-2.044720622891044,-2.038022831348706,-2.029474164390395,0.0272579253464164,0.027252730363759928,0.0272588953375816,-2.0577430725097656,-2.055894243508741,-0.002410996503870777
-2.0560985811077623,-2.0537128361433927,-2.049956353729385,-2.04483941735279,-2.038110782532767,0.027258494192656503,0.02725639596222165,0.0272588953375816,-2.0577430725097656,-2.056978479596202,-0.0009970802277905477
-2.0572197467203837,-2.056308182956551,-2.0538897881809586,-2.05009661767636,-2.0449432637782565,0.02725842169453734,0.027256688405918262,0.0272588953375816,-2.0577430725097656,-2.0568402962497485,-0.0011772805410732445
-2.053861337153359,-2.0546317632303546,-2.0541233312751648,-2.0521579295112162,-2.0488144112637805,0.027264743474827543,0.02728071799722783,-0.0392659157514572,-2.0420353412628174,-2.0531820466455115,0.014536048327049134
-2.0506381387227695,-2.05165130623612,-2.0527659902128494,-2.052644395563571,-2.0510629782393086,-0.03926092168400214,0.027283783595630457,-0.0392659157514572,-2.0420353412628174,-2.0515541668720294,0.012413184373481378
-2.0485287077802607,-2.048009758162343,-2.049432350161286,-2.0510070981339417,-2.051342174578676,-0.03925997632784373,-0.03923827734767354,-0.0392659157514572,-2.0420353412628174,-2.0533560408938434,0.014762948448255653
-2.053367294358499,-2.04853848427594,-2.048018011767169,-2.049438892517088,-2.0510119418609207,-0.03926593784367252,-0.03926006055547028,-0.0392659157514572,-2.0577430725097656,-2.057700964158832,-5.491210210895048e-05
-2.056314691614563,-2.05216296414074,-2.0475217533302628,-2.0472120832375267,-2.048842211767762,-0.039263194293445575,-0.03925556215496434,-0.0392659157514572,-2.0577430725097656,-2.062930243978423,0.006764418055414723
-2.0600951774540532,-2.0538517154135487,-2.050083647284689,-2.04587354857798,-2.045991811202895,-0.03926035009660951,-0.039241974968396216,-0.0392659157514572,-2.0577430725097656,-2.0683513589161775,0.013833914020028981
-2.0641771705885383,-2.0564688334437258,-2.0507902492802548,-2.047656925731808,-2.044076890460888,-0.0392577212024753,-0.03922910798705757,-0.0392659157514572,-2.0577430725097656,-2.0733621011686236,0.020368256593488177
-2.0714055502707107,-2.062477408605456,-2.055033844449012,-2.0496527816193364,-2.0468147852301533,-0.03926207475270246,-0.039243077211189185,0.0083144381642341,-2.073451042175293,-2.080772088124434,0.009547132903187983
-2.0774225193744713,-2.0684955980548083,-2.0600207414682186,-2.0530865267813905,-2.048211057046554,0.008321013863037163,-0.039237004586810516,0.0083144381642341,-2.073451042175293,-2.085984499267793,0.016344465180218037
-2.0853921701316334,-2.0769079308972738,-2.0680611673469005,-2.059676382812525,-2.0528315759102416,0.008315600993924253,0.008325447206794121,0.0083144381642341,-2.0891590118408203,-2.091375396207547,0.0028903132504138895
-2.089480177110312,-2.083745690413407,-2.0755179243556574,-2.0669593557682906,-2.058860640802954,0.008318158759594135,0.008329785941514829,0.0083144381642341,-2.0891590118408203,-2.09625056571215,0.009247859905542999
-2.093620543086517,-2.0871953336756404,-2.0818167584711516,-2.0739889246821335,-2.065827338923916,0.008319601287585902,0.008337843414081345,0.0083144381642341,-2.0891590118408203,-2.099000062492801,0.01283338735122852
-2.0960313233946777,-2.0910414382638094,-2.085017977626008,-2.080090841337372,-2.072711117170945,0.008320266238112075,0.008341821097727332,0.0083144381642341,-2.0891590118408203,-2.1002674759096873,0.014486179099614027
-2.100423310440516,-2.0961667053116195,-2.0911557316547835,-2.085108574164775,-2.0801579157846084,0.008314132238004686,0.008319099879744416,0.0083144381642341,-2.104866981506348,-2.104283877963335,-0.000760405966598654
-2.1036813528125347,-2.0998998641318747,-2.095724796562218,-2.0908054454063367,-2.0848492347152896,0.008315621010208819,0.008318641894802982,0.0083144381642341,-2.104866981506348,-2.1071215174446807,0.002940065447998297
-2.106098908174375,-2.102792956623574,-2.0991498539735156,-2.0951302886575327,-2.0903652929498837,0.008316445697459034,0.008323274826554426,0.0071140304207801,-2.104866981506348,-2.108693393312917,0.00498989656852622
-2.10744174289499,-2.105011531506193,-2.101874961299828,-2.0984221898607722,-2.0945915520920932,0.007116487595649285,0.008325813794058482,0.0071140304207801,-2.104866981506348,-2.109550422265124,0.006107519564672259
-2.10822590500885,-2.10629106284851,-2.104040093611023,-2.1011049350526463,-2.0978520898813446,0.007116630644028783,0.007126401071030822,0.0071140304207801,-2.104866981506348,-2.109823076287197,0.006463078620495999
-2.1085745031144616,-2.1071412017106246,-2.1053753244622087,-2.1033142184969167,-2.100567522998014,0.0071164815545619,0.007125975708693915,0.0071140304207801,-2.104866981506348,-2.109538907791636,0.006092503922171755
-2.1084584782804283,-2.10763587534326,-2.106348784575041,-2.104747201968584,-2.102849178997284,0.007116151463688601,0.007124568131999914,0.0071140304207801,-2.104866981506348,-2.1089097457936448,0.005272034653957203
-2.1080540377770554,-2.107715078271377,-2.10700827521908,-2.1058513070000404,-2.1043788873087763,0.007115710302162001,0.0071225560917265235,0.0071140304207801,-2.104866981506348,-2.108068880171588,0.00417548971990378
-2.10748492974825,-2.107546728342553,-2.107286792745126,-2.1066687876428376,-2.1055999625024473,0.007115176801817909,0.007120080934645935,0.0071140304207801,-2.104866981506348,-2.1070520143035223,0.0028494287096902937
-2.107079595357094,-2.1075088909068196,-2.1075669570564495,-2.107302827368363,-2.106680659106195,0.007113976275093149,0.007114970368799174,0.0795794501900672,-2.104866981506348,-2.1047637783846005,-0.0001345837638768721
-2.1060426993894645,-2.1081906634646255,-2.1084468872395736,-2.1083104752983997,-2.107853301765815,0.07957693947900298,0.007104404069192021,0.0795794501900672,-2.104866981506348,-2.1000814993336534,-0.006240588383946921
-2.100370392741176,-2.1062936767761475,-2.1084025459466416,-2.1086148393786464,-2.1084348210741193,0.07957888304958557,0.07957477722881726,0.0795794501900672,-2.0891590118408203,-2.088078026974476,-0.0014096764665900707
-2.0878131609883024,-2.10014028927983,-2.106099416675049,-2.1082485624780434,-2.108500835508517,0.07957997016116744,0.07958086546425092,0.0795794501900672,-2.073451042175293,-2.0744421209441657,0.0012924329105001853
-2.074634333711829,-2.0879801466544996,-2.10028126348425,-2.106211162200027,-2.1083312948806388,0.07957907284797912,0.0795785315264262,0.0795794501900672,-2.0577430725097656,-2.0570238484376615,-0.0009379162282607822
-2.0583241513877013,-2.0757639774759267,-2.0889338251021656,-2.1010372124128693,-2.106770839834694,0.07957689750308256,0.07956934060687565,0.0795794501900672,-2.0420353412628174,-2.037169851867577,-0.006344923145970238
-2.039186311849148,-2.060075959644127,-2.077242905463398,-2.090106121729368,-2.101905139039393,0.07957549158092164,0.07956180511656176,-0.087534949183464,-2.02632737159729,-2.018782157110188,-0.009839463649299773
-2.0202503609699254,-2.040461820248576,-2.0611527813015487,-2.078096465885398,-2.090738067433561,-0.0875378314847642,0.07956450266949022,-0.087534949183464,-2.0106194019317627,-2.0051256588702815,-0.007164207888913143
-2.0040018157074626,-2.0192740174027097,-2.039637562330139,-2.0604994196869773,-2.0776127402404754,-0.0875327429131372,-0.08752941997372156,-0.087534949183464,-1.9949113130569456,-1.9991165230739223,0.005483874735494387
-1.9995079794462562,-2.004341895109659,-2.0195611224234935,-2.0398651408534807,-2.0606679107117314,-0.08753571767021294,-0.08753567280558798,-0.087534949183464,-1.9949113130569456,-1.9934465568413022,-0.0019101399388381513
-1.9937182354457406,-1.9997440013989352,-2.00454115177499,-2.019719066501024,-2.0399820770172545,-0.08753548252874137,-0.08753775107456764,-0.087534949183464,-1.9949113130569456,-1.993894742750181,-0.001325675578536245
-1.993058337041929,-1.9929916043998341,-1.9991305581260115,-2.0040548958613007,-2.019359059959162,-0.08753330719536787,-0.08752922237066607,-0.087534949183464,-1.9949113130569456,-1.9980409861100557,0.004081302697611866
-1.9988854836164942,-1.9937919978722112,-1.99361098242322,-1.9996215183173998,-2.004418385282648,-0.08753660705695662,-0.08753962791727632,-0.0817583426833152,-2.0106194019317627,-2.007459450889769,-0.00412078721743514
-2.0089064946137363,-2.0001426090572285,-1.9948533000959245,-1.9944522411104864,-2.000244356255793,-0.08176118344413964,-0.0875474375933393,-0.0817583426833152,-2.02632737159729,-2.0209128057892234,-0.007060955462072194
-2.0219172674956303,-2.0097791250287353,-2.0008793092861072,-1.9954372576657928,-1.9948845824751953,-0.08176031459018847,-0.0817687014333172,-0.0817583426833152,-2.0420353412628174,-2.038276834231592,-0.004901344205999525
-2.038223662524388,-2.0218710743469743,-2.009740127415768,-2.0008483971858984,-1.995414371448917,-0.08175823829939072,-0.08175991662148865,-0.0817583426833152,-2.0577430725097656,-2.057942031050557,0.0002594552259820304
-2.0596188988439796,-2.039680448611045,-2.0231009359527823,-2.0107149974734235,-2.0015701562192403,-0.08176163462277523,-0.08177078897588017,-0.0817583426833152,-2.0891590118408203,-2.0828844875341033,-0.008182398782449862
-2.0851364129810794,-2.0615752687332525,-2.0413320735377334,-2.0244101236531726,-2.011684273369915,-0.08176276354599085,-0.08177848937296736,-0.0817583426833152,-2.120574951171875,-2.112148669142135,-0.010988434572946737
-2.1141087027232497,-2.0868392005601284,-2.0630128120249553,-2.042471565904229,-2.0252537631746494,-0.0817621905190921,-0.08177743360375063,-0.0817583426833152,-2.1519908905029297,-2.1446568130074204,-0.009564126910051485
-2.1457104428262577,-2.1150240481467764,-2.087611962053912,-2.063625354150379,-2.0429250702547375,-0.08176041111446433,-0.08177007651168361,-0.0817583426833152,-2.1834068298339844,-2.179464344961588,-0.005141263599088841
-2.182376314373919,-2.1482402287409808,-2.117159767725601,-2.089304875353353,-2.064878726799319,-0.08176405930990464,-0.081782206026493,-0.0817583426833152,-2.2305307388305664,-2.21963469626254,-0.014209167274512602
-2.2232813408037995,-2.185544352457497,-2.150914779548692,-2.1192797944731656,-2.0908744675712754,-0.08176550158582926,-0.0817913529678119,-0.0817583426833152,-2.2776546478271484,-2.264009588925168,-0.017794068185614798
-2.26449350032786,-2.2237017409101054,-2.185899266576021,-2.151196108070173,-2.1194880800801763,-0.08175929267296132,-0.0817691234667483,-0.0411615259945392,-2.309070587158203,-2.3072598815853502,-0.002361281007203786
-2.3083503783249886,-2.2654408740469334,-2.2245015416317844,-2.1865332417907717,-2.1516654807158586,-0.041163666800905885,-0.08176745459952804,-0.0411615259945392,-2.356194496154785,-2.3521140621896897,-0.005321158429830053
-2.3537709547728145,-2.309789810862037,-2.266656085276421,-2.2254647988273577,-2.187246403075065,-0.04116477871970741,-0.041176067971033986,-0.0411615259945392,-2.403318405151367,-2.3971186243295195,-0.008084928285931436
-2.3987079797242132,-2.355151714087785,-2.310955488433987,-2.267580078802528,-2.226148890690658,-0.041164646134218864,-0.04117667440132513,-0.0411615259945392,-2.450442314147949,-2.4444952447992896,-0.00775537564585127
-2.445918443382851,-2.3999443895969614,-2.356195527620508,-2.311782884422301,-2.268192653292869,-0.041164319943826716,-0.04117529819938023,-0.0411615259945392,-2.4975662231445312,-2.4922408813728856,-0.006944601359148983
-2.4933772959164524,-2.4469057083910024,-2.400777867716642,-2.3568561977794515,-2.3122720210529035,-0.0411637569443455,-0.04117282554656425,-0.0411615259945392,-2.5446901321411133,-2.5404378823787384,-0.005545217705361427
-2.5411463350552412,-2.49399276721731,-2.4474253073419634,-2.401189736382912,-2.357161130655476,-0.041162916791911836,-0.04116905942578485,-0.0411615259945392,-2.5918140411376958,-2.5891631442951937,-0.0034569465406741884
-2.5893502670770983,-2.5413088987744827,-2.49413000828422,-2.447534093734009,-2.401270277948987,-0.0411618933442325,-0.04116431733017055,-0.0411615259945392,-2.6389377117156982,-2.6382375334142223,-0.000913079271263495
-2.638206408321807,-2.5893232270195847,-2.5412860707636584,-2.494111913285463,-2.447520696842076,-0.04116146489137989,-0.04116166038551796,0.02478788793087,-2.6860616207122803,-2.6861780849616843,0.000151877160073699
-2.686476582494801,-2.6384657293337863,-2.589542153435161,-2.541459606392681,-2.4942403928780714,0.02478730193606955,-0.04116369902455708,0.02478788793087,-2.7331855297088623,-2.7320686080085443,-0.0014565404983741814
-2.7335982603282534,-2.6878054745073467,-2.639587619005485,-2.5904314377609476,-2.5421180008015622,0.024784884997155646,0.024775853107795006,0.02478788793087,-2.7803094387054443,-2.7745857670489866,-0.007464050134096567
-2.773809903111147,-2.7329242252050214,-2.687236434257291,-2.6391365598791894,-2.59009748966559,0.02478941106651767,0.024790692024592068,0.02478788793087,-2.811725378036499,-2.814628515156657,0.0037858847103073856
-2.815937840507923,-2.7749473851250026,-2.7338845209333726,-2.687997628482432,-2.6397001209443887,0.024785317531577485,0.02477961129639409,0.02478788793087,-2.858849287033081,-2.8539500375071825,-0.006388948611245837
-2.854113075292679,-2.8160794802832485,-2.7750669615838417,-2.7339793051828947,-2.6880678033614056,0.024787567863586428,0.02478409725976515,0.02478788793087,-2.890265226364136,-2.8896551695951853,-0.0007955547734739277
-2.892300980814707,-2.856411635136,-2.8180199920205893,-2.7766051401726592,-2.735118117768894,0.024782693812173517,0.024767765037866582,-0.0338824614882469,-2.9373891353607178,-2.9274890067560717,-0.012910428947422226
-2.92855538676415,-2.8932274030198144,-2.857193747974162,-2.818639946643151,-2.7770641324717684,-0.033884554949903056,0.02477471238957795,-0.0338824614882469,-2.9688050746917725,-2.964814881006185,-0.005203479078046858
-2.964128321420558,-2.9279589351798774,-2.8927238610722776,-2.8567946071561146,-2.818344437012161,-0.033881113670249284,-0.03387941632938465,-0.0338824614882469,-3.000221014022827,-3.0027899910315834,0.00335011760590076
-3.0042571554613606,-2.9654029268107505,-2.9290349944903773,-2.8935768172074345,-2.8574261054678733,-0.03388534174899237,-0.03389209480196831,-0.0338824614882469,-3.047344923019409,-3.0418550693095963,-0.0071591359145601885
-3.0414514538677375,-3.0039065128153717,-2.9651069039892732,-2.92880034712544,-2.8934030926643906,-0.03388166913144635,-0.03388232085082926,-0.0338824614882469,-3.078760862350464,-3.080271115520358,0.0019694710060012
-3.078276679092914,-3.039718778668406,-3.0024437375167112,-2.9639474110568913,-2.9279418998980677,-0.03387854611459503,-0.03386674158231111,-0.0338824614882469,-3.1101768016815186,-3.1176396081658955,0.00973199810957004
-3.117614101082107,-3.0782545197044877,-3.039700071061789,-3.0024289086242124,-2.9639364322735844,-0.033882411414069336,-0.0338783552044004,-0.0338824614882469,-3.1573007106781006,-3.1573961533944876,0.00012446367695417848
-3.155766524827809,-3.116198354276266,-3.077059304665027,-3.0387526641755778,-3.001727482343855,-0.033879262286374875,-0.03387021430406545,0.0101666525006294,-3.1887166500091557,-3.1948144140026264,0.007951891527845145
-3.1922643184510715,-3.153551118381504,-3.114328043079223,-3.0755767716906792,-3.0376550496185812,0.01017165871531487,-0.033860175853675595,0.0101666525006294,-3.220132350921631,-3.2296743294756007,0.012443377359871555
-3.2303673028564783,-3.192866342047473,-3.154059364385352,-3.1147309126449807,-3.075875041953532,0.010165292091403216,0.010166472090135884,0.0101666525006294,-3.267256259918213,-3.264663283692371,-0.003381414187930254
-3.264587309658606,-3.230301300088836,-3.1928106205722724,-3.1540151958403015,-3.1146982118289803,0.010166801648893008,0.010165860726284944,0.0101666525006294,-3.298672199249268,-3.298956479812953,0.0003707208426426689
-3.298670073322069,-3.264338492791418,-3.23009124158084,-3.1926441142362476,-3.153891920485611,0.01016721475892588,0.010168945285514609,0.0101666525006294,-3.3300881385803223,-3.3311598178717388,0.0013975413753470889
-3.331037253169957,-3.298563594711786,-3.264248600420928,-3.2300199869128443,-3.1925913598205287,0.01016689311326433,0.010168132106093693,0.0101666525006294,-3.361504077911377,-3.3619626920033734,0.0005980634076023783
-3.3622188568743736,-3.3312597975001816,-3.2987514731723513,-3.264397525377052,-3.2301302456406904,0.010166149611104998,0.010164975822923078,0.0101666525006294,-3.392920017242432,-3.3919614964121543,-0.0012499751839705198
-3.3927324527004963,-3.3628886284560586,-3.3318252383432267,-3.299199679169398,-3.2647293611172366,0.010165138999423456,0.010160379315438015,0.0101666525006294,-3.4243359565734863,-3.4214511829559164,-0.003761937476404853
-3.422884531525742,-3.393977680417339,-3.3639398862717806,-3.3326585351650673,-3.2998166224264973,0.01016383862541783,0.01015441096572452,0.0067982524633407,-3.455751895904541,-3.4503885747908294,-0.006994128957911183
-3.4524917211311883,-3.4247116489281124,-3.3955201865979383,-3.3651625792008986,-3.3335637734167336,0.006794123676053347,0.010148097426599802,0.0067982524633407,-3.487167835235596,-3.4792982566767345,-0.01026245606371834
-3.4788243812365844,-3.452080039810379,-3.4243640954644095,-3.3952446926207314,-3.364958613282447,0.006799182750908205,0.006797670441856201,0.0067982524633407,-3.502875804901123,-3.5046489577872606,0.0023123097955157768
-3.505669788392521,-3.4797112322026593,-3.452828745446189,-3.4249575693178107,-3.395684079502481,0.006796248421898286,0.0067915422471503,0.0067982524633407,-3.5342917442321777,-3.53047198785611,-0.004981217442624253
-3.5328097487274754,-3.5077007281748305,-3.481425811223456,-3.4541878347461275,-3.42596379057945,0.006793663093033298,0.006778751228308377,0.0067982524633407,-3.5657076835632324,-3.556960221498418,-0.011407274790860455
-3.5572182756036064,-3.5330339343380035,-3.5078899922524385,-3.4815758345117502,-3.454298906639953,0.006797745864970199,0.006791731662539076,0.0067982524633407,-3.58141565322876,-3.580450063239017,-0.0012591938400765557
-3.5825260130796517,-3.5590217659302117,-3.534556493847223,-3.5090968741239656,-3.482469366820093,0.006794177066804226,0.006782208220941058,0.0067982524633407,-3.6128315925598153,-3.6050637781944364,-0.010129748758406887
-3.6057485210831413,-3.5831208864006823,-3.5595239754615604,-3.534954578503634,-3.5093916018105356,0.006796908211787806,0.0067890520435267224,0.0746204331517219,-3.628539562225342,-3.6259773829552278,-0.0033412529006797698
-3.626432112604795,-3.6061435694162767,-3.5834543978076154,-3.5597883387711966,-3.535150303672661,0.07461954045017266,0.006793504744475555,0.0746204331517219,-3.644247531890869,-3.6425460189568204,-0.00221888651303237
-3.6441528090520925,-3.6278280183906606,-3.6073220340838663,-3.584388527235685,-3.560479934894931,0.07461727878514669,0.07460751427688021,0.0746204331517219,-3.659955501556397,-3.6539431948330394,-0.007840449539776806
-3.6534886546408925,-3.6437579253109034,-3.6274946459370834,-3.6070577809178963,-3.584192883613101,0.07462132548133821,0.07462068083444687,0.0746204331517219,-3.659955501556397,-3.6616563055763645,0.002217962041722643
-3.6605671253207026,-3.652542424622919,-3.642959090135288,-3.6268614360783222,-3.6065889749144984,0.07462257137363586,0.07462947755455539,0.0746204331517219,-3.659955501556397,-3.664031009485737,0.005314734550185385
-3.6633077907686173,-3.659938825958736,-3.65201199584596,-3.642538637029073,-3.6265501475890267,0.07462185293701593,0.07462798437291063,0.0746204331517219,-3.659955501556397,-3.6626616501492917,0.003528998513548487
-3.662936993067599,-3.6635469961096843,-3.6601407701340523,-3.6521720702225435,-3.642657150390314,0.07461989261285451,0.07461979210675555,0.0746204331517219,-3.659955501556397,-3.6589252200754245,-0.001343555865496615
-3.657416810666177,-3.6616265559246157,-3.6624406865809607,-3.6592638356652,-3.651522819207423,0.07462339438246153,0.07463118244654525,0.0746204331517219,-3.644247531890869,-3.6498917165665654,0.007360393802107623
-3.6478266210750196,-3.6556227501018905,-3.6601119572977345,-3.6612401150339347,-3.658374975296134,0.07462448723956593,0.07463885078608254,0.0746204331517219,-3.628539562225342,-3.6362667616552655,0.010076784169834152
-3.6344808125978756,-3.646275070172505,-3.6543128852549254,-3.659073671353323,-3.660471405139025,0.07462393923383445,0.07463785434515043,0.0746204331517219,-3.6128315925598153,-3.6195142784669,0.008714668771159229
-3.6179699939051027,-3.633139208762267,-3.6451424488063804,-3.653415094274801,-3.658408978920861,0.07462346481069135,0.0746354975785166,-0.0800827294588089,-3.597123622894287,-3.6029020456521756,0.007535449227284108
-3.600706581466878,-3.616062674979043,-3.63152899409954,-3.643866085633746,-3.652470120488357,-0.08007841943793961,0.07463989697120031,-0.0800827294588089,-3.58141565322876,-3.58963066782276,0.010712927725818666
-3.5849818509743177,-3.5966679018936945,-3.612653103051693,-3.6288263407557007,-3.6418651374565103,-0.0800736031438508,-0.08004362492608104,-0.0800827294588089,-3.5657076835632324,-3.5831026829945753,0.022684241101012415
-3.580197119363943,-3.5824576301099156,-3.594536880493818,-3.6109639138411738,-3.6275757252894225,-0.08007702540771623,-0.08005185617650452,-0.0800827294588089,-3.5657076835632324,-3.5765797568993802,0.014177909795197063
-3.5739462647624998,-3.577909261776496,-3.58052615353135,-3.593005863772413,-3.609830403646462,-0.08007755952429343,-0.0800573147853421,-0.0800827294588089,-3.5657076835632324,-3.575561716474604,0.012850317084580176
-3.5722819141182938,-3.5710969224002707,-3.5755037632580757,-3.578619395512181,-3.591594168117259,-0.08007629072175389,-0.08005301153161037,-0.0800827294588089,-3.5657076835632324,-3.577980087915333,0.016004034970564796
-3.5767947301316725,-3.5712521294604214,-3.570227547943329,-3.5748146392761897,-3.5781091926855453,-0.08008040242618439,-0.0800674187986808,-0.0911382138729095,-3.58141565322876,-3.5858510394022614,0.005784039817470887
-3.5855508821864586,-3.5765339672632424,-3.5710319857872768,-3.5700530474350463,-3.574685445321378,-0.0911376246199065,-0.08007815587095428,-0.0911382138729095,-3.597123622894287,-3.5982467548154675,0.0014646390411710009
-3.5975607033244326,-3.5849548720115423,-3.5760307979664496,-3.5706331403569793,-3.5697577564986145,-0.09113686705237671,-0.0911324898022704,-0.0911382138729095,-3.6128315925598153,-3.6153986683740467,0.0033476383212556193
-3.6169912537382802,-3.598944268689292,-3.586122918533233,-3.5769566692795856,-3.5713186224668463,-0.09114134035349704,-0.09114878690900866,-0.0911382138729095,-3.644247531890869,-3.6382883766028966,-0.007771136517955579
-3.640787216592254,-3.619162131695121,-3.6007769876275546,-3.5875756533845142,-3.5780322223686656,-0.09114311946534652,-0.09116004315906605,-0.0911382138729095,-3.675663471221924,-3.6663132813540535,-0.012193272103294017
-3.668639825511376,-3.6428084118061363,-3.620868484065016,-3.602129555937163,-3.5885770467374085,-0.09114278122314846,-0.09116053270637334,-0.0911382138729095,-3.7070794105529785,-3.6983739193252103,-0.011352542016048073
-3.7003988030894255,-3.670398951965099,-3.6442935180307297,-3.6220456779736283,-3.603001108336238,-0.09114218901918612,-0.09115793665827167,0.0539635941386222,-3.738495349884033,-3.730918615184566,-0.009880568111512833
-3.7301810030029614,-3.6997579993434626,-3.669857966619868,-3.6438646970868076,-3.621728194235635,0.05396504218041557,-0.09113666829065743,0.0539635941386222,-3.754203319549561,-3.7569633257829445,0.0035992324739924086
-3.759093403337691,-3.732031517013324,-3.7013202576277777,-3.6710963163793133,-3.6447815270974306,0.05395941248137832,0.053949099412361985,0.0539635941386222,-3.7856192588806152,-3.777648908776169,-0.010393868889869484
-3.778318115042001,-3.7596747791509726,-3.7325223315521567,-3.7017093098556955,-3.671384356777863,0.05396228038775762,0.053954403743432425,0.0539635941386222,-3.801327228546143,-3.7988231844004825,-0.003265440815445775
-3.802542494679417,-3.781549281796806,-3.762402625037267,-3.73468460352153,-3.7033101789296623,0.053956292582518994,0.05393444285622538,0.0539635941386222,-3.832742929458618,-3.8188259690155055,-0.018148645956033604
-3.8191018086555046,-3.8027821315495833,-3.781751590281664,-3.762562988189809,-3.734803330682195,0.053963052624616675,0.05395422803449787,0.0539635941386222,-3.832742929458618,-3.831710789338379,-0.0013459796552428571
-3.833070043762677,-3.8202826667656735,-3.8037790466525663,-3.782541811457228,-3.7631480397741943,0.05396092572117562,0.053952879155597155,0.0539635941386222,-3.8484508991241455,-3.8433648243854432,-0.0066325811671261725
-3.84279938325816,-3.8325788143584982,-3.8198679564733546,-3.8034503197090843,-3.782298433748478,0.05396470418317463,0.05396515781907278,0.0539635941386222,-3.8484508991241455,-3.850566673612196,0.0027591112487073133
-3.85248536780869,-3.844466257069539,-3.833986038192607,-3.8209834156224276,-3.804276165893245,0.05395982745817073,0.0539503435339709,0.0539635941386222,-3.864158868789673,-3.856979475506385,-0.009362408365682917
-3.858030846380763,-3.8533987507645304,-3.8452373617904567,-3.8345972670497317,-3.8214359476759094,0.0539615301421151,0.05395195837286388,0.0539635941386222,-3.864158868789673,-3.860224836463132,-0.005130240914733797
-3.8606387089240477,-3.8583903998560443,-3.8537022963698417,-3.8454779722139003,-3.834775406428691,0.0539627816457764,0.0539584324743173,-0.0559071451425552,-3.864158868789673,-3.8626102357811076,-0.0020195208790863006
-3.8619943029720734,-3.8601036146548178,-3.8579386575561685,-3.8533442153956527,-3.8452128618273833,-0.0559059359753646,0.05396739165346797,-0.0559071451425552,-3.864158868789673,-3.8664635736666737,0.003005489094894731
-3.863723855897985,-3.8596141614114527,-3.8580942292353613,-3.856345885108873,-3.8521649834632883,-0.05590176667141545,-0.05588543029714591,-0.0559071451425552,-3.864158868789673,-3.8744103780622616,0.013368652807753012
-3.8735972634470883,-3.8630174590890727,-3.8590178004757574,-3.8576215139176218,-3.8559959035414857,-0.05590554887831915,-0.05589568083774155,-0.0559071451425552,-3.8798668384552,-3.882909360612919,0.003967652109059472
-3.8796472517739238,-3.8707632924039044,-3.8606249374897055,-3.8571213288252055,-3.8562174339230486,-0.05590074114049127,-0.055881133314449306,-0.0559071451425552,-3.8798668384552,-3.8920730369889873,0.01591769816148103
-3.8896536763695755,-3.8775454218605647,-3.8689888658521574,-3.8592184090586708,-3.8560799853222645,-0.05590239557987511,-0.055882633205826024,-0.0559071451425552,-3.895574808120728,-3.9046276011153553,0.01180544671692596
-3.8992919360920237,-3.8850182944989604,-3.8736320963262636,-3.8658869039149506,-3.8569218270355794,-0.055896670443056094,-0.05586246028752435,-0.0559071451425552,-3.895574808120728,-3.915539864407639,0.02603576689928211
-3.9109391054641702,-3.8952950070298784,-3.8816439695794025,-3.870957382103669,-3.8639066408669622,-0.055898113172371554,-0.05586223562515816,-0.0559071451425552,-3.911282777786255,-3.9284979535641957,0.022449739046240147
-3.924017416627978,-3.9070466197863873,-3.8920088562833066,-3.8790391480672533,-3.8690288651265874,-0.05589834918595067,-0.0558645781675214,-0.0559071451425552,-3.9269907474517822,-3.943756075060619,0.021863106987579872
-3.9396405080399934,-3.9204420001295115,-3.904028148154545,-3.8896162150301206,-3.8772677217889795,-0.05589906567586811,-0.05586754583314663,0.070268802344799,-3.9426987171173096,-3.95809839585652,0.02008220964750107
-3.9551964835707327,-3.9371194592970844,-3.918313656727777,-3.9023410817033595,-3.8883671711791696,0.07027449922776176,-0.05587734603735962,0.070268802344799,-3.958406686782837,-3.969265097472429,0.014160092791534407
-3.965858871663512,-3.9522373102918946,-3.9346212382927033,-3.9163334007029724,-3.90087497074528,0.07027548926978745,0.07029999344880018,0.070268802344799,-3.958406686782837,-3.971152143947704,0.016620927434440436
-3.967284472011938,-3.9624988150830966,-3.949400651828826,-3.9323727142422076,-3.9146686736633147,0.07027639515677485,0.07030443722825117,0.070268802344799,-3.958406686782837,-3.972878788678143,0.018872587488565795
-3.969779338452683,-3.964591811336812,-3.9602255918472773,-3.947598743990983,-3.931038645923051,0.07027488702394999,0.07029959328678097,0.070268802344799,-3.958406686782837,-3.970004247337932,0.015123993585266504
-3.9651667593383944,-3.965576750007884,-3.9610438627254045,-3.957413251945757,-3.9455165877971297,0.07027829904912809,0.07031109366298376,0.070268802344799,-3.9426987171173096,-3.960799688556802,0.023604875752749166
-3.958576415012846,-3.9632352809127425,-3.9639461391859427,-3.9597513322012445,-3.956456308428663,0.07027316695955188,0.07029493935142693,0.070268802344799,-3.9426987171173096,-3.951017789107807,0.01084862552102761
-3.9482185173223585,-3.9561445356447726,-3.961182216916494,-3.9623187441953673,-3.9585464669722437,0.07027429772928073,0.07029411837547328,0.070268802344799,-3.9269907474517822,-3.937465096668694,0.013659250979021209
-3.935069313643564,-3.9461371705451427,-3.9543874015582268,-3.9597893956428076,-3.9612875489830213,0.07027350562117478,0.07029222919519908,0.070268802344799,-3.911282777786255,-3.9202473478518036,0.011690398124842627
-3.9155689513135403,-3.931004936587998,-3.9427059040483305,-3.9516675516565942,-3.957775715747296,0.07027798672906257,0.0703085215250352,0.070268802344799,-3.8798668384552,-3.897372519529721,0.022828577356337476
-3.8942449779269506,-3.912851886133908,-3.9287111103526193,-3.9408876649035562,-3.950321392220051,0.07027494217147791,0.070301395111654,-0.0746824741363525,-3.864158868789673,-3.8758615420020908,0.015261067511073811
-3.8731753432238243,-3.8919113312187714,-3.9108817530346163,-3.927149451903388,-3.939731468666041,-0.07467720073090553,0.0702950472817225,-0.0746824741363525,-3.8484508991241455,-3.8585021503873733,0.01310750298796215
-3.8543234928826213,-3.869545116596714,-3.888846587266342,-3.9084524332644124,-3.925350870158825,-0.074674270813715,-0.07464592517137242,-0.0746824741363525,-3.832742929458618,-3.8483786809387603,0.020390064269389274
-3.846622865575203,-3.8527981207558493,-3.868257352641203,-3.887825819957543,-3.907696693542713,-0.07467902721113723,-0.07466112924662804,-0.0746824741363525,-3.832742929458618,-3.8393128607435765,0.008567629212827832
-3.835159403015036,-3.843014531361744,-3.849751859022089,-3.8658426831060293,-3.8860380847246665,-0.07467432028460234,-0.07464794026172596,-0.0746824741363525,-3.817034959793091,-3.832576418444078,0.020267100122186132
-3.8290289860458695,-3.8320775559061966,-3.8404127455066703,-3.8476895106126703,-3.864315793873247,-0.07467551000194711,-0.07464776918941599,-0.0746824741363525,-3.817034959793091,-3.8303087854913973,0.017309955292705403
-3.8298933720598796,-3.8286680938457693,-3.8317728801100697,-3.8401712392188623,-3.8475107079676762,-0.07468165861835352,-0.07467240080060827,-0.0746824741363525,-3.832742929458618,-3.834297328489728,0.0020270401576070185
-3.83245710173653,-3.828294667176366,-3.8273184202229493,-3.8307030390838266,-3.839379167066408,-0.07467886149909628,-0.0746678852661923,-0.0746824741363525,-3.832742929458618,-3.8396287123081065,0.008979520749255787
-3.839118735389348,-3.8320140571013614,-3.827920635881419,-3.8270219381567165,-3.8304835343325556,-0.07468147297624365,-0.07467504452834312,-0.0746824741363525,-3.8484508991241455,-3.850359136962075,0.0024884695952134273
-3.850408166108003,-3.839161329670131,-3.8320500164443576,-3.8279491396468948,-3.8270430413284213,-0.07468257038781657,-0.07468183993954959,-0.0416469126939773,-3.864158868789673,-3.863975410935052,-0.00023924129589802945
-3.8641304610220297,-3.8505428665359855,-3.8392750477281075,-3.832140156935948,-3.8280158764530614,-0.04164721708022743,-0.07468373087493962,-0.0416469126939773,-3.8798668384552,-3.879286670153731,-0.0007565782155758427
-3.879413843933683,-3.864240943788738,-3.8506361393329476,-3.839348981946822,-3.8321948951954843,-0.04164716235491429,-0.04164816892447918,-0.0416469126939773,-3.895574808120728,-3.895098947723973,-0.0006205537409207373
-3.8978539198162077,-3.8818072377533013,-3.8662615171545105,-3.852237780090156,-3.8405347796596616,-0.04165232111161004,-0.041667782205568424,-0.0416469126939773,-3.9269907474517822,-3.9166821593657954,-0.013443087392818853
-3.917939475015478,-3.8989462181787724,-3.882729388116014,-3.8669924748273248,-3.852778955090046,-0.04164938099053422,-0.04166173161017539,-0.0416469126939773,-3.9426987171173096,-3.937994078125439,-0.006135163476495009
-3.9377839666999295,-3.91775693981352,-3.8987921165995134,-3.8826072369611624,-3.866902038467366,-0.04164650021417696,-0.04164780839158596,-0.0416469126939773,-3.958406686782837,-3.959192884270585,0.0010252540355346618
-3.9607631646072,-3.939148154476392,-3.9189086272058913,-3.8997050205793595,-3.88328311851979,-0.041649995386497066,-0.041658253126708226,-0.0416469126939773,-3.989822626113892,-3.9839469320495797,-0.007662297507781801
-3.9833166278191694,-3.960215585104019,-3.9386858717752746,-3.918542191209058,-3.899433724431961,-0.04164567531356123,-0.041645277814535316,-0.0416469126939773,-4.005530834197998,-4.007889314234318,0.003075615494383399
-4.008561778281105,-3.983900833843626,-3.9607087889902597,-3.939076817958768,-3.91883163382479,-0.04164823284034767,-0.04165070843467854,-0.0416469126939773,-4.036946773529053,-4.034430539378988,-0.003281337395378614
-4.0330107604106455,-4.007328339213743,-3.9828595283520736,-3.959883381042087,-3.938465715342468,-0.041644125457900166,-0.04163760636962166,0.0579619333148002,-4.05265474319458,-4.057967289408403,0.006927915097111104
-4.058921052723126,-4.033839346380454,-4.008027855828235,-3.983414011717585,-3.960293900756743,0.057960060936367276,-0.04165126399014317,0.0579619333148002,-4.084070682525635,-4.0805018793531,-0.0046539577036126545
-4.081478368675868,-4.059769382009883,-4.034555530883051,-4.0085955512697735,-3.983834313182277,0.05796001632185267,0.05795275230915555,0.0579619333148002,-4.099778175354004,-4.096124335728128,-0.004764850918504315
-4.093826290063421,-4.079481931649659,-4.058083931229265,-4.033219530562433,-4.007606424265224,0.057966444718283695,0.057977216263200966,0.0579619333148002,-4.099778175354004,-4.108377030575449,0.011213481541396675
-4.107716535169358,-4.0932524818468945,-4.078997505898297,-4.057699943178959,-4.032935239500432,0.057963229964958916,0.05797138825897136,0.0579619333148002,-4.115486145019531,-4.117957594764256,0.003222935539588967
-4.11607847047241,-4.106084037882334,-4.091874279684418,-4.07790505125523,-4.056891128710859,0.05796562231367709,0.057977294449447755,0.0579619333148002,-4.115486145019531,-4.122517475152282,0.009169324127985767
-4.1203062042658125,-4.114157419406922,-4.104462230144135,-4.090588727069572,-4.076953273933407,0.05796627436656143,0.057982172780944384,0.0579619333148002,-4.115486145019531,-4.123760305320248,0.010790057677823484
-4.121882985132088,-4.118675274301603,-4.112780540424404,-4.103370824341455,-4.089780689125499,0.05796561877195476,0.05798032534806464,0.0579619333148002,-4.115486145019531,-4.1225107245351635,0.009160520872377731
-4.121510400324028,-4.121013949183849,-4.117941608627147,-4.112198988244077,-4.102940263841402,0.05796389709915838,0.057973105793655444,0.032376192510128,-4.115486145019531,-4.119229170320624,0.004881154995854509
-4.115976110976392,-4.118684291068228,-4.118628064736323,-4.116050398024315,-4.1107988033416625,0.03238257874669544,0.05798824493122396,0.032376192510128,-4.099778175354004,-4.111950512378208,0.015873540491313953
-4.110376176988652,-4.114608400355298,-4.117529629586939,-4.117712803295913,-4.115372771085937,0.03237928316331636,0.032394362009656126,0.032376192510128,-4.099778175354004,-4.105669042664734,0.007682084434560643
-4.102700347017179,-4.107797109913812,-4.112431076173524,-4.115803737713743,-4.11643501448676,0.03238202049870608,0.03240150264824788,0.032376192510128,-4.084070682525635,-4.0951789840106345,0.014485967079392204
-4.091452247157126,-4.099462728393865,-4.105063817170605,-4.11026448666331,-4.114199672086472,0.032383508645695364,0.03240991361514207,0.032376192510128,-4.068362712860107,-4.082307462150297,0.01818488446868738
-4.081555996102228,-4.090799407805261,-4.0989115822366,-4.1046269420916754,-4.109941039930914,0.032377667749109995,0.03238913306480527,0.032376192510128,-4.068362712860107,-4.071174557659542,0.0036668334265144154
-4.069797579466152,-4.080359740391653,-4.089789493595728,-4.098111057105134,-4.104034261825711,0.03237889572195436,0.03238797387336502,0.032376192510128,-4.05265474319458,-4.05780713694806,0.006719065591960671
-4.056264732982529,-4.068457609406614,-4.079228498307279,-4.088892795925999,-4.097447174120709,0.03237922047720886,0.03239043999113489,0.032376192510128,-4.036946773529053,-4.042718159448957,0.007526272720551397
-4.041310623671442,-4.055041930239702,-4.067425283412664,-4.078410208105773,-4.088286963035561,0.03237895571101097,0.032389755312608653,0.032376192510128,-4.021238803863525,-4.026505538356986,0.006868173553912449
-4.02547885717527,-4.040418689991982,-4.054288933627953,-4.066828408246512,-4.077968303013331,0.032378208037117204,0.032386640003964816,0.0288933739066123,-4.005530834197998,-4.009372482332212,0.005009765757437279
-4.01209056995296,-4.027840207452107,-4.0424122112576955,-4.055869131092503,-4.067998330109991,0.028888037898651703,0.032357864251798055,0.0288933739066123,-4.005530834197998,-3.9953602608760814,-0.013263106922222434
-3.997824289495336,-4.014231205382738,-4.0296473947606835,-4.0438447080422,-4.056929700638495,0.028888536654042837,0.02886959564209319,0.0288933739066123,-3.989822626113892,-3.980602693854116,-0.01202340748220676
-3.983024942189967,-3.999928628124735,-4.016007749866256,-4.031055602005219,-4.044887294478802,0.028888618674917786,0.02887040710598925,0.0288933739066123,-3.974114656448364,-3.965051058161239,-0.01181953754004672
-3.96756220122208,-3.9852065084929196,-4.001770370478744,-4.017467637276645,-4.03213645059405,0.02888844416142654,0.028869823785840087,0.0288933739066123,-3.958406686782837,-3.9490104611324326,-0.01225330583852724
-3.9517038885487805,-3.9699021278405917,-3.9871819432769793,-4.003336231395726,-4.01862694487145,0.028888086310279785,0.028868284947752697,0.0288933739066123,-3.9426987171173096,-3.932620417648182,-0.013142775655054173
-3.935531291886674,-3.9542327230265344,-3.9720370441883794,-3.98887421988211,-4.004589132658899,0.028887659430011058,0.028866299595183886,0.0204826369881629,-3.9269907474517822,-3.916098802818548,-0.014203823293836404
-3.9191993039076944,-3.938224865504134,-3.956506716995089,-3.973839562960219,-3.9902087405150155,0.02047655024601109,0.028864453434715723,0.0204826369881629,-3.911282777786255,-3.8996812850966367,-0.015129121351321384
-3.902875266181385,-3.9219740886722154,-3.9405674203085237,-3.958363581642649,-3.9752143193418976,0.020476366730955545,0.020452644590797642,0.0204826369881629,-3.895574808120728,-3.883623530846483,-0.01558526381239922
-3.8869636992018695,-3.9057770517641863,-3.924423861297903,-3.9425092729280125,-3.9598012600886414,0.02047607974372456,0.0204513669232109,0.0204826369881629,-3.8798668384552,-3.8673685558734703,-0.016298595268805283
-3.8708113150365655,-3.889954610988821,-3.9083020673493998,-3.926425356488511,-3.943991108607206,0.02047587834279751,0.02045031208532204,0.0204826369881629,-3.864158868789673,-3.8512767106757506,-0.016799194602503675
-3.8547952997848367,-3.8738681044142873,-3.8925352423712427,-3.9103476473176566,-3.927939830965308,0.02047572947739951,0.020449543127951914,0.0204826369881629,-3.8484508991241455,-3.8352849995959257,-0.017169212358334462
-3.842388295759685,-3.8609663187890506,-3.8790778599243856,-3.8966648408809577,-3.9134050548203856,0.02046869216733116,0.020422564181655993,0.0887870416045188,-3.8484508991241455,-3.8218716991346557,-0.03466105205770997
-3.8258787108895214,-3.8458694044054913,-3.8639051729614904,-3.881407391087077,-3.8983895426983133,0.08877917524787195,0.02043870130673857,0.0887870416045188,-3.817034959793091,-3.802041474467758,-0.01955250630543226
-3.8080423919355524,-3.8310920336741483,-3.8502706446357653,-3.8673938885184116,-3.8839903117011576,0.08877526091609116,0.08873426081032738,0.0887870416045188,-3.801327228546143,-3.7788729225704616,-0.02928191475479247
-3.783266064994046,-3.8118589532557,-3.834314086847812,-3.8528246581510626,-3.869284789066097,0.0887784172162668,0.08874238002378304,0.0887870416045188,-3.769911289215088,-3.7534729754566802,-0.021436659084788534
-3.7573853791277263,-3.786664982461314,-3.8147284192209447,-3.836588616305247,-3.854508638666839,0.08877936097753149,0.08874913445887588,0.0887870416045188,-3.738495349884033,-3.723855870237545,-0.019090859255561643
-3.728056179735054,-3.7610344160163964,-3.789745606589083,-3.817170326673678,-3.8383965175211627,0.08877879577581754,0.08874792336159923,0.0887870416045188,-3.7070794105529785,-3.6913626413829665,-0.02049571674829309
-3.693091642483059,-3.7295582568554497,-3.76230251364326,-3.790750785058575,-3.8179145249745483,0.08878364731966809,0.08876585490263585,0.0887870416045188,-3.659955501556397,-3.6534859042086367,-0.008436787057239936
-3.6571163392621755,-3.696245598504667,-3.7322209191728013,-3.7644131167831376,-3.7923134003733483,0.08877991452362624,0.08875647498321339,0.0887870416045188,-3.628539562225342,-3.614955156181684,-0.017714972807250984
-3.617449125244805,-3.659282985580959,-3.6980747449697824,-3.733670822244404,-3.7654865733235057,0.08878214557443032,0.08876124817496793,0.0887870416045188,-3.58141565322876,-3.572083689451933,-0.012169504063222814
-3.5742463358208947,-3.619327933552186,-3.6608691307419305,-3.6993320290554257,-3.734601670555073,0.08878279600987621,0.08876595904198907,0.0887870416045188,-3.5342917442321777,-3.5261995277425346,-0.010552790795834266
-3.525181516743554,-3.573361934399867,-3.618581295894258,-3.660277296105257,-3.6988938557912974,0.08878904011065711,0.08879041541002274,0.0282729044556617,-3.4714598655700684,-3.4752690715090577,0.0049674589679939984
-3.475074105289734,-3.525012139004419,-3.573218940737209,-3.618467949612447,-3.6601933785593745,0.028273287203182573,0.08879049935386918,0.0282729044556617,-3.4243359565734863,-3.4250654835445062,0.0009513518965946766
-3.4250653950879744,-3.4750740284427426,-3.5250120741279316,-3.5732188893117924,-3.6184679115389025,0.028272904629314952,0.0282732878652439,0.0282729044556617,-3.3772120475769043,-3.377212378564631,4.316301023266078e-07
-3.3778036528253277,-3.4255790671375896,-3.4755076854755664,-3.5253558195173276,-3.5734733861424397,0.02827174369684808,0.028268479180873725,0.0282729044556617,-3.3300881385803223,-3.3278757013594316,-0.002885165908604659
-3.32557081931542,-3.37580127666528,-3.4238886023657304,-3.4741677107322095,-3.524363749991884,0.028277429279968763,0.028288994805727507,0.0282729044556617,-3.267256259918213,-3.2758806955868995,0.011246840153162463
-3.2745919603073066,-3.32445122501463,-3.37485608226973,-3.423139378460753,-3.473613012065278,0.028275434433598586,0.02828707494174255,0.0282729044556617,-3.220132350921631,-3.2249545562668867,0.00628847785377129
-3.2242488953049127,-3.273978914320418,-3.3239336735849623,-3.3744458366049357,-3.422835647197156,0.028274289772485865,0.02828071602018502,-0.0355171561241149,-3.173008680343628,-3.175649131114746,0.0034433241658793357
-3.17482957127417,-3.2235368991787916,-3.2733778262766617,-3.323457211247163,-3.3740930808774894,-0.035515547206948245,0.028280423846062303,-0.0355171561241149,-3.125884771347046,-3.1289514103275744,0.003999102056809534
-3.126926542558361,-3.1730704587161735,-3.2220518046853788,-3.2722006416669625,-3.322585665732672,-0.03551318100923884,-0.03550039189154115,-0.0355171561241149,-3.078760862350464,-3.086337537199639,0.009880490062734726
-3.0865651542053403,-3.1271242858081822,-3.1732373993761582,-3.2221841329490273,-3.272298612795427,-0.035517602969957957,-0.035514884630367026,-0.0355171561241149,-3.047344923019409,-3.04649322293876,-0.0011106737917092602
-3.044521367654395,-3.0848520964708963,-3.1256780721496207,-3.172091034300571,-3.2213354051187744,-0.03551328508058628,-0.03550284443153582,-0.0355171561241149,-3.000221014022827,-3.0075993261113556,0.009621811773854905
-3.006592570905629,-3.043646744752026,-3.0841137141256527,-3.1250927812225116,-3.1716577057656994,-0.03551517971476329,-0.03550574992549492,-0.0355171561241149,-2.9688050746917725,-2.9725721635666527,0.004912535503320825
-2.971832510734367,-3.0059499943356354,-3.043104262736674,-3.0836837068215086,-3.124774419145708,-0.03551570407622247,-0.03550964371279048,-0.0355171561241149,-2.9373891353607178,-2.940156777325643,0.003609189977928029
-2.9391681742162867,-2.970973657543564,-3.005224925244113,-3.042529524779396,-3.083258191329252,-0.03551521535001287,-0.03550830478222287,-0.0355171561241149,-2.905973196029663,-2.909672363169543,0.0048239610242695186
-2.9079377982416976,-2.937661263496671,-2.969701479250257,-3.004216512167156,-3.041782931690483,-0.035513750916647525,-0.035502232833833164,-0.0355171561241149,-2.8745572566986084,-2.8810476728447303,0.008463936160828744
-2.8784436370669093,-2.9056755309925055,-2.9357513910333477,-2.968187587386618,-3.0030956806065765,-0.03551204401678838,-0.03549426076319442,-0.0063635930418968,-2.8431413173675537,-2.8528851301162907,0.012706582630706453
-2.8527124664907064,-2.8782936348017283,-2.9055488946740917,-2.935651010669858,-2.9681132693443826,-0.006363254077665629,-0.035510751699460386,-0.0063635930418968,-2.8274333477020264,-2.8280794225565034,0.0008425247627119603
-2.8265689894683392,-2.851400271267986,-2.877185841050449,-2.904670783711785,-2.9350008886209302,-0.006360627838376181,-0.006351949097557557,-0.0063635930418968,-2.796017408370972,-2.801669165273055,0.007370268491077692
-2.801986027066482,-2.8268442645102163,-2.851632666544233,-2.877370052993715,-2.9048071676668132,-0.006364215088456016,-0.006362999420606314,-0.0063635930418968,-2.7803094387054443,-2.7791238013925184,-0.0015461502468516741
-2.7807183223223366,-2.803371273962244,-2.8280137306296877,-2.852559663124931,-2.878056368211565,-0.006366723322285815,-0.0063761494320126785,-0.0063635930418968,-2.764601469039917,-2.7586350712290955,-0.007780581251492169
-2.757786553981856,-2.779981169324995,-2.802748947748848,-2.8275204335069315,-2.8521944435229183,-0.006361927277058531,-0.006360372514245016,-0.0063635930418968,-2.7331855297088623,-2.736360521865881,0.004140401836050689
-2.7366824487314614,-2.7580662293268876,-2.7802172794664197,-2.8029361043411805,-2.827658997575142,-0.006364225031941695,-0.006364336769302945,-0.0063635930418968,-2.717477560043335,-2.716272970181815,-0.0015708656360939877
-2.717291610473544,-2.737567396853263,-2.758813328525668,-2.7808094799510514,-2.8033745484660932,-0.006365592783429841,-0.0063718491420896506,-0.0063635930418968,-2.701769590377808,-2.6979580297435555,-0.004970529647889688
-2.699346042845656,-2.7184974528083834,-2.7385854043725963,-2.759620268952444,-2.7814069098729375,-0.006366317916880847,-0.00637598149950866,-0.0063635930418968,-2.6860616207122803,-2.680867936403158,-0.006772911234385948
-2.6791058419491693,-2.697815215732145,-2.717205083592833,-2.7375609866285786,-2.7588618265786584,-0.006360133789898434,-0.0063531293533443485,-0.0063635930418968,-2.6546456813812256,-2.6612391078431368,0.008598268492858274
-2.6600494272913444,-2.6780723018679446,-2.696942670836498,-2.7165134465104903,-2.737048923191965,-0.006361257523039176,-0.006351229512656124,-0.0327465757727623,-2.6389377117156982,-2.6433892728755746,0.0058051330800621415
-2.6422573639573135,-2.6590660765644993,-2.6772421282995205,-2.696284620084534,-2.716026249195425,-0.032744353668164784,-0.006352785643082781,-0.0327465757727623,-2.62322998046875,-2.6274653710275517,0.005523232177845561
-2.625806767110497,-2.640816444691575,-2.6578496101949804,-2.676277876196529,-2.69557072220626,-0.0327433196879925,-0.03273193968939512,-0.0327465757727623,-2.6075220108032227,-2.6137281951151836,0.008093278864740316
-2.6147218355745947,-2.6266699965207625,-2.641545208316114,-2.658427276684703,-2.676705559869796,-0.032748526435927426,-0.0327507566845177,-0.0327465757727623,-2.6075220108032227,-2.6038039948456326,-0.004848541141507567
-2.6031467730797395,-2.614150871347029,-2.6261879717484202,-2.641163123441372,-2.658144394666035,-0.032745285549243414,-0.032743607397111185,-0.0327465757727623,-2.5918140411376958,-2.5942732415357073,0.0032069615733183454
-2.5951903472003828,-2.603943512558865,-2.6148235022186324,-2.626721143687022,-2.6415578649353675,-0.03274837618680711,-0.03275214971381806,-0.0327465757727623,-2.5918140411376958,-2.588382404006012,-0.004475084024782916
-2.5869161611442495,-2.593916542426355,-2.602868129152048,-2.6139710818496624,-2.626090042037446,-0.032743697321191124,-0.03273740195265154,-0.0327465757727623,-2.576106071472168,-2.5815924768475744,0.0071546390561736395
-2.5816590140172107,-2.5869739655957105,-2.593965342642219,-2.602906811446892,-2.613999720841613,-0.032746706395066064,-0.032744195324965725,0.067387156188488,-2.576106071472168,-2.5758571018814713,-0.00032467297538474327
-2.5744995947001037,-2.5804796738318307,-2.5859783319694216,-2.5931761372502624,-2.6023225119124733,0.06738982117583832,-0.03273654600345244,0.067387156188488,-2.5603981018066406,-2.565477638690492,0.006624055367726367
-2.5676675368909407,-2.5764020781529564,-2.5820858062460403,-2.587251459280534,-2.5941187153202048,0.0673828570944701,0.06737343067447234,0.067387156188488,-2.5603981018066406,-2.5522039140824515,-0.010685768096521997
-2.553717382631051,-2.5689823691829323,-2.577512098195575,-2.582965681914844,-2.5879028878552344,0.06738418502590966,0.06737152939516969,0.067387156188488,-2.5446901321411133,-2.5390270171162492,-0.007385080241812947
-2.5407846939711183,-2.5552443719363827,-2.5702714984080863,-2.578533947707842,-2.5837222228614074,0.06738370560889,0.06737102952631394,0.067387156188488,-2.528982162475586,-2.522405265839793,-0.00857671249554226
-2.5215406097605246,-2.540033520294242,-2.554610209053482,-2.569768818754297,-2.578161781614371,0.06738885363624021,0.0673901772095541,0.0207654684782028,-2.4975662231445312,-2.5008016037795455,0.004219152444808749
-2.501198734613484,-2.521885618875574,-2.540324787123421,-2.5548410865027935,-2.5699397521862215,0.02076468885164657,0.06738588127274185,0.0207654684782028,-2.481858253479004,-2.480372264493906,-0.001937828888380011
-2.481402216594015,-2.502093509917325,-2.522641014470095,-2.540923563882778,-2.555284399467047,0.020763446529917077,0.020756980077192913,0.0207654684782028,-2.466150283813477,-2.462296396517033,-0.005025726442459355
-2.4643188330016486,-2.4831592169630907,-2.5035768212388083,-2.5238167856191955,-2.5417940629214364,0.02076149813629795,0.0207483094116908,0.0207654684782028,-2.450442314147949,-2.442874736709055,-0.00986862643209685
-2.445550370810962,-2.4666433016019345,-2.4851216016341025,-2.505132337768747,-2.524968434598646,0.02076021581277787,0.020741472098378386,0.0207654684782028,-2.434734344482422,-2.424722624253704,-0.013055951878613747
-2.427868175977054,-2.4482830823600827,-2.46895033696203,-2.486950311209138,-2.50648624913855,0.020759293294993788,0.020736672631726,0.0207654684782028,-2.4190263748168945,-2.4072563111162197,-0.015348949208892293
-2.4075984492531077,-2.428165409950709,-2.448534016011556,-2.4691492436537454,-2.487097574632002,0.020764796810443405,0.020756732529566942,0.0207654684782028,-2.38761043548584,-2.3863302188434905,-0.001669488009539588
-2.3878573709629634,-2.4089251692059763,-2.4292854659058265,-2.4494218468116937,-2.4698065619240586,0.020762470452751248,0.020753366695155328,0.0207654684782028,-2.3719024658203125,-2.3661881494435093,-0.007451850224569956
-2.3713266581222454,-2.3923214724137214,-2.412693894778664,-2.4322728083019003,-2.4516335686130963,0.020755380825764357,0.020724010795813465,-0.0943693816661834,-2.3719024658203125,-2.352675131541802,-0.025073728126579375
-2.3562068085152204,-2.3743948176382323,-2.3949117028008517,-2.4147470835560987,-2.433792916069733,-0.09437631487035997,0.02072894765355336,-0.0943693816661834,-2.356194496154785,-2.3429796242966057,-0.01723307554754916
-2.3465350735487744,-2.359295620300317,-2.3770024832775825,-2.3969787119181167,-2.4162774234108007,-0.09437636153885869,-0.09440292596845229,-0.0943693816661834,-2.356194496154785,-2.3428906728948147,-0.017349074116705054
-2.3462130492758546,-2.3494214022775624,-2.361732343795819,-2.378933992289111,-2.3984087323255587,-0.09437590398234495,-0.09440122818087911,-0.0943693816661834,-2.356194496154785,-2.3437627877990854,-0.016211778031451907
-2.348835255383012,-2.3506197772422843,-2.353141691469499,-2.3646812922969436,-2.3811172886195626,-0.09437933967018633,-0.09441386934842735,-0.0943693816661834,-2.3719024658203125,-2.35292224491368,-0.024751475784515087
-2.3556847881407434,-2.351235226658481,-2.3526459034894915,-2.3547477338096323,-2.3658703487848496,-0.09437480494707345,-0.09440001618771919,0.0693623498082161,-2.3719024658203125,-2.3615655479699273,-0.013480031297786521
-2.366502936173376,-2.359974165316105,-2.35485644486555,-2.355516321742763,-2.356872889144437,0.0693526569850131,-0.09441175929868506,0.0693623498082161,-2.38761043548584,-2.3691356562481745,-0.024092346088845584
-2.374396781172732,-2.371073561013521,-2.3638328210631183,-2.3579150718954525,-2.357780820145519,0.06935202144195415,0.06931327959512124,0.0693623498082161,-2.38761043548584,-2.367924294247221,-0.025672043047081594
-2.3726745293244997,-2.3785235682671413,-2.3745575158983496,-2.3665944352832895,-2.359959672603374,0.06935302439427668,0.06931646785571581,0.0693623498082161,-2.38761043548584,-2.369835948092194,-0.02317911875052303
-2.3751446958767053,-2.377286526728457,-2.3824171519477977,-2.377643829130117,-2.3688794315628012,0.06935192795123742,0.06931329056656,0.0693623498082161,-2.38761043548584,-2.367746098450565,-0.025904422267932325
-2.370929505054079,-2.3779102940153063,-2.3796213259133983,-2.3842678689758667,-2.3790140340335078,0.0693561003102792,0.06932810144173453,0.0693623498082161,-2.3719024658203125,-2.359990756268577,-0.015533664859449736
-2.361968948817908,-2.372648068314639,-2.379361155600734,-2.3807713752447675,-2.3851193244977447,0.06935846632369917,0.06934129433999467,0.0693623498082161,-2.356194496154785,-2.3487924712111194,-0.009652734920777117
-2.3502980115377654,-2.3632768934330772,-2.373752273578167,-2.380236422089122,-2.3814193913466206,0.0693593942099099,0.06934719796393005,0.0693623498082161,-2.340486526489258,-2.33485307738174,-0.0073463939041560344
-2.3367421032090223,-2.3519391108261614,-2.3646623576577865,-2.3748504846144685,-2.381049498385539,0.06935864137116086,0.06934525561643734,0.0693623498082161,-2.3247785568237305,-2.317710177005243,-0.009217639392800958
-2.32037391998666,-2.339056241347389,-2.353892774217775,-2.366210961121971,-2.375997015406508,0.06935712048681919,0.06933870433346359,0.0751960799098014,-2.309070587158203,-2.2991033612687763,-0.012997928288323912
-2.299687364734783,-2.320881275502208,-2.339484565776612,-2.354232292631099,-2.36646232845024,0.07519493342463299,0.06935274945733236,0.0751960799098014,-2.2776546478271484,-2.2754694165542726,-0.0028496875352619355
-2.278351314032288,-2.302191025527608,-2.32299493948573,-2.3411599963451812,-2.355472721689419,0.07519042231886616,0.0751733635888569,0.0751960799098014,-2.261946678161621,-2.25116315912321,-0.014062429076251437
-2.2530735803158892,-2.2800110006361245,-2.303592181709994,-2.3241055890107303,-2.341982281655157,0.07519232947047987,0.07517612358974635,0.0751960799098014,-2.2305307388305664,-2.223382301573587,-0.009322039639771518
-2.2250729949984076,-2.254542377479113,-2.2812510023455825,-2.3045750894878148,-2.3248332988855114,0.07519276082858234,0.07517967531473724,0.0751960799098014,-2.199114799499512,-2.1927885422770563,-0.008249861959905846
-2.194857660135464,-2.2268705500111547,-2.2560599262220307,-2.2824539123506726,-2.305465681167858,0.07519201792545638,0.07517727431917398,0.0751960799098014,-2.167698860168457,-2.159956609797281,-0.010096411602504851
-2.1595957696981305,-2.1945441787518916,-2.22660589981898,-2.2558501468884167,-2.282298599211393,0.07519678829227842,0.07519471866749855,0.0751960799098014,-2.120574951171875,-2.121925147044107,0.0017607455993422505
-2.1228623877569053,-2.1604100015866594,-2.1952315772293334,-2.227150777543572,-2.2562535549290095,0.07519423996767947,0.07518977342502102,-0.0623847655951976,-2.0891590118408203,-2.085652033141152,-0.00457333446163144
-2.086732599416909,-2.1238011343428957,-2.1612025190291773,-2.1958597792329018,-2.227615875909532,-0.062386886906595135,0.07518615236661419,-0.0623847655951976,-2.0577430725097656,-2.053699796475217,-0.005272702006555274
-2.0530312244734885,-2.0861517746232874,-2.123310784991045,-2.1608138355393827,-2.1955720118349116,-0.062383453089487256,-0.06238188291585925,-0.0623847655951976,-2.02632737159729,-2.0288290424458144,0.0032623458774616587
-2.027055723031915,-2.0514906456279176,-2.0848511727090857,-2.122279841462849,-2.1600505617076577,-0.06238128430694294,-0.06237018051167068,-0.0623847655951976,-1.9949113130569456,-2.001546741210391,0.008653041503985603
-2.0011374273793767,-2.02670012988591,-2.0511904434489114,-2.084613212507569,-2.122103664213715,-0.06238396205161644,-0.06237822075864422,-0.0623847655951976,-1.9792033433914185,-1.9807349188631678,0.001997276711776408
-1.9805280684297946,-2.0009577251783215,-2.026548420009229,-2.0510701881165,-2.084524179746952,-0.06238435951720707,-0.06238241385987398,-0.0623847655951976,-1.9634953737258911,-1.9642693691935988,0.001009341786406992
-1.9640486754320763,-1.9803363397780434,-2.0007958622186997,-2.0264201166684033,-2.0509751968973915,-0.06238433234070671,-0.062382707713758416,0.039957620203495,-1.947787404060364,-1.9486131986617303,0.0010768913164524996
-1.948801587834967,-1.9642123393342183,-1.9804745096516747,-2.0009053848446903,-2.0265012033158425,0.039957250367688234,-0.06238574235739179,0.039957620203495,-1.9320794343948364,-1.931374517494869,-0.0009192587201949376
-1.9328030318287857,-1.9500426157886326,-1.9652600515865029,-1.9813049960242612,-2.0015202473453635,0.03995481581860342,0.03994655851628775,0.039957620203495,-1.916371464729309,-1.911026232418325,-0.006970539950971633
-1.9129833667265161,-1.9345033006520491,-1.9514780326727155,-1.966397858420977,-1.9821473876379239,0.039953778059419603,0.03994016746072759,0.039957620203495,-1.9006636142730715,-1.8933403853122535,-0.009549979696220845
-1.892956489844427,-1.9126498558925353,-1.934221741009497,-1.9512548497847613,-1.9662326217679447,0.03995837384707025,0.039956651361561464,0.039957620203495,-1.8692476749420168,-1.8706841396732037,0.0018732459534680501
-1.872081704767457,-1.8941706305134118,-1.9136748691093084,-1.9350342346177325,-1.9518563910842108,0.03995487657653777,0.03994791363819766,0.039957620203495,-1.8535397052764893,-1.8483102792069401,-0.0068195208772365845
-1.8512363580396332,-1.8746237483016266,-1.896316698334627,-1.9153759851135161,-1.9362936802568282,0.03995187587802682,0.03993297606121044,0.039957620203495,-1.837831735610962,-1.8268828982421992,-0.014278015220930973
-1.8311186322169133,-1.8549161700947907,-1.87773035372893,-1.8987792002923478,-1.9171991337666623,0.039949304831306286,0.03992017312422564,0.039957620203495,-1.8221237659454343,-1.806274445035714,-0.020668573070235174
-1.8085359104010639,-1.8330832899511842,-1.8565747918636728,-1.879045087591523,-1.899752582369595,0.03995318061254877,0.039932378678687735,0.039957620203495,-1.79070782661438,-1.7822458480020273,-0.011034985300910849
-1.7863594925711728,-1.8121096567615624,-1.836100351603496,-1.8589663154733613,-1.8808156864063992,0.03994954451086446,0.03992239164851569,0.039957620203495,-1.7749998569488523,-1.7596073716619747,-0.020072828905195017
-1.7647118335056449,-1.7907940156879598,-1.8158534114358817,-1.8390679004057076,-1.8611633828035756,0.03994759939002877,0.03991133968070198,-0.089123249053955,-1.7592918872833252,-1.7401919498664071,-0.02490759411000254
-1.744905044293837,-1.7688063545012234,-1.7942507305843751,-1.8185934334305949,-1.841096514999734,-0.08913250155530625,0.03991232378651672,-0.089123249053955,-1.743583917617798,-1.7259484035595323,-0.022997888238915243
-1.7282778110507464,-1.7469287270413172,-1.7705148069200503,-1.7956049635323572,-1.819596059222391,-0.08912782202534184,-0.08914993622722792,-0.089123249053955,-1.7278759479522705,-1.719159742666916,-0.011366513862751004
-1.7227820433873609,-1.7314247003355954,-1.7495854234119192,-1.772620681053978,-1.7971640776597297,-0.08913036016594875,-0.08915493347960682,-0.089123249053955,-1.7278759479522705,-1.7143219790551294,-0.017675280735242715
-1.7176351983760043,-1.7256604168808614,-1.7338547077877917,-1.7515116088411078,-1.7740467600708592,-0.08912975339345326,-0.08915515827108142,-0.089123249053955,-1.7278759479522705,-1.7154785035956817,-0.016167095488059058
-1.7174500715433223,-1.7193480064854372,-1.7271064197986559,-1.735000905816239,-1.7523602129956144,-0.08912711953339914,-0.08914450978127636,-0.089123249053955,-1.7278759479522705,-1.7204987110237915,-0.00962040969333855
-1.7239185088560647,-1.720421035575654,-1.7218561815902578,-1.7290945661051178,-1.7364728584575428,-0.08912996262283238,-0.08915271533553723,-0.0655368193984031,-1.743583917617798,-1.7307876764908467,-0.016687153112948216
-1.7347002273721106,-1.7273175542128412,-1.7232906095089782,-1.7241307966303692,-1.7307786099832565,-0.06554450031438583,-0.08915924648203218,-0.0655368193984031,-1.7592918872833252,-1.7446518568038518,-0.01909157757856428
-1.748288057231276,-1.737859192087006,-1.7299844450161903,-1.7254045644279252,-1.7256958934828632,-0.0655439577975772,-0.06557171580232972,-0.0655368193984031,-1.7749998569488523,-1.7613938779590605,-0.017743105369904644
-1.7640278357006605,-1.7505763193148194,-1.7397910101530576,-1.7315157324232757,-1.7265382750286637,-0.06554199024696948,-0.06556367190481414,-0.0655368193984031,-1.79070782661438,-1.7808520514976076,-0.012852589036789652
-1.7821492759686977,-1.765154805022969,-1.7515277399201683,-1.7405451693657779,-1.7320740850161,-0.06553936604187831,-0.06555169944690445,-0.0655368193984031,-1.8064157962799072,-1.8015618259746464,-0.006329901483256739
-1.804473296570515,-1.78467862853448,-1.7672901587558887,-1.7532203632258276,-1.7417983273136612,-0.06554253504574206,-0.06556115722046771,-0.0655368193984031,-1.837831735610962,-1.8269375595204411,-0.014206733263180116
-1.8311202340786934,-1.80810701303008,-1.7877463187059779,-1.7697218138951616,-1.7550206739943859,-0.06554503060711067,-0.06557384067129417,0.0852232947945594,-1.8692476749420168,-1.8535968924022244,-0.020409665775123598
-1.856406790665548,-1.833561345244992,-1.8101678707815636,-1.7893798915450037,-1.770931252982894,0.08521777854873011,-0.06556606155791643,0.0852232947945594,-1.884955644607544,-1.8744415331064581,-0.01371110365337569
-1.8782118289479885,-1.859682251346506,-1.8363265853648294,-1.8123597839060377,-1.7910027058734017,0.08521589314625687,0.08518955941090531,0.0852232947945594,-1.9006636142730715,-1.8865558754316505,-0.018397433729850254
-1.887556843405396,-1.8790814241677554,-1.8604163891744145,-1.8369085118053656,-1.8127906214950058,0.08522132974640001,0.0852084013062537,0.0852232947945594,-1.9006636142730715,-1.8969181801332151,-0.0048842962824922065
-1.8969947677271777,-1.887623379206091,-1.8791375956451164,-1.8604609144210886,-1.8369414767105305,0.08522314444178639,0.08522075651926862,0.0852232947945594,-1.9006636142730715,-1.900377037882377,-0.0003737147544053965
-1.9004439047175574,-1.897052858576994,-1.8876724212078593,-1.8791764695955395,-1.8604896953079968,0.08522316352507342,0.08522264397059867,0.0155026391148567,-1.9006636142730715,-1.9004134111358304,-0.0003262816024687254
-1.9005240757694264,-1.900540045092571,-1.8971340231055955,-1.8877367576082347,-1.8792241019725717,0.015502421863815445,0.08522233524509779,0.0155026391148567,-1.9006636142730715,-1.9002495280009666,-0.000539996156374567
-1.8999203458054146,-1.9002380973253676,-1.9002986136898015,-1.896942648527817,-1.8875950706939848,0.015503285348187274,0.015504885659267099,0.0155026391148567,-1.9006636142730715,-1.9018953522165338,0.001606268548214329
-1.902050387312356,-1.9000550332097663,-1.9003518043884124,-1.9003887454660784,-1.897009378881476,0.015502334758036425,0.015502124973266957,0.0155026391148567,-1.9006636142730715,-1.9000835020656892,-0.0007565050651388017
-1.897313201143211,-1.8996436765057272,-1.8980232172523879,-1.8987412520058022,-1.8991963499035203,0.015508077625250093,0.015523069338778466,0.0155026391148567,-1.884955644607544,-1.8953215902969962,0.01351788553875033
-1.8936671097512565,-1.895875864073985,-1.8984302343317272,-1.897061362327783,-1.8980291289129385,0.015505887104838821,0.015520460742254973,0.0155026391148567,-1.884955644607544,-1.891146400038563,0.00807315857347013
-1.8908725999538902,-1.8934292447535261,-1.8956750514558842,-1.8982710569026073,-1.8969435130344652,0.015503176624913503,0.015507936387614118,0.0774829909205436,-1.884955644607544,-1.885980153094855,0.0013360274961737861
-1.884355259845524,-1.8894609669753022,-1.8922375027278715,-1.8947303975112664,-1.897571668802054,0.07748618082628739,0.015515338292984317,0.0774829909205436,-1.8692476749420168,-1.8753277202674374,0.007928785201246402
-1.8770260163701695,-1.885830661867787,-1.8907065447007712,-1.8932248304266206,-1.8954613797379176,0.07747965691414349,0.07747346976757882,0.0774829909205436,-1.8692476749420168,-1.8628929699268744,-0.008286959781647285
-1.8641734131020333,-1.8781384068696727,-1.8867697746026868,-1.8914509478772696,-1.8937759599980613,0.07748047722123398,0.07747007331541401,0.0774829909205436,-1.8535397052764893,-1.848748527428469,-0.006248015924995354
-1.8472845648949507,-1.8629015893729468,-1.8770646959191866,-1.8859186799337724,-1.8908208277287493,0.07748586489549321,0.07749143438805592,0.0774829909205436,-1.8221237659454343,-1.8276016387608773,0.007143512028077614
-1.8279956490693934,-1.8476268630401573,-1.8631905675217533,-1.8772937592083059,-1.8860882702261714,0.07748221742004024,0.07748291588786417,0.0774829909205436,-1.8064157962799072,-1.8049414837147912,-0.001922602056834366
-1.8037942983567605,-1.8269990268699865,-1.846785485304762,-1.862523635602307,-1.8767999865934797,0.07748524301505152,0.07749080363796305,-0.0005599781870841,-1.7749998569488523,-1.7792924090758042,0.005597774680635714
-1.7800404290862244,-1.8044441439486403,-1.8275476456071345,-1.8472203569825092,-1.8628455990878952,-0.0005614466609845807,0.07747964438813816,-0.0005599781870841,-1.7592918872833252,-1.7564929369094784,-0.0036500182343037757
-1.7547914469741777,-1.778562252408221,-1.8031962237772927,-1.8265584611300796,-1.8464880000634005,-0.0005566379107183427,-0.0005487116977323917,-0.0005599781870841,-1.7278759479522705,-1.7342426036889682,0.00830254432076516
-1.7343355643804583,-1.7548722069735645,-1.7786304323719375,-1.803250267748456,-1.8265984733594824,-0.0005601606826688733,-0.0005573336838554402,-0.0005599781870841,-1.7121679782867432,-1.7118201368405586,-0.0004536084787647443
-1.7097682782993275,-1.7325530034735237,-1.753367316695209,-1.777437556307267,-1.8023671048401566,-0.000555950085331068,-0.0005448033522614807,-0.0005599781870841,-1.6807520389556885,-1.6884297082039135,0.010012193504688405
-1.687824550711748,-1.7092425451328366,-1.7321091640915518,-1.7530155000990575,-1.7771770838429033,-0.0005587901734340022,-0.000551420726523458,-0.0005599781870841,-1.6650440692901611,-1.667308454955434,0.0029529101498086963
-1.6645426447295655,-1.685421741217057,-1.7072140227775925,-1.7305012224369192,-1.7518250374264128,-0.0005545484925922515,-0.0005380892037378539,-0.0005599781870841,-1.6336281299591064,-1.6439772723053592,0.01349597285689419
-1.6427765127118303,-1.6634994796833207,-1.6845410706432173,-1.7065159447426006,-1.7299843903486052,-0.0005576209184291363,-0.0005455612932083191,-0.0005599781870841,-1.617920160293579,-1.62241317714659,0.005859194072807883
-1.6222554834821834,-1.6426395156646199,-1.6633838227519313,-1.6844493932716829,-1.7064480700853184,-0.0005596686111005348,-0.0005564406451993886,-0.0005599781870841,-1.6022123098373413,-1.6028023699089908,0.00076947774457925
-1.6001534982172425,-1.6199542648404912,-1.6406967592915944,-1.6618438649156693,-1.6833092633943116,-0.0005547780602280416,-0.0005398428789852197,-0.0005599781870841,-1.5707963705062866,-1.5807079508231374,0.01292536274501832
-1.579500734213488,-1.5991047236105522,-1.6190688585109492,-1.639994927381847,-1.6613242535923243,-0.0005576082423516032,-0.0005457425326928158,0.0374894216656684,-1.5550884008407593,-1.559605578635234,0.005890701554227995
-1.5597918411981362,-1.579662550613782,-1.5992413337688551,-1.6191771448028962,-1.6400750986916397,0.03748905600471221,-0.0005590023422193736,0.0374894216656684,-1.539380431175232,-1.5386834716516817,-0.0009088817698588159
-1.5372578792127887,-1.5585533516533026,-1.5786169813607964,-1.598412546079958,-1.6185635399470628,0.03749222031444794,0.03749972598691148,0.0374894216656684,-1.5079644918441772,-1.5132987909728215,0.006956282350952803
-1.5138778396361605,-1.5377609302222708,-1.558978042092065,-1.5789536192317297,-1.5986617807573422,0.037488284907510355,0.03748788636965293,0.0374894216656684,-1.49225652217865,-1.4900898308466657,-0.0028255102140242183
-1.4892904282240147,-1.5131833551795548,-1.5371746260443047,-1.5585132984289745,-1.5786095395932285,0.03749099101123534,0.03749426811247205,0.0374894216656684,-1.4608405828475952,-1.4638317973049002,0.0039007434407900554
-1.4654862750345563,-1.490727762846756,-1.5143967952881605,-1.538136479331741,-1.5592254203097369,0.037486173681214666,0.03747860791530771,0.0374894216656684,-1.445132613182068,-1.4389418682883044,-0.008073144832184687
-1.439421553081743,-1.465903003255948,-1.4910795770521774,-1.5146756666124652,-1.53834294571757,0.03748847997348128,0.037482583434754586,0.0374894216656684,-1.4137166738510132,-1.4119217834560769,-0.002340656958876197
-1.411685072189177,-1.4392159091535053,-1.4657293926111707,-1.4909419617152286,-1.514573781123431,0.037489886364891076,0.03749025166147238,0.0374894216656684,-1.3823007345199585,-1.3831864636177815,0.0011550499029624461
-1.385880960253649,-1.414025927696732,-1.4411921281329803,-1.4672958751335639,-1.4921017295245185,0.037484131970299844,0.03746971914854204,0.0374894216656684,-1.3665927648544312,-1.356510464566697,-0.013147992989737123
-1.3583589780875753,-1.3874868643021225,-1.415381679066078,-1.4422667867851078,-1.4680915140844588,0.037485792760261746,0.037470296595037755,0.0374894216656684,-1.3351768255233765,-1.3282600351457807,-0.009019956636953319
-1.329667647987312,-1.3595818477800967,-1.3885192468169705,-1.416200014069805,-1.442872652845514,0.037486658313497366,0.037475257348068995,0.0492294058203697,-1.303761005401611,-1.2984939825490773,-0.00686854959340355
-1.2998511984927683,-1.3308467351587114,-1.3605772678045513,-1.3893082828939152,-1.4167841882494254,0.04922674140476201,0.03747650010167983,0.0492294058203697,-1.2723450660705566,-1.2672666189433854,-0.006622634252227755
-1.2689501327132737,-1.3013137582999803,-1.3320814711090088,-1.3615560015916466,-1.3900329024947795,0.04922610083387503,0.049214140985829595,0.0492294058203697,-1.240929126739502,-1.234629734437205,-0.008214828309663247
-1.2367338281215945,-1.2707780731248337,-1.3028569592891124,-1.3333047147895534,-1.3624616476000333,0.04922527517330592,0.049210352544570506,0.0492294058203697,-1.2095131874084473,-1.2016400640661693,-0.010267078698056764
-1.204336875281723,-1.2390766944301776,-1.2727559896816016,-1.304424787424106,-1.334465478842437,0.04922411158113894,0.04920509063326508,0.0492294058203697,-1.1780972480773926,-1.1680062870672343,-0.013159287150242394
-1.171387723457856,-1.2072745126471096,-1.2415567341838298,-1.2747218340385709,-1.3058802284971438,0.04922276756067532,0.0491988028988595,0.0492294058203697,-1.146681308746338,-1.134028608928384,-0.016499965658639537
-1.1381220665755107,-1.1749439323432809,-1.2102767686478206,-1.243936521849928,-1.2764837439792378,0.0492213697576524,0.04919212968758009,0.0492294058203697,-1.1152653694152832,-1.099948419798767,-0.01997432534588417
-1.1015326473723228,-1.1394983710738775,-1.1761058490281984,-1.21119778104488,-1.2446184065915684,0.049226295747361246,0.049209512455699704,0.0492294058203697,-1.0681414604187012,-1.0622135784135502,-0.007730354068359757
-1.065154507602037,-1.104087592216773,-1.1416553305601929,-1.1778155984901335,-1.2124636185882658,0.04922363234145698,0.049204284083133536,0.0074428766965866,-1.0367255210876465,-1.0257211164769353,-0.014350478615864581
-1.0262539932217334,-1.065617446559282,-1.1044784188827903,-1.1419651257539238,-1.1780449598063472,0.0074418305807327344,0.04921964397477777,0.0074428766965866,-0.9896016716957092,-0.9876077470101527,-0.002600210967695027
-0.9890484962473441,-1.0275056503000874,-1.0666741322308473,-1.1053160181839619,-1.142585254413322,0.007440048292770551,0.00743104715603501,0.0074428766965866,-0.9581857323646544,-0.9527947193437714,-0.007030241054452935
-0.9550669230616403,-0.9910224829714166,-1.0291721478761886,-1.067995108981747,-1.1062940222731317,0.00743841602466635,0.00742304176793123,0.0074428766965866,-0.9267698526382446,-0.9182676931278154,-0.011087383875755474
-0.9176811410196118,-0.9545573534022541,-0.9905922892969273,-1.028831147774818,-1.067742644664475,0.007444028185116546,0.007442806129708109,0.0074428766965866,-0.8796459436416626,-0.8818407114549124,0.002862123820871809
-0.8821360384953332,-0.9179377076524651,-0.9547739544900651,-0.990763981716599,-1.0289582627209395,0.007442296925932176,0.007441817781793489,0.0074428766965866,-0.8482300043106079,-0.8471249459984264,-0.0014410698478688477
-0.847998373476215,-0.8828948323622897,-0.918578303723666,-0.9552817335165151,-0.9911399232037785,0.007441162029281945,0.007435759674901582,0.0074428766965866,-0.8168140649795532,-0.8135458634188605,-0.004261953124061413
-0.8143867859758541,-0.848728928553836,-0.8835115884180509,-0.9190671855692328,-0.9556436842047159,0.007441225841248416,0.007434868064422636,-0.0766525715589523,-0.7853981852531433,-0.7822516110004688,-0.004103342990704362
-0.7820585976303273,-0.8142191047828204,-0.8485873671652305,-0.8833993774518577,-0.918984108570556,-0.07665219264516317,0.00744267046817505,-0.0766525715589523,-0.7539822459220886,-0.754704465698284,0.0009418228264848061
-0.755418895604976,-0.7826792616755446,-0.814743087601101,-0.8490027107761339,-0.8837068830529952,-0.07665397409051174,-0.07665753986375037,-0.0766525715589523,-0.7382742762565613,-0.7356010137414316,-0.0034861128716240364
-0.7367215163783438,-0.7563923370759843,-0.7835010695591179,-0.8153945071551854,-0.8494849985887133,-0.07665477127133273,-0.0766623605990705,-0.0766525715589523,-0.7225663065910339,-0.7183735961945299,-0.005467574395527364
-0.7187250911938019,-0.737026879166321,-0.7566501333112831,-0.7837054159909296,-0.8155457979676717,-0.07665326159561628,-0.07665740206908603,-0.0766525715589523,-0.7068583369255066,-0.7055431086616729,-0.001715145502442783
-0.7076020864891313,-0.720513837011177,-0.7385369909277452,-0.7578471482705057,-0.7845916431891903,-0.07665661363691703,-0.07666867221099857,-0.0766525715589523,-0.7068583369255066,-0.6991540286454788,-0.010046932581428192
-0.6984976379506421,-0.70703184425811,-0.7200324217695249,-0.7381553892075441,-0.757564623962234,-0.0766512829669488,-0.07665170081833116,-0.0766525715589523,-0.6911503672599792,-0.6936064579462041,0.003202906301444597
-0.693368466659553,-0.6982908819997563,-0.7068572948111488,-0.7198940622755629,-0.7380529527711889,-0.07665210434686155,-0.07664950169852813,-0.0766525715589523,-0.6911503672599792,-0.692040885951278,0.0011612958527598138
-0.6944937798135713,-0.6954994287214701,-0.70008990276704,-0.7082833182521953,-0.720949839188855,-0.0766573869523472,-0.07667046326427254,-0.0766525715589523,-0.7068583369255066,-0.6976800688347693,-0.0119690746229556
-0.6982661992663455,-0.6950029831395791,-0.6959293131265607,-0.7004306577209282,-0.7085356010710113,-0.07665372221966867,-0.07666177390131013,-0.062747947871685,-0.7068583369255066,-0.7046651469469903,-0.0028600662189928183
-0.706443390992576,-0.6998110564068132,-0.6963071969160024,-0.6969631196568341,-0.7011960512173159,-0.06275143882771994,-0.07666703165635949,-0.062747947871685,-0.7225663065910339,-0.7159124513908408,-0.008677071603718778
-0.718073084711759,-0.7083204504558364,-0.7013957251422076,-0.6975633106885953,-0.6978931015094457,-0.06275218951441658,-0.06276761029331164,-0.062747947871685,-0.7382742762565613,-0.7301895922145758,-0.01054296798098564
-0.7319275022653771,-0.7195829015212883,-0.7095950821556113,-0.7024060829522091,-0.6983113435885182,-0.06275135964612343,-0.0627651970674872,-0.062747947871685,-0.7539822459220886,-0.7474793129541993,-0.008480258932433649
-0.7515672796372759,-0.7354789408522358,-0.7225811302958276,-0.711971677574556,-0.7041656294668979,-0.06275597315482784,-0.06278195642157597,-0.062747947871685,-0.7853981852531433,-0.7701017817927024,-0.019947531786048467
-0.7721444020972599,-0.7533418147864829,-0.73697705555017,-0.7237686355850834,-0.7128508641522245,-0.06275195783741326,-0.06277126134077418,-0.062747947871685,-0.8011061549186707,-0.7934630534168045,-0.009967114854596781
-0.7965844830888182,-0.7748561575108368,-0.7556311583613892,-0.7387917414402916,-0.7251121643185673,-0.06275407569973998,-0.06277532047467761,-0.062747947871685,-0.8325220346450806,-0.8208422311295146,-0.015231243898873759
-0.8242073280521902,-0.7995079254713563,-0.7773242134430066,-0.7575875035448869,-0.7402401496639681,-0.06275455405458746,-0.0627792620877175,-0.062747947871685,-0.8639379739761353,-0.8513464133780931,-0.016420236032278046
-0.8518263393966158,-0.8246242658389082,-0.7998599165979821,-0.7776032250068179,-0.7577940737590464,-0.06274889003743263,-0.06275814610651963,0.0973985120654106,-0.8796459436416626,-0.8778501506277722,-0.0023418340342804544
-0.8772201589741583,-0.8512790314458671,-0.8241622123903309,-0.7994936623219503,-0.7773320633990219,0.09739974883219218,-0.06274417480498164,0.0973985120654106,-0.8953539133071899,-0.8977112237398512,0.003074090253091355
-0.9017453497434157,-0.8807248232397992,-0.8542377719644912,-0.8265075067928533,-0.8012300346800648,0.0973905924794838,0.09736955503242632,0.0973985120654106,-0.9267698526382446,-0.9116749108873157,-0.019684812260863493
-0.9126319771278671,-0.902576805144201,-0.8814267623122092,-0.8547941755311684,-0.8269194481559912,0.09739663320284582,0.09738342922617829,0.0973985120654106,-0.9267698526382446,-0.9231886905376705,-0.004670074571250571
-0.923133561110033,-0.9125840832011887,-0.9025363716844689,-0.8813947120644137,-0.8547704466703981,0.0973986202926298,0.09739704582429042,0.0973985120654106,-0.9267698526382446,-0.9269761366011684,0.00026900806572072167
-0.9272781468784221,-0.9233959338335453,-0.9128055859612814,-0.9027119494954052,-0.8815247036157005,0.09739791917457392,0.09739635986798502,0.0973985120654106,-0.9267698526382446,-0.9256397869091875,-0.0014736811897638757
-0.9270686612026362,-0.928519487548475,-0.9244439100901897,-0.9136362816012719,-0.9033269669302034,0.09739570697386522,0.09738722462902209,0.0973985120654106,-0.9267698526382446,-0.9214232734263038,-0.006972296399780031
-0.9212915996831598,-0.9269542690736069,-0.9284229143530084,-0.9243673597562432,-0.9135796064632908,0.0973987705604408,0.09739669249851948,0.0973985120654106,-0.9110618829727172,-0.9115545813864826,0.0006425116397419384
-0.9113061508814192,-0.9210757746165105,-0.926772063212723,-0.9282784858764496,-0.9242604300615526,0.09739899977123088,0.09740062996218457,0.0973985120654106,-0.8953539133071899,-0.8962834935929255,0.001212234780897825
-0.8961051505297646,-0.9111512145804874,-0.9209449728401844,-0.9266683810304138,-0.928201723285281,0.09739886217921763,0.0974003345968496,-0.0542439185082912,-0.8796459436416626,-0.8803132698847488,0.0008702379928755555
-0.8795415977891107,-0.8954347570874216,-0.9105852487444083,-0.920496350698763,-0.9263362371917706,-0.05424240360184968,0.0974046378324124,-0.0542439185082912,-0.8639379739761353,-0.8668254260101529,0.003765430310347595
-0.8639003330931934,-0.8770004107734624,-0.8932894123643016,-0.908884705915815,-0.9192373294184566,-0.054238176118321414,-0.054220510465702434,-0.0542439185082912,-0.8482300043106079,-0.8591751525678871,0.014273204373153714
-0.8551895758793818,-0.8604378462532103,-0.874077277676493,-0.8909723427710078,-0.9071692302001454,-0.054236094231849524,-0.05420834569052172,-0.0542439185082912,-0.8325220346450806,-0.8474353139783711,0.019447912334710993
-0.8450328473376622,-0.8531024226824694,-0.8586758102165998,-0.8726805707913529,-0.8899382707904764,-0.05423920211098965,-0.05421811274177469,-0.0542439185082912,-0.8325220346450806,-0.8415116135447004,0.011723011314856646
-0.839705622514561,-0.8434638848853726,-0.8517778584937397,-0.8576258725968405,-0.8719032344114366,-0.05424037308082226,-0.054225684999353874,-0.0542439185082912,-0.8325220346450806,-0.8392797138495891,0.00881246503993316
-0.8375349179515078,-0.8381898235956777,-0.8421842029131633,-0.8507634975021151,-0.8568748758839706,-0.05424049321591626,-0.05422731398997274,-0.0542439185082912,-0.8325220346450806,-0.8390507331600814,0.008513858926793016
-0.8369654259938667,-0.8357232984081768,-0.8366604011629116,-0.8409718810322548,-0.8498659376047807,-0.05423982474194082,-0.05422488553609382,-0.0542439185082912,-0.8325220346450806,-0.8403248623651347,0.010175408511508777
-0.8405806706427928,-0.8371876605320967,-0.8359109153332401,-0.8368091188086124,-0.8410819862748551,-0.05424442069777014,-0.05424173936332529,-0.0542439185082912,-0.8482300043106079,-0.8472728177856348,-0.0012482351607328024
-0.8459242059733192,-0.839409058347424,-0.8361985510175531,-0.8351268813859106,-0.8362286480274166,-0.054241270983865816,-0.05423432688439224,0.0049691796302795,-0.8482300043106079,-0.8532762563943387,0.006580649765217883
-0.8540599759946971,-0.8466050657370529,-0.8399838601594575,-0.8366541771408432,-0.8354642107230142,0.00496764107280458,-0.054247136807755524,0.0049691796302795,-0.8639379739761353,-0.8610054424424105,-0.003824216988905005
-0.8606909426699275,-0.8537867529686439,-0.8463744028328398,-0.8398010214094166,-0.83651880984912,0.004969797039842299,0.004969994976264306,0.0049691796302795,-0.8639379739761353,-0.8651147730503627,0.0015346245932682523
-0.866837223024737,-0.8621873284717616,-0.8550500458172018,-0.8473757727156733,-0.8405423999685137,0.004965798206257392,0.004956905199184122,0.0049691796302795,-0.8796459436416626,-0.873200859375803,-0.00840482036117085
-0.8734519967140434,-0.8670553996643168,-0.8623715195995882,-0.8551960479483001,-0.847483867488079,0.004968686610545395,0.004963918544963257,0.0049691796302795,-0.8796459436416626,-0.8787062348946197,-0.0012254429709401826
-0.8811606492992687,-0.8755842797536527,-0.8688555356397705,-0.8637984270287581,-0.8562524793348817,0.004964361251835097,0.004950316312490519,0.0049691796302795,-0.8953539133071899,-0.8861699556325706,-0.011976494220355072
-0.8870684337447442,-0.881941206012275,-0.8762432486587479,-0.8693778781956073,-0.8641851508338575,0.004967415784874965,0.004957636506948843,0.0049691796302795,-0.8953539133071899,-0.891991976978042,-0.004384189522837034
-0.8949333776288316,-0.8896237881740918,-0.8840985112821919,-0.8779532722117498,-0.8706439186662466,0.004963405225816556,0.004945400591942808,0.0049691796302795,-0.9110618829727172,-0.9000557142386266,-0.01435277915058042
-0.9014014781296606,-0.8961025157803741,-0.8906108089437419,-0.8848808895514799,-0.8785325171879542,0.0049665376967447505,0.004953332727976355,0.0049691796302795,-0.9110618829727172,-0.9060262872754797,-0.006566753125471947
-0.9090173783582395,-0.904000001334876,-0.8982962653989128,-0.8923497207099169,-0.8861683178251922,0.00496330767615019,0.0049441505910483765,-0.0773692727088928,-0.9267698526382446,-0.9155777516413772,-0.014595247239983178
-0.9157869103394309,-0.9091990858741349,-0.9041534041572488,-0.8984178626726099,-0.8924397469960167,-0.07736968331834826,0.004961742207981189,-0.0773692727088928,-0.9267698526382446,-0.9259872200776773,-0.001020605132382002
-0.9259542957495857,-0.9157583071882078,-0.9091749382536869,-0.9041342631481896,-0.8984036913519429,-0.07736920807356777,-0.07736943689308318,-0.0773692727088928,-0.942477822303772,-0.9426010189551142,0.0001606566618709282
-0.9422878906425913,-0.9256822641852545,-0.9155286501509782,-0.9089928968206771,-0.9039994861615691,-0.07736865799170871,-0.07736686443493056,-0.0773692727088928,-0.9581857323646544,-0.95935739969332,0.0015279324542976092
-0.9611953380775861,-0.9438846074957822,-0.9270302594544795,-0.9165971608026018,-0.9097839840111955,-0.07737288085374239,-0.07738241421635501,-0.0773692727088928,-0.9896016716957092,-0.9827244514929243,-0.008968354486038721
-0.9822222032125827,-0.9607590077301855,-0.9435162445997936,-0.9267382705380398,-0.9163809826192418,-0.07736828672124411,-0.07736912172871853,-0.0773692727088928,-1.0053097009658811,-1.007189019690572,0.0024507571399929873
-1.007542529582481,-0.9825293164471791,-0.9610182817439376,-0.9437217624170353,-0.9268904286025347,-0.07736996670108899,-0.077370932599653,-0.0773692727088928,-1.0367255210876465,-1.0354027534740347,-0.0017249773181202688
-1.0358382035396938,-1.007920828694417,-0.9828486876695864,-0.9612714366034204,-0.9439091892491873,-0.07737012756176768,-0.07737322586852177,-0.0773692727088928,-1.0681414604187012,-1.0665120880662367,-0.0021248103762523396
-1.0664676443321115,-1.0357995928550792,-1.0078882324203198,-0.9828228496960629,-0.9612523070890329,-0.0773691854592702,-0.0773697949184125,-0.0423231869935989,-1.099557399749756,-1.0997236998547153,0.00021686644434271152
-1.0991129471217476,-1.065937050276179,-1.0353516497674575,-1.007533162954297,-0.9825599689228222,-0.04232198799566367,-0.07736461422235064,-0.0423231869935989,-1.1309733390808103,-1.1332586610861768,0.002980212535665494
-1.1322643710709224,-1.0982491534070578,-1.0652078102492692,-1.0347736056495496,-1.0071051996985851,-0.042321235055259594,-0.042314546137475983,-0.0423231869935989,-1.1623892784118652,-1.1661097248854093,0.004851710696651246
-1.1643510572737916,-1.1307365210414166,-1.0969592975332731,-1.0641853847469969,-1.0340166382605225,-0.042319734468998886,-0.04230807214025075,-0.0423231869935989,-1.19380521774292,-1.2003858216043655,0.008581546965406028
-1.2011569049759556,-1.1650209392595934,-1.1313020550908601,-1.0974075774119063,-1.0645172751864744,-0.042324700744288055,-0.042325505715832525,-0.0423231869935989,-1.240929126739502,-1.2380438776002884,-0.0037625575883886153
-1.2373384234318414,-1.2005440386418305,-1.1645035394980658,-1.130891929648315,-1.0971039351565763,-0.042321802082741014,-0.04231942070546744,-0.0423231869935989,-1.2723450660705566,-1.2749847430591406,0.0034423151017721754
-1.273332233913163,-1.2359027990246128,-1.199332042347396,-1.1635428306737123,-1.130180655087215,-0.04231994287376605,-0.04230943372086515,0.0514512732625007,-1.303761005401611,-1.3099443842250218,0.008063538984451224
-1.3083048694700001,-1.2719078984388028,-1.2347003331789057,-1.1983788879901927,-1.1628371491707485,0.051454491872422445,-0.04230767176964522,0.0514512732625007,-1.3351768255233765,-1.3413115817766454,0.008000131905399721
-1.3411587350723793,-1.3081720832401973,-1.2717957964031572,-1.2346114736540315,-1.1983130995661122,0.05145157332318472,0.05145563586811802,0.0514512732625007,-1.3665927648544312,-1.36716468851167,0.0007458266488242771
-1.3681315107838345,-1.3419986660674663,-1.308881177658278,-1.2723578717724289,-1.2350276142175916,0.05144937524740311,0.0514443370499327,0.0514512732625007,-1.3980087041854858,-1.3943910368471502,-0.004717679839540301
-1.393824835658023,-1.3676396210726693,-1.3415833983245937,-1.3085520088424334,-1.272114166917136,0.05145238479916693,0.051453613034055434,0.0514512732625007,-1.4137166738510132,-1.415835292347716,0.002762820025948187
-1.4148326278549297,-1.392953766580064,-1.3669042389703823,-1.341000485589478,-1.3081204410361233,0.05145324164117786,0.051459889336928216,0.0514512732625007,-1.4294246435165403,-1.4331764257119797,0.00489257457097092
-1.4324717043484465,-1.414220398148216,-1.3924369042780973,-1.36649453955401,-1.340697158748737,0.051452656734754174,0.0514585161952504,0.0633298233151435,-1.445132613182068,-1.447769548152312,0.003438739326712792
-1.4479600129308985,-1.4326371714416373,-1.4143600903286975,-1.392547633585685,-1.3665765195854815,0.06332944940461649,0.05145123118300343,0.0633298233151435,-1.4608405828475952,-1.460127899422282,-0.0009293867879855977
-1.4586646846994615,-1.4466888388655625,-1.4315640089563726,-1.4135094304097742,-1.3919178353105577,0.06333269582203012,0.06334040097437812,0.0633298233151435,-1.4608405828475952,-1.4663156574958727,0.0071398630311994005
-1.4673895138422877,-1.4595976020055614,-1.4474764350587683,-1.4321883100506207,-1.413971640681554,0.06332771517632955,0.06332465844206918,0.0633298233151435,-1.4765485525131226,-1.4725303837738026,-0.005239960416615563
-1.4729757479342769,-1.4677764258666102,-1.4599242445015999,-1.4477353536130528,-1.432380004116909,0.06332894899943435,0.06332438180591118,0.0633298233151435,-1.4765485525131226,-1.474882083480085,-0.0021731869254719705
-1.4722822479992057,-1.470717129711065,-1.4658696340182054,-1.4584127945381138,-1.4466163299482848,0.06333492717666596,0.06334840771536551,0.0633298233151435,-1.4608405828475952,-1.4705686788741452,0.012686086975227218
-1.4688820479118425,-1.470816980117716,-1.4694801075249158,-1.4648890880086076,-1.4576868332323205,0.06333313442114787,0.06334755092652149,-0.0867761150002479,-1.4608405828475952,-1.4671516390983859,0.008230038877554247
-1.4653053664923144,-1.4672780906677176,-1.469462872297786,-1.4684067516593022,-1.464094413594399,-0.08677249049408842,0.06334695302406995,-0.0867761150002479,-1.4608405828475952,-1.4677489881429084,0.009009021929602401
-1.4638774409029947,-1.4619419432248018,-1.4644385899485088,-1.467212095286149,-1.466740356607541,-0.08676851458047691,-0.08674351353054223,-0.0867761150002479,-1.4608405828475952,-1.4753271854031003,0.01889149731798878
-1.4734830070470966,-1.462275303047597,-1.4605893713862779,-1.4633664516038545,-1.4664183222810498,-0.086772494605411,-0.08675471165216864,-0.0867761150002479,-1.4765485525131226,-1.483449121518058,0.008998802883550372
-1.4820725056429702,-1.4722870661021008,-1.4612656545724119,-1.4597890568935192,-1.4627739272872782,-0.08677341249970594,-0.08676219119296177,-0.0867761150002479,-1.49225652217865,-1.497407560205101,0.006717297633362707
-1.495514945964509,-1.480428288905123,-1.4708989700349933,-1.4601653573628868,-1.4589744360688266,-0.08677239951860667,-0.08675924704841266,-0.0867761150002479,-1.5079644918441772,-1.5150462988312343,0.00923514931744096
-1.5121488357544508,-1.492997762491002,-1.4783032086773558,-1.4692144901923976,-1.4589182285447142,-0.08677042685174038,-0.08675071318062613,-0.0867761150002479,-1.5236724615097046,-1.5345142240949263,0.014138382551479811
-1.5334991558348066,-1.5112669908504284,-1.4922532831198243,-1.4777130848422217,-1.4687775835447336,-0.08677412227114116,-0.08676282947680275,-0.0867761150002479,-1.5550884008407593,-1.5588865956036853,0.004953099658950411
-1.5584687298850592,-1.5331361331997648,-1.5109605164785445,-1.4920103511613199,-1.477533226681474,-0.08677529466804668,-0.08677099471542622,-0.0867761150002479,-1.586504340171814,-1.5880679152006545,0.0020390062715280877
-1.587485359047093,-1.5579626317284048,-1.532708870269853,-1.5106218394801325,-1.4917596067866523,-0.08677497135636786,-0.0867709344711075,-0.0867761150002479,-1.617920160293579,-1.6200999759951427,0.0028426252685549436
-1.6193941394855338,-1.5868721605524438,-1.557444951547206,-1.532298522548037,-1.5103180326571553,-0.08677472933879776,-0.08676968845587846,0.0638060942292213,-1.6493360996246338,-1.6519772072620282,0.00344418076337627
-1.651996108802767,-1.6194105602801083,-1.586886023469566,-1.5574559402167851,-1.532306658167211,0.0638060571227016,-0.08677487080917717,0.0638060942292213,-1.6807520389556885,-1.6806813129406357,-9.223144754377799e-05
-1.6799530117075223,-1.6513633939832348,-1.6188764038441732,-1.5864626155730694,-1.557142464106113,0.06380752399224585,0.06381150816255073,0.0638060942292213,-1.6964600086212158,-1.6991851750342788,0.0035537990212817228
-1.6975973513089055,-1.6785735830368422,-1.6501988397802814,-1.6179533007750029,-1.5857791829723376,0.06380921136200758,0.06381940820993885,0.0638060942292213,-1.7121679782867432,-1.718109316416508,0.007747901753614395
-1.720183722484931,-1.6993995004767815,-1.6800950103004675,-1.65140482415869,-1.6188461686114393,0.06380202186333798,0.0637936852724884,0.0638060942292213,-1.743583917617798,-1.735821879758061,-0.010122215809229118
-1.7350687629146975,-1.7195294489975745,-1.6988471435802075,-1.6796571755090839,-1.65108066688941,0.0638075727089586,0.06380765863798228,0.0638060942292213,-1.743583917617798,-1.7464019393831487,0.0036748886026374272
-1.7473271995647726,-1.7358725866653915,-1.7202080606193288,-1.6993850562589194,-1.6800554268780337,0.0638042778066538,0.06380064751112625,0.0638060942292213,-1.7592918872833252,-1.7558297374809337,-0.0045148745853809125
-1.7553767858799199,-1.746933695918943,-1.7355403793288553,-1.719944731002571,-1.6991900963992448,0.06380698344019829,0.06380766796599255,0.0638060942292213,-1.7592918872833252,-1.7609867470936673,0.0022102103953469676
-1.7602787013174086,-1.7547616680753944,-1.7464143953999691,-1.7351287472196149,-1.7196399732649374,0.06380748422778858,0.06381228287615406,0.0577456131577491,-1.7592918872833252,-1.7619412615815437,0.003454961041235549
-1.76157634989779,-1.7599616827272515,-1.7544940316695192,-1.7462022489948825,-1.7349716815850107,0.05774632953334883,0.06381021544399297,0.0577456131577491,-1.7592918872833252,-1.760657318260352,0.0017806131935740321
-1.75785546248178,-1.759142225674609,-1.7579067235583814,-1.7528651344391517,-1.7449962715610994,0.05775111361499146,0.057767300289412536,0.0577456131577491,-1.743583917617798,-1.7540679356516125,0.013671859762058869
-1.7533130379241284,-1.7571996418437064,-1.7585885626279538,-1.7574678534256238,-1.7525402106400318,0.05774709513362528,0.057756763718832344,0.0577456131577491,-1.743583917617798,-1.7464086031170143,0.0036835785566800006
-1.7445536767673384,-1.751701562703136,-1.7558391871268728,-1.7575101757899765,-1.7566694542588477,0.05774925465248703,0.057760978506314446,0.0577456131577491,-1.7278759479522705,-1.7348167339306662,0.009051248503105125
-1.7326658548387137,-1.7426850913323224,-1.7501240479913005,-1.7545887441088805,-1.75658439236189,0.05774983565148673,0.0577653531116243,0.0577456131577491,-1.7121679782867432,-1.7202161638361348,0.01049537150884472
-1.7209812463698781,-1.7333305235709018,-1.7432462241999318,-1.7505688392006653,-1.7549180516620146,0.05774411118759207,0.057744109318494705,-0.0924628600478172,-1.7121679782867432,-1.7093051831555786,-0.003733276062149571
-1.7080771201277347,-1.7199143613479833,-1.7324298278968708,-1.74253227293946,-1.750040255142139,-0.09246044917848294,0.057753302742127005,-0.0924628600478172,-1.6964600086212158,-1.7010551897968642,0.005992423173261097
-1.6994583971763366,-1.706689899690927,-1.7187432291071905,-1.7315015106376668,-1.7418449799383302,-0.09245972530776338,-0.0924484978322411,-0.0924628600478172,-1.6964600086212158,-1.702434906671966,0.007791666132105579
-1.7007609359771632,-1.69800412795653,-1.705462162898044,-1.7177700433174956,-1.7307809985762732,-0.09245957379579019,-0.0924471963148841,-0.0924628600478172,-1.6964600086212158,-1.7027236925290772,0.008168262178291918
-1.7030249820635905,-1.7010226825523291,-1.6982251021037964,-1.7056373216953171,-1.7178997246460055,-0.09246345152372928,-0.09246182882596739,-0.0924628600478172,-1.7121679782867432,-1.7110406094416384,-0.001470164272959984
-1.711834460512928,-1.7037146435861437,-1.7016049150676997,-1.6986866182964704,-1.7059790118297922,-0.09246441849486783,-0.0924693931775768,-0.0924628600478172,-1.7278759479522705,-1.724905506357377,-0.003873654240748481
-1.7253022510213496,-1.7121791341411636,-1.7040056271875001,-1.701835568011813,-1.6988573855127505,-0.09246363891626468,-0.09246738796804035,-0.0924628600478172,-1.743583917617798,-1.7420993736081747,-0.001935944543848711
-1.7414545085346784,-1.7247420217232947,-1.7117061721116402,-1.7036307260451173,-1.70155800457246,-0.09246159408231285,-0.09245881236228795,-0.0924628600478172,-1.7592918872833252,-1.7617048512594213,0.0031466661909282934
-1.7627192834045697,-1.7423358008110916,-1.7254860345500118,-1.7122959261326234,-1.7040673588955693,-0.09246485152813619,-0.09246918669618748,-0.0505626276135444,-1.79070782661438,-1.7869120120741917,-0.004949995689521147
-1.7888705940591931,-1.7644208099032705,-1.7437722794617214,-1.7266246830112266,-1.713138940856718,-0.05056647259962346,-0.0924795107212868,-0.0505626276135444,-1.8221237659454343,-1.8147951200499188,-0.009557043740874294
-1.8141742599874844,-1.7883312192174416,-1.763965453818335,-1.7434113339612858,-1.7263574518316065,-0.050561408773426714,-0.05056182571343518,-0.0505626276135444,-1.837831735610962,-1.8401548773446732,0.003029531987472245
-1.8401093258490562,-1.814134686930323,-1.788297810480172,-1.7639389718324965,-1.7433917276431414,-0.05056253818922218,-0.05056106783892529,-0.0505626276135444,-1.8692476749420168,-1.8694181200824018,0.00022227184739165295
-1.8695574935663601,-1.8402304071609374,-1.8142369073304405,-1.7883788371638942,-1.763998961100255,-0.05056290122430449,-0.0505635813433189,-0.0505626276135444,-1.9006636142730715,-1.9001421048754683,-0.0006800830870021812
-1.9033621334137032,-1.8723549071678005,-1.8425920658941508,-1.8161089150218244,-1.7897648049153205,-0.05056894900575495,-0.050587001834160976,-0.0505626276135444,-1.947787404060364,-1.9357386621078232,-0.015712364262734813
-1.9376511067650088,-1.9050235779110074,-1.8737575474154877,-1.843703891787955,-1.8169320712733215,-0.050566382025226,-0.05058326287968733,-0.0505626276135444,-1.9792033433914185,-1.9720473347103342,-0.00933191328251226
-1.9725615483664707,-1.938097832083944,-1.905400716547306,-1.8740564925670204,-1.843925220119765,-0.050563637090995255,-0.05057023070624304,-0.0505626276135444,-2.0106194019317627,-2.0086953110183767,-0.002509143064464592
-2.0078634803323774,-1.9718388918907659,-1.937487744259933,-1.9049171203854616,-1.8736984552105957,-0.05056099460689352,-0.050557411175109146,-0.0505626276135444,-2.0420353412628174,-2.045147895442012,0.004058978542626601
-2.0462063016118504,-2.008782975231319,-1.9726151564935805,-1.9381030631824265,-1.9053726805775182,-0.0505647054213769,-0.05056891634853838,-0.0505626276135444,-2.0891590118408203,-2.085198654760151,-0.005164570152393022
-2.08454601706457,-2.0456393198150273,-2.0083043125439883,-1.972235736630897,-1.9378221542436704,-0.05056134638923345,-0.05055982069247091,0.0368755236268043,-2.120574951171875,-2.123016998839832,0.0031845932676661803
-2.121662662784031,-2.083369431808125,-2.044646011980668,-2.0075169507293107,-1.971652802015366,0.036878182388766174,-0.050551209732210736,0.0368755236268043,-2.1519908905029297,-2.1570585616305635,0.00660858162908351
-2.1596373351370404,-2.123902983326658,-2.0852607762171065,-2.046145217276876,-2.0086269088789885,0.03687046111305232,0.036858881313185675,0.0368755236268043,-2.199114799499512,-2.189465513424979,-0.012583313533943485
-2.1884585651706434,-2.158762544522865,-2.123164459394181,-2.084675373058545,-2.0457118056498382,0.036877500415138875,0.03687799771303435,0.0368755236268043,-2.214822769165039,-2.218590580391551,0.0049134774980967855
-2.2188052525926483,-2.188645062565952,-2.158919991102136,-2.123289262018384,-2.084767772471878,0.036875102193527014,0.036875893680631947,0.0368755236268043,-2.2462387084960938,-2.2454354454427716,-0.001047508672880948
-2.2471720180351937,-2.220313907479475,-2.1899187133364513,-2.159929571362391,-2.1240367192481973,0.03687211447799446,0.03686210465079083,0.0368755236268043,-2.2776546478271484,-2.2711567193772906,-0.008473732706659298
-2.2712372847065936,-2.247242009510524,-2.22037299633887,-2.1899655510940437,-2.1599642483681913,0.03687536546514857,0.0368715114791246,0.0368755236268043,-2.293362617492676,-2.293061157163499,-0.0003931244043107185
-2.2949536821908985,-2.272881423940097,-2.248630040146188,-2.2214732416830834,-2.190780133519509,0.03687180832030176,0.03686120068157992,-0.0920926481485366,-2.3247785568237305,-2.317697083655683,-0.009234713995156518
-2.3169950230527365,-2.294343764031355,-2.2723665131141506,-2.248221887599424,-2.2211710600894494,-0.09209126989974964,0.036877062959658626,-0.0920926481485366,-2.340486526489258,-2.343113505393173,0.003425755951236731
-2.3418816178295754,-2.3159248154490046,-2.2934402633361404,-2.2716503384074387,-2.247691657380575,-0.09209022977107306,-0.0920820497201131,-0.0920926481485366,-2.3719024658203125,-2.3765119576903646,0.0060110852746002585
-2.378303450437171,-2.3434379848360445,-2.3172387461923956,-2.294481772180319,-2.2724214344224287,-0.0920961651137313,-0.09210363836892828,-0.0920926481485366,-2.4190263748168945,-2.412322945465318,-0.008741719608266862
-2.412171666137855,-2.3781720258726873,-2.3433270323582587,-2.317150797883492,-2.294416658388055,-0.09209235116484503,-0.09209503284921648,-0.0920926481485366,-2.450442314147949,-2.4510083729756014,0.0007381785193207868
-2.451772455326087,-2.412835465956549,-2.3787324251780015,-2.3437712420973886,-2.3174796749367954,-0.09209414815518599,-0.09209807001187034,-0.0920926481485366,-2.4975662231445312,-2.494707170511246,-0.0037283955949480863
-2.495539463835467,-2.4524955137207307,-2.413445893092334,-2.379216290300912,-2.3441294785829974,-0.09209428206341473,-0.09210037753373188,-0.0920926481485366,-2.5446901321411133,-2.541575846856594,-0.004061236019593295
-2.5426140292360966,-2.4964413892298265,-2.453256945631693,-2.4140494546373366,-2.3796631457498636,-0.09209468625407789,-0.0921020524381773,0.0785845294594764,-2.5918140411376958,-2.5879293576817033,-0.005065886691439481
-2.586791726644096,-2.5416257073935307,-2.49560701889949,-2.4525955682472786,-2.41355979440221,0.0785867627974404,-0.09208617154637501,0.0785845294594764,-2.62322998046875,-2.627486782123324,0.005551153676818021
-2.627047631815944,-2.586410212931297,-2.5413036223106498,-2.4953517128538056,-2.45240654875356,0.078585391576473,0.07859004965968427,0.0785845294594764,-2.6546456813812256,-2.6562888993431693,0.002142865975785835
-2.6561441691208234,-2.6269218968146166,-2.586304063749852,-2.5412194814137012,-2.4952894179336065,0.07858481358630612,0.07858647482358767,0.0785845294594764,-2.6860616207122803,-2.6866031740187424,0.0007062216829214485
-2.6879870221195645,-2.657346393092941,-2.6279368496058546,-2.587108582796092,-2.541815118631769,0.0785818127610058,0.0785744560435755,0.0785845294594764,-2.717477560043335,-2.712299460386659,-0.006752587806670096
-2.712665066047343,-2.6883046436051563,-2.657614538480851,-2.6281493994639344,-2.587265947132908,0.07858381172149734,0.07857907635066506,0.0785845294594764,-2.7331855297088623,-2.7318175020005153,-0.0017839995046564638
-2.7321889536973356,-2.7129877663018984,-2.688577076639009,-2.6578304870121046,-2.628309280057194,0.07858380024486386,0.07858103155594312,0.0785845294594764,-2.7488934993743896,-2.747503596896918,-0.0018125256646488452
-2.7453919844392423,-2.7303544813192393,-2.711439050834747,-2.687349461816639,-2.656921604766156,0.07858867486700405,0.07859960480914217,0.0785845294594764,-2.7488934993743896,-2.756794756554009,0.010303767101058625
-2.757071372983024,-2.7456322961481976,-2.7305573595228254,-2.711599865584222,-2.687468523323572,0.07858398642051917,0.07858660450503166,0.0785845294594764,-2.764601469039917,-2.763566422321089,-0.0013497700539382151
-2.763194740318197,-2.7567484726490807,-2.745359694201449,-2.730341277099983,-2.711439885862404,0.07858525912621382,0.07858676830982109,0.0785845294594764,-2.764601469039917,-2.7659922332794498,0.0018136494599358954
-2.7623826994296627,-2.7600589423069817,-2.754101139857474,-2.74326124226263,-2.728787658101243,0.07859161550821504,0.0786122750256211,0.0070129707455635,-2.7488934993743896,-2.762399697039608,0.01761298385809118
-2.7597132783235603,-2.760048861649593,-2.7580886478991875,-2.752539353544401,-2.7421049513592854,0.007018244582780854,0.07861172226460489,0.0070129707455635,-2.7488934993743896,-2.758945573603483,0.013108576190417942
-2.756575904349565,-2.7576546179970713,-2.75831088013114,-2.7567110082240425,-2.751519398246341,0.0070176227567445865,0.0070359805976948405,0.0070129707455635,-2.7488934993743896,-2.7577603566131708,0.01156297407232909
-2.7530412738805863,-2.7524761809882023,-2.754193511110648,-2.7555673767532105,-2.7546798161380055,0.007022235002843352,0.007052943180296125,0.0070129707455635,-2.7331855297088623,-2.7508434508801995,0.023027108610968572
-2.7475865206707124,-2.7502118017939954,-2.750087457540143,-2.752300050127286,-2.754165525749284,0.007019364581211871,0.007046611806768102,0.0070129707455635,-2.7331855297088623,-2.745372350783763,0.01589242866084062
-2.743318352091165,-2.7458021004981,-2.748705341868941,-2.7488933372691644,-2.751415966052996,0.007017003048750159,0.0070347379297857225,0.0070129707455635,-2.7331855297088623,-2.7408712070015024,0.010022636529479545
-2.739894745009465,-2.742470046548099,-2.745085936040623,-2.748137662316498,-2.7484730475681918,0.007014887684856759,0.007024311471402426,0.0070129707455635,-2.7331855297088623,-2.7368392670682753,0.004764717556204889
-2.733599739063729,-2.737080391163045,-2.740094086362473,-2.743202592067439,-2.746743301586203,0.007019330418110068,0.007039134240323475,0.0070129707455635,-2.717477560043335,-2.729599265336109,0.015807513331748346
-2.7279091783390497,-2.732131468737224,-2.73584083422462,-2.739111531139737,-2.7424751432118732,0.007016288636275179,0.007031980034986435,0.0070129707455635,-2.717477560043335,-2.7238015481270152,0.008246902851383187
-2.7234231556154374,-2.7275804482219086,-2.731853945116256,-2.735620850555648,-2.7389486630743765,0.007013713586021843,0.007019120751017602,0.0070129707455635,-2.717477560043335,-2.7188934337458948,0.001846393876826724
-2.7196401351762756,-2.7240718556852532,-2.728128099875682,-2.7322880502194384,-2.7359422464967595,0.007011504860230633,0.00700812482814619,0.0194039195775985,-2.717477560043335,-2.7146835435483183,-0.0036435841267667968
-2.713211244495821,-2.7183610690605757,-2.722992030499251,-2.7272721586572843,-2.731654341858476,0.0194068099183677,0.0070225244225217654,0.0194039195775985,-2.701769590377808,-2.7072786568813716,0.007184190680866731
-2.7076146648276933,-2.7135031528401328,-2.718607506659323,-2.7231873733207235,-2.727416783517684,0.019403259944309744,0.019404295034935203,0.0194039195775985,-2.701769590377808,-2.7005123117570884,-0.0016395752972648836
-2.702302977358543,-2.7091703132480913,-2.7148164769320546,-2.719648534631223,-2.7239581133150232,0.01940040423621245,0.019389857537302584,0.0194039195775985,-2.701769590377808,-2.6950692560487686,-0.0087376834921562
-2.694885012961527,-2.7021429153863896,-2.7090351842295592,-2.714709364689941,-2.7195692325460685,0.01940428127402532,0.01940178322112256,0.0194039195775985,-2.6860616207122803,-2.686751023737239,0.0008990275909828149
-2.6884365108295083,-2.6963492871010204,-2.703379098626355,-2.710015065234647,-2.7154348336501046,0.01940061071718017,0.019391666085573852,0.0194039195775985,-2.6860616207122803,-2.6797548446082944,-0.008224457280243236
-2.6829686571829954,-2.6912285242859717,-2.698706386873221,-2.705247492582206,-2.7113983575051264,0.01939761038824361,0.019376556631293965,0.0194039195775985,-2.6860616207122803,-2.6740361377277,-0.015682033015005814
-2.6782194151566947,-2.686602897389103,-2.6942966566196858,-2.7011383924996566,-2.7070480628389637,0.019395707185366505,0.01936630025044809,-0.0386444702744483,-2.6860616207122803,-2.6704085823434105,-0.02041260752691132
-2.6748032936128205,-2.682037339418381,-2.689826101198049,-2.69685158220499,-2.703029968311457,-0.03865309774257666,0.019362814550882585,-0.0386444702744483,-2.6860616207122803,-2.66961743662748,-0.021444314382494944
-2.6732033302120453,-2.677918554042245,-2.6846673337801716,-2.6919108095449107,-2.6983950259382494,-0.038651509913850295,-0.038679936704170415,-0.0386444702744483,-2.6860616207122803,-2.672643880479026,-0.017497629458582242
-2.675535408583495,-2.6757153576529022,-2.6800392813957967,-2.6863483632453287,-2.693155383826645,-0.03865014677172748,-0.038673151830966056,-0.0386444702744483,-2.6860616207122803,-2.6752420656786566,-0.014109422420914175
-2.677013703551506,-2.677074526583068,-2.677014726278001,-2.6810692473370734,-2.6871109133065527,-0.0386479482615892,-0.03866340676389013,-0.0386444702744483,-2.6860616207122803,-2.679432484569589,-0.008644836301706427
-2.6798741079618793,-2.6773973657674266,-2.677398425495394,-2.6772714700854694,-2.6812593312983557,-0.0386453372464763,-0.038651253633872305,-0.0386444702744483,-2.6860616207122803,-2.6844091489311364,-0.0021549335741024578
-2.686713681281551,-2.6818761803241147,-2.679087574064249,-2.678738196939589,-2.678263389095462,-0.03864899441225512,-0.03866258573804074,-0.0386444702744483,-2.701769590377808,-2.693146463196876,-0.011245133797733509
-2.6932897188468434,-2.686838135241801,-2.681981248013053,-2.67917085769835,-2.6787998571729403,-0.03864475150647437,-0.03865006662279257,-0.0386444702744483,-2.701769590377808,-2.701233554644209,-0.0006990263993800205
-2.7024816033184798,-2.694373966484778,-2.6877534889463,-2.6827068182027936,-2.6797080439978536,-0.038646920378562044,-0.03865409264548085,-0.0510645881295204,-2.717477560043335,-2.712807596332783,-0.006089944593631547
-2.7144418956708583,-2.7039014078770016,-2.695572607198244,-2.6887036112494327,-2.683410254881026,-0.05106779650080741,-0.0386591524473987,-0.0510645881295204,-2.7331855297088623,-2.7270702885661637,-0.007974682897767593
-2.725212395772393,-2.7128278433388373,-2.702538777487338,-2.6944924957773644,-2.687903935262963,-0.051060940811214026,-0.051053890925485276,-0.0510645881295204,-2.7331855297088623,-2.740137415563855,0.009065723483568267
-2.738523326107394,-2.723810148635192,-2.71164402511618,-2.701600404475671,-2.693797757855632,-0.05106141943321972,-0.051048860005158514,-0.0510645881295204,-2.7488934993743896,-2.754933118936233,0.007876067305434553
-2.7531020054133304,-2.73693253838178,-2.722467158909629,-2.7105794821911813,-2.700812254848483,-0.051060993382882953,-0.05104771428989742,-0.0510645881295204,-2.764601469039917,-2.771453151893436,0.00893505207691181
-2.7723146575774766,-2.7538504421708425,-2.7375643906769596,-2.7229680070380056,-2.710950292288537,-0.05106627939258089,-0.05106744140411434,-0.0510645881295204,-2.796017408370972,-2.792793815923141,-0.0042037798613678845
-2.792086370422584,-2.771700061265041,-2.753331581910809,-2.737153107546219,-2.7226635076716112,-0.05106319930938309,-0.0510609844494457,-0.0510645881295204,-2.811725378036499,-2.814372506215796,0.0034520319521393894
-2.812103073359026,-2.790114790895974,-2.770035595915746,-2.7520122160379583,-2.7361762960937237,-0.05106013289721026,-0.05104621352331721,-0.0510645881295204,-2.8274333477020264,-2.8359251391706914,0.011073863256795047
-2.835349250377489,-2.811602767500276,-2.7896924179940954,-2.7697007950785935,-2.751764341434889,-0.05106345757465473,-0.05105582260276383,-0.0510645881295204,-2.858849287033081,-2.8610041547245517,0.0028100913970736663
-2.8581617634523906,-2.832879910770419,-2.8095180784699147,-2.788039954899366,-2.7684773703190384,-0.05105900809510959,-0.051042183426833865,-0.0510645881295204,-2.8745572566986084,-2.8851929509354055,0.013869655661466584
-2.8839250523601914,-2.857060271127886,-2.831949998594974,-2.808780968268402,-2.787494224786586,-0.051062099057115624,-0.05104951838763154,0.0347648039460182,-2.905973196029663,-2.9107174343410174,0.00618680363401003
-2.9079697504337756,-2.88153799018254,-2.855045043120247,-2.8303525949239283,-2.807598307543091,0.034770198055865995,-0.05104153375557526,0.0347648039460182,-2.9216811656951904,-2.9319624827619193,0.01340752416222557
-2.932493996812172,-2.9084315055442906,-2.8819278174103737,-2.855354046092841,-2.8305813697078577,0.034763760505335244,0.03476621988840373,0.0347648039460182,-2.953097105026245,-2.9511082792877135,-0.0025935616002059625
-2.95076402374045,-2.9321949233291726,-2.908179018924996,-2.8817276797331366,-2.8552058712921857,0.034765479770567286,0.03476633711872144,0.0347648039460182,-2.9688050746917725,-2.970093214286021,0.0016798200680039344
-2.969723610041312,-2.9504429284678393,-2.9319238452682224,-2.9079641444353297,-2.881568594321975,0.034765529533809035,0.03476824610869046,0.0347648039460182,-2.9845130443573,-2.98589603401599,0.0018035108872371808
-2.986029702425406,-2.969839735045219,-2.950540964607179,-2.9320015552287244,-2.908021678119468,0.034764541535163125,0.034764529079885344,0.0347648039460182,-3.000221014022827,-2.9997208519425422,-0.000652244759395515
-2.9973854405494453,-2.984000803762418,-2.9681268791973086,-2.9491832412086096,-2.9309963452317596,0.03476938870395231,0.034782021143859476,0.0347648039460182,-3.000221014022827,-3.0089596847812783,0.011395810340176116
-3.008533222346875,-2.9970149494807057,-2.9836880243194295,-2.967878949420349,-2.9489996828412663,0.03476564115484381,0.034772580602604124,0.0730509683489799,-3.0159289836883545,-3.01752472601286,0.0020809545735853696
-3.0162203961314122,-3.007400080168847,-2.9960583175692377,-2.9829297342790837,-2.967317538510028,0.07305352894142642,0.03477540353589841,0.0730509683489799,-3.0159289836883545,-3.020809541104522,0.00636457285167813
-3.019870065773998,-3.0154042229091504,-3.0067110427604438,-2.9955121407190255,-2.9825253644122003,0.07305281267798687,0.07306056053389272,0.0730509683489799,-3.0159289836883545,-3.0194443239078144,0.004584238441917243
-3.019256007775492,-3.0197064653264634,-3.015266106605763,-3.006601562597789,-2.995431085509926,0.07305133804139655,0.07305422214799029,0.0730509683489799,-3.0159289836883545,-3.0166336272829395,0.0009189023117217587
-3.014617214902274,-3.017504240872557,-3.0182275722508236,-3.014093837651999,-3.005733656459693,0.07305492686467782,0.07306643007164385,0.0730509683489799,-3.000221014022827,-3.0077660503962806,0.009839231377206215
-3.0083493487045683,-3.0151239578090294,-3.017932048119443,-3.01856668071105,-3.0143449014656105,0.07304982324814037,0.073050561113011,0.0730509683489799,-3.000221014022827,-2.9980384213176827,-0.002846246666706964
-2.9980166240043356,-3.008330412195122,-3.015107971051516,-3.0179193759527982,-3.018557298690671,0.07305101114032947,0.0730499863922053,0.0730509683489799,-2.9845130443573,-2.9845946058095234,0.00010636158133170426
-2.981527174938829,-2.9953517802809744,-3.0060806728470744,-3.013324678104095,-3.016599089434828,0.07305699016940234,0.07307396961842944,0.0730509683489799,-2.953097105026245,-2.9645748551701967,0.014967752806789747
-2.9623918906124724,-2.9796307151178274,-2.9937507331937114,-3.0048115765041215,-3.0123850844192606,0.07305525383123175,0.07307332877525988,-0.0995800420641899,-2.9373891353607178,-2.945557378696221,0.010651934880803182
-2.9462159381898574,-2.962964016996752,-2.980113721017005,-2.994133595774798,-3.005095034308839,-0.09958133491386617,0.07305032478006498,-0.0995800420641899,-2.9373891353607178,-2.9349249294367628,-0.0032134891134760757
-2.9321800823944524,-2.943831340550781,-2.960950869624971,-2.97851796659624,-2.992952156095594,-0.09957465352352748,-0.0995607908451112,-0.0995800420641899,-2.9216811656951904,-2.931951867746211,0.013393681472746444
-2.930128609675741,-2.930596119126827,-2.942494112233113,-2.9598908935748307,-2.9777331981203727,-0.09957646273896727,-0.09956100717508606,-0.0995800420641899,-2.9216811656951904,-2.928503454921244,0.008896720823444948
-2.9292822091727833,-2.9308051557713943,-2.9311672792135584,-2.942946851682863,-2.960226085721765,-0.0995815708739508,-0.09958229139923147,-0.0995800420641899,-2.9373891353607178,-2.9344751832296017,-0.00379998820695171
-2.933727384094905,-2.928632555467636,-2.930256699030662,-2.930732535944938,-2.942624983266814,-0.09957857402390112,-0.09957597390020279,0.0923600867390632,-2.9373891353607178,-2.940187259259095,0.0036489404550898996
-2.9393719046937026,-2.933019041319634,-2.92803455168998,-2.9297826814871852,-2.9303815902560433,0.09236168740065277,-0.09957247142510676,0.0923600867390632,-2.9373891353607178,-2.940440038991411,0.0039785821096320895
-2.9420720961180282,-2.9407897613214047,-2.9342160375326833,-2.9289833704527726,-2.9304851530706255,0.09235688276956887,0.09234947211386105,0.0923600867390632,-2.9373891353607178,-2.9312822841521284,-0.007963741863310947
-2.934075187717559,-2.9444984430676517,-2.9428381546874887,-2.9358397302713337,-2.9301854946664454,0.09235460385633912,0.09233597901719588,0.0923600867390632,-2.9373891353607178,-2.9269386148269314,-0.013628176784665769
-2.928700645171002,-2.935605959135304,-2.9457907652632005,-2.943862535160328,-2.936598145050867,0.09235662761292207,0.09234141577263939,0.0923600867390632,-2.9216811656951904,-2.9150879791205484,-0.008597955663835588
-2.91704834332783,-2.9304037199829516,-2.9370437449174585,-2.9469304498437467,-2.9447063169902346,0.09235623825421824,0.0923419550805593,0.0923600867390632,-2.905973196029663,-2.898637881393141,-0.009565740224564578
-2.9006499689636764,-2.918796353033418,-2.9318794411222275,-2.938213499583622,-2.9477964944929465,0.09235613671360712,0.0923411785934237,-0.071609616279602,-2.890265226364136,-2.8827363726178308,-0.009818128150536953
-2.8837796071110136,-2.9015562834034614,-2.9195614903054516,-2.93248593978271,-2.9386625295681577,-0.07161166430318958,0.09234832852581919,-0.071609616279602,-2.8745572566986084,-2.870653669182195,-0.005090538848865567
-2.8691306410029838,-2.8824564698489326,-2.900439252061144,-2.9186760570144656,-2.9318303965426935,-0.07160662635005505,-0.07160026505392462,-0.071609616279602,-2.858849287033081,-2.864548172400049,0.0074317271570811805
-2.864641537603107,-2.86921175242353,-2.8825249464927145,-2.9004935312006475,-2.918716243354123,-0.0716097995693028,-0.07160732515079746,-0.071609616279602,-2.858849287033081,-2.85849993198059,-0.0004555823224849931
-2.858712428356864,-2.8648261447412695,-2.869367603192194,-2.882648484171357,-2.900584994093387,-0.07161003344141338,-0.07161139001864189,-0.071609616279602,-2.858849287033081,-2.8580541655075513,-0.0010368915768541598
-2.857524891401201,-2.8582526192072204,-2.864437960350764,-2.8690599024416654,-2.8824206735062163,-0.07160857723626017,-0.07160607203902429,-0.071609616279602,-2.858849287033081,-2.86082973132227,0.002582631630453136
-2.8623784714969225,-2.8588703660695853,-2.8593885084440753,-2.8653383416624445,-2.869726512663258,-0.0716126566855984,-0.07162016892940051,-0.071609616279602,-2.8745572566986084,-2.8687621618743404,-0.007557190715399731
-2.8686904496502117,-2.8623161711946783,-2.8588177703244293,-2.859346817560426,-2.8653074752186085,-0.07160947549790096,-0.07161211994863624,0.075182668864727,-2.8745572566986084,-2.874825590371155,0.00034992503147845966
-2.874160423685086,-2.868112583239172,-2.8618283193963028,-2.8584310665615313,-2.8590605158816462,0.07518397468529912,-0.07160449699457401,0.075182668864727,-2.8745572566986084,-2.877046185495577,0.0032457293911702934
-2.8778797741678397,-2.8748846074188963,-2.868723960419337,-2.8623129375875385,-2.8587898605920787,0.07518103240688911,0.07517773561159762,0.075182668864727,-2.8745572566986084,-2.8714381244650284,-0.004067556764904445
-2.873083190769542,-2.8793089325746286,-2.876091144925828,-2.8696803422458705,-2.863021008593724,0.07517943935629262,0.0751687197516681,0.075182668864727,-2.8745572566986084,-2.868401727589921,-0.008027221096320591
-2.8684225602076925,-2.87310128919557,-2.879324211797502,-2.8761032562534874,-2.8696893090410605,0.07518262796721752,0.07517928343258348,0.075182668864727,-2.858849287033081,-2.8587713352904984,-0.00010165427886121847
-2.8615927861000023,-2.8708737076980273,-2.8751706199066107,-2.8809645008674707,-2.877317667799154,0.07517712993954115,0.07516151055028109,0.075182668864727,-2.858849287033081,-2.8482919480741735,-0.013767475145613162
-2.8505684029146146,-2.8635704660050396,-2.8725433231659823,-2.8764940681058397,-2.8819443347288685,0.07517819984722447,0.0751600915967706,0.075182668864727,-2.8431413173675537,-2.8346232509549742,-0.011108127538609125
-2.8369723008339403,-2.852609150070689,-2.8652933246988495,-2.873908975485101,-2.877505148392887,0.07517805733242822,0.07516061815998346,0.075182668864727,-2.8274333477020264,-2.8186436442912526,-0.011462360327366028
-2.8185627347650914,-2.8369020103361136,-2.8525498087677192,-2.8652462868376998,-2.873874150329761,0.07518282770209207,0.0751786629074722,0.075182668864727,-2.796017408370972,-2.796320156620138,0.00039480393800017666
-2.7981632040694344,-2.8201638901404373,-2.8382537527361182,-2.8536212896442708,-2.8660395730768564,0.07517905069002721,0.07516903323816262,0.075182668864727,-2.7803094387054443,-2.773413101340983,-0.008993284541733981
-2.7738639890862866,-2.798554914731765,-2.820494583787637,-2.838515882502093,-2.853815361177204,0.07518178370540399,0.07517567597781283,0.0299974605441093,-2.7488934993743896,-2.747206362124449,-0.0022001396607804757
-2.7467498923873124,-2.7734674290446133,-2.7982201270960796,-2.820229208854261,-2.8383194083629166,0.02999835666170777,0.07518520019656715,0.0299974605441093,-2.717477560043335,-2.719185584058214,0.0022273773973240374
-2.721080750621174,-2.7483963264661617,-2.774857397056127,-2.799321908133169,-2.821044928251979,0.029993740051881816,0.029984172107314973,0.0299974605441093,-2.701769590377808,-2.6946782330798693,-0.009247603560712303
-2.6955622305157534,-2.7218487271845544,-2.749044674839415,-2.775371321072479,-2.799702399151783,0.029995725126413776,0.029987123688994533,0.0299974605441093,-2.670353651046753,-2.6670458986882877,-0.004313530006025079
-2.6671895219356117,-2.6956870038277834,-2.721954064479646,-2.749128172181274,-2.7754331395274345,0.029997178590435252,0.029994650164558944,0.0299974605441093,-2.6389377117156982,-2.638400300501839,-0.0007008201175100481
-2.641292278485489,-2.6697019402109365,-2.697808061135273,-2.723635355488226,-2.750372940100434,0.02999178316365076,0.029975533306155967,0.0299974605441093,-2.62322998046875,-2.612408742071734,-0.014111617639212426
-2.6142777272018347,-2.642915967332265,-2.671072706029418,-2.6988946212377956,-2.7244398058486676,0.02999379144990633,0.02997779456668236,0.0299974605441093,-2.5918140411376958,-2.584820649843697,-0.009119849348251385
-2.5860253443554075,-2.6153243107251245,-2.6437995238848395,-2.6717730716829866,-2.6994131469973426,0.029995095550628036,0.02998477479925301,0.0299974605441093,-2.5603981018066406,-2.555890361228913,-0.005878394793260799
-2.5566435553169358,-2.586679684949393,-2.6158767242750858,-2.6442374035834635,-2.6720972621999866,0.029995981912729324,0.029989458197838735,0.0299974605441093,-2.528982162475586,-2.52616385167523,-0.0036752655235896547
-2.5301610937886894,-2.560116176544874,-2.5896113737943605,-2.6182005757229434,-2.6459579003424567,0.029989613366713307,0.029966064173947045,0.0850499048829078,-2.5132741928100586,-2.4983172636477784,-0.019504834627163348
-2.502159028284348,-2.5334986432918263,-2.5629338338721843,-2.591844836281649,-2.619854151718197,0.08504236293079154,0.02996085931389452,0.0850499048829078,-2.481858253479004,-2.4674830918309656,-0.01874617093131903
-2.4689468349199664,-2.5034306613700688,-2.534572193295583,-2.563784800964023,-2.592474861976651,0.08504703133876022,0.08503140740642297,0.0850499048829078,-2.434734344482422,-2.429257292787142,-0.007142441232538488
-2.43231472717455,-2.4716029941556035,-2.505673069018483,-2.5363496746505363,-2.5651007847861336,0.08504390268706036,0.0850241476802902,0.0850499048829078,-2.403318405151367,-2.3918780599701717,-0.014918974237013494
-2.3936069131712103,-2.433816675807009,-2.472870983309176,-2.506678161504835,-2.5370938092925552,0.08504651088840481,0.0850309629208432,0.0850499048829078,-2.356194496154785,-2.349725452217505,-0.008436065373012003
-2.351044265122361,-2.394752637537933,-2.434783929971761,-2.473637693253536,-2.50724580621189,0.08504731585814453,0.08503664010778401,0.0850499048829078,-2.309070587158203,-2.3041358369888765,-0.006435243821426351
-2.3056599600969347,-2.3523683536085733,-2.395870471931603,-2.435669999814628,-2.47429370777387,0.0850469128038536,0.08503590841378048,0.0850499048829078,-2.261946678161621,-2.2562436957765755,-0.007437069942302532
-2.258425840481673,-2.3075557076674507,-2.3539687993930554,-2.397139091642003,-2.4366092406177136,0.08504562101014788,0.08503058033426102,0.0850499048829078,-2.214822769165039,-2.206657593564068,-0.010647934350074717
-2.206157097817149,-2.257991032655199,-2.3071886301283504,-2.3536778293359233,-2.3969236677857486,0.0850508874300742,0.08504936701816865,-0.0361572578549385,-2.1519908905029297,-2.153863651576741,0.0024422055252499852
-2.1538593587855774,-2.2061533684364165,-2.2579878842024383,-2.3071861344554145,-2.3536759816286605,-0.03615724942755461,0.08505091955987797,-0.0361572578549385,-2.104866981506348,-2.1048830443245414,2.0946987787429094e-05
-2.1037198464567943,-2.152848825649686,-2.205300246679823,-2.2573116431911653,-2.3066854697209,-0.03615497432550602,-0.03614854336247985,-0.0361572578549385,-2.0577430725097656,-2.0620955404403483,0.00567590889045233
-2.0603566904189297,-2.10220921304376,-2.1515735045492455,-2.2042893424050294,-2.2565632057081935,-0.03615384423519874,-0.0361419597371359,-0.0361572578549385,-2.0106194019317627,-2.0171258520931423,0.008484845587663603
-2.014137321911709,-2.0577603920077236,-2.100017341661675,-2.14983608159813,-2.203003016396906,-0.03615139092823721,-0.03613147629681192,-0.0361572578549385,-1.9634953737258911,-1.974677892311024,0.014582751135056027
-1.9733386703764322,-2.0129738671128807,-2.056778169291377,-2.099238766648362,-2.149259652417051,-0.03615462876423169,-0.03614136739429222,-0.0361572578549385,-1.9320794343948364,-1.9370905513198822,0.006534831171553845
-1.9333583464155444,-1.9700963013605104,-2.0102365639486974,-2.0546084008549235,-2.0976323474574428,-0.03614993098477872,-0.0361266947216492,-0.0361572578549385,-1.884955644607544,-1.8989208543168408,0.018211566221790543
-1.8962080443196707,-1.9310015810968224,-1.9681066508511154,-2.008659434702896,-2.053440750591213,-0.03615193220773346,-0.036129626700335205,-0.0361572578549385,-1.8535397052764893,-1.863690530722308,0.013237354372794385
-1.8611720537178436,-1.8940201066217441,-1.9291544598240244,-1.9666424997521579,-2.007575429431064,-0.03615231371213684,-0.03613308242705717,-0.0361572578549385,-1.8221237659454343,-1.8315474338352955,0.012289092351696285
-1.828722018063161,-1.8587174616492197,-1.8919478678965314,-1.9275118656687276,-1.965426381603498,-0.036151711145944634,-0.03613116661906048,-0.0494401715695858,-1.79070782661438,-1.8012800017186892,0.01378682247014873
-1.800886026549277,-1.8283797504452015,-1.858428509272412,-1.8917188250360113,-1.927342290500935,-0.04943939813806571,-0.03614876240131756,-0.0494401715695858,-1.7749998569488523,-1.776474038030042,0.0019224305930123364
-1.7739921976748512,-1.7987299170975204,-1.826559499512739,-1.856985657391276,-1.8906505889456664,-0.04943529934994463,-0.04942082256787547,-0.0494401715695858,-1.743583917617798,-1.7528704980477616,0.012110321147678071
-1.7515585894172405,-1.7728524714260652,-1.7977677267201189,-1.8257968034628231,-1.8564209844285584,-0.04943759609893408,-0.04942548024502177,-0.0494401715695858,-1.7278759479522705,-1.7327848636239076,0.006401553910907687
-1.7317991655778922,-1.750702260012673,-1.7721295329890163,-1.7971946776612013,-1.8253725383706976,-0.049438236498552716,-0.049430218548157365,-0.0494401715695858,-1.7121679782867432,-1.715856275225278,0.004809785555674573
-1.7145475838489908,-1.7306622343325186,-1.7497424292592523,-1.771368707333912,-1.7966313894721164,-0.04943760241487992,-0.049428441473475165,-0.0494401715695858,-1.6964600086212158,-1.7013568859318258,0.006385855084065639
-1.7025001419448644,-1.715540792413085,-1.7315007301767114,-1.750407076800172,-1.771860788676323,-0.049442415950208415,-0.04944615922324642,-0.0494401715695858,-1.6964600086212158,-1.6921821593651514,-0.005578601154967888
-1.6914207262966885,-1.7018386437012891,-1.714982336165092,-1.7310580606339694,-1.7500793400533612,-0.04943867676386881,-0.04943671693198639,-0.0494401715695858,-1.6807520389556885,-1.6836011784732756,0.003715468229961605
-1.684421970830882,-1.692133793177265,-1.7024406357074093,-1.7154595150435472,-1.7314113468625703,-0.04944178290636566,-0.04944482006233619,0.0307760760188102,-1.6807520389556885,-1.677680788127942,-0.0040051162136134355
-1.6799725357096904,-1.6864129363705123,-1.6938146247681938,-1.703772974551243,-1.7164459312212292,0.030771576979394935,-0.049458935709113035,0.0307760760188102,-1.6807520389556885,-1.6721767499776652,-0.011182749585943785
-1.676403661719296,-1.6836446834120233,-1.6895130713260293,-1.6962719977998848,-1.7055923259304198,0.030767777965969696,0.030739940256436362,0.0307760760188102,-1.6807520389556885,-1.6649357291850326,-0.020625524340023293
-1.6669882020231206,-1.6781867562992594,-1.6851500242328257,-1.6907063045205908,-1.6971554251144227,0.03077204671110159,0.030752416037799053,0.0307760760188102,-1.6650440692901611,-1.657364101458486,-0.010015191011035318
-1.6613382251959525,-1.6704407390627738,-1.681101489482526,-1.6874604354961766,-1.692416850646162,0.030768274226205115,0.030742302004003255,0.0307760760188102,-1.6650440692901611,-1.6501736447483797,-0.019392026824236908
-1.6526154541640876,-1.6634595575973639,-1.672231630187798,-1.6825210688287404,-1.6885114414314084,0.03077128238582316,0.03074999827138885,0.0307760760188102,-1.6493360996246338,-1.6401993074509602,-0.011914987256855802
-1.6448073347310213,-1.656618697624817,-1.6668392133176846,-1.6749105699574156,-1.68450446032109,0.03076702977980695,0.030736793167368694,0.0307760760188102,-1.6493360996246338,-1.6320937270964202,-0.02248520542511323
-1.6352026082228472,-1.6475081885418061,-1.6588988377464238,-1.6686466039389676,-1.676248697533952,0.030769972825405934,0.030743761063325548,0.0307760760188102,-1.6336281299591064,-1.6219952807440565,-0.015170012354840612
-1.6274054234691564,-1.6399026929162657,-1.6514761380996903,-1.662044098315581,-1.6709752427254154,0.030765455108568478,0.03072948009761259,0.0307760760188102,-1.6336281299591064,-1.6133843921017765,-0.02639918628073823
-1.6173890797315298,-1.6308845130213045,-1.6428398425105306,-1.6538043181004172,-1.6637677997807914,0.030768214224764653,0.03073548164311134,0.0307760760188102,-1.617920160293579,-1.6029353714078631,-0.01954116556732255
-1.6093807687211799,-1.6229885462880724,-1.6356117471663685,-1.646586962513128,-1.6565785521531018,0.030763422750714444,0.030719973035541085,0.0737445726990699,-1.617920160293579,-1.593802694225305,-0.031450786600915936
-1.5993920807672304,-1.614236572249139,-1.6270879582601414,-1.6388612135833145,-1.6489927515939948,0.07373359990670848,0.030721588455525906,0.0737445726990699,-1.6022123098373413,-1.5812978752859064,-0.027273819566861368
-1.587039428021799,-1.6043800793287517,-1.6184475871516215,-1.6304258885779792,-1.6413324981823707,0.07373330118196682,0.07369062670916843,0.0737445726990699,-1.586504340171814,-1.565020528304856,-0.02801632561601397
-1.5678032934125639,-1.5894569671427978,-1.606421036867191,-1.6200653857590213,-1.6316236489870195,0.07373910971963764,0.07371247331184494,0.0737445726990699,-1.5550884008407593,-1.5446758165114016,-0.013578705440264294
-1.5490397724298728,-1.5715944988312305,-1.5926576141196305,-1.6089580824080099,-1.6219437238233674,0.07373600560824364,0.07370644727650301,0.0737445726990699,-1.539380431175232,-1.5230513278366802,-0.02129424140294267
-1.5259226660493719,-1.5515342598156654,-1.5737004183550773,-1.594326905914687,-1.6101939665372886,0.07373893583753403,0.07371451480429318,0.0737445726990699,-1.5079644918441772,-1.497220483593195,-0.014010904370448163
-1.5025272863410348,-1.5305329736943798,-1.5554264169521816,-1.576785600813137,-1.5966110650096617,0.07373415466048584,0.07369921656762933,0.0486062690615654,-1.49225652217865,-1.472399463105251,-0.02589493131953735
-1.4765010139067032,-1.5060905261889868,-1.5335411654401827,-1.5578109096843886,-1.5785509942169997,0.048598217110789314,0.07370345621340732,0.0486062690615654,-1.4608405828475952,-1.4454933501677811,-0.020013816483084534
-1.4487309663942811,-1.4793137068877473,-1.5084650842232763,-1.535423397975016,-1.5592044475453555,0.04859991314212186,0.04857398486420721,0.0486062690615654,-1.4294246435165403,-1.4173100917381134,-0.01579818467124361
-1.420267736148058,-1.4513004326590548,-1.4814829257836502,-1.5101845513081331,-1.5366964300999477,0.04860046276820105,0.048577776371229335,0.0486062690615654,-1.3980087041854858,-1.3869417543558018,-0.014432041758910996
-1.3898481944625936,-1.4227927184548819,-1.4534320968909902,-1.4831726245455883,-1.511435544028115,0.04860056328982042,0.0485787092407856,0.0486062690615654,-1.3665927648544312,-1.3557174119091289,-0.014182186624584592
-1.358788851532768,-1.3925165208072665,-1.4250453979341393,-1.4552177203818384,-1.4844946365148208,0.0486002393713681,0.048577574807827754,0.0486062690615654,-1.3351768255233765,-1.323684075378893,-0.014987313809358582
-1.3265542046304806,-1.361282288628417,-1.394621553645323,-1.4267139868831005,-1.4564530841489267,0.04860063457339897,0.04857875761600201,-0.0780653208494186,-1.303761005401611,-1.293021520855994,-0.014005005156506156
-1.294701616934877,-1.3280137953039752,-1.3625145179488152,-1.3955983005109447,-1.4274371354381459,-0.0780686191264804,0.04858805973449994,-0.0780653208494186,-1.2723450660705566,-1.2660584621260356,-0.008198151436966228
-1.2648771039411901,-1.2936753069456273,-1.3271473542643493,-1.361827719188478,-1.3950898191954415,-0.07806300166859803,-0.07805977713878506,-0.0780653208494186,-1.240929126739502,-1.2453495471655047,0.005764523483146045
-1.24524909308692,-1.26478983402963,-1.2936016311228327,-1.3270889539099708,-1.3617844816482623,-0.07806512364320681,-0.07806224981049252,-0.0780653208494186,-1.2252211570739746,-1.2255970373671383,0.0004901730079898137
-1.2251723475204745,-1.2448801419613806,-1.2644783546519254,-1.293354731864032,-1.3269061585015312,-0.07806448712044486,-0.07806194501165652,-0.0780653208494186,-1.2095131874084473,-1.2111022970425875,0.002072305102340577
-1.2126885009858086,-1.2265503689984634,-1.2460435081709296,-1.2654005160385573,-1.2940374672765866,-0.07806843480233297,-0.07807635921472429,-0.0780653208494186,-1.2095131874084473,-1.2035779101992432,-0.007739997908383867
-1.2059172827035156,-1.2147208408811174,-1.2282661300357811,-1.2474035344157313,-1.2664074309807685,-0.07806991338359973,-0.07808594405834265,-0.0780653208494186,-1.2095131874084473,-1.2007596949160173,-0.011415138871255115
-1.2028966825828729,-1.2077737999034064,-1.2162881672343693,-1.22950849708354,-1.248323338683392,-0.07806951607223445,-0.07808590787104462,-0.0780653208494186,-1.2095131874084473,-1.2015169809624575,-0.010427587286233386
-1.2025273911138212,-1.2037744807349375,-1.2085148628877127,-1.2168755830141817,-1.229943398783595,-0.078067304433969,-0.07807707858311405,-0.0780653208494186,-1.2095131874084473,-1.2057324224135249,-0.004930370077308455
-1.2084166950503672,-1.2048593644783783,-1.2057432011483906,-1.2100754015482473,-1.21803095020007,-0.0780705904735651,-0.07808739512782492,-0.0667134076356887,-1.2252211570739746,-1.2151771130701563,-0.013098104240305775
-1.2184601291835813,-1.2112688293778715,-1.2072672200558945,-1.207651827529273,-1.2114884804718007,-0.06671985268182418,-0.07809516251991894,-0.0667134076356887,-1.240929126739502,-1.2286446971119391,-0.016019716732957434
-1.231755540263106,-1.2211626875117731,-1.2135504085031414,-1.2090757513271315,-1.2089907996023672,-0.06671951468083769,-0.06674313608326636,-0.0667134076356887,-1.2566370964050293,-1.2449969056619412,-0.015179586197755501
-1.2472157306259546,-1.2336831539658555,-1.2227900356211183,-1.2148403527844254,-1.2100307800822083,-0.06671776351722128,-0.06673612168731684,-0.0667134076356887,-1.2723450660705566,-1.2640426398305995,-0.010826918350524073
-1.264986606699373,-1.248035805891332,-1.2343754855936755,-1.2233388236886067,-1.2152466559034816,-0.06671526078224949,-0.06672482872703281,-0.0667134076356887,-1.288053035736084,-1.2845208890241693,-0.004606155230615139
-1.2839044170760952,-1.2644510440507903,-1.2475836681718482,-1.2340170911836217,-1.2230734812453505,-0.06671219741008842,-0.06671064673932049,-0.0667134076356887,-1.303761005401611,-1.3060677276356307,0.0030081198631881634
-1.3069396816505736,-1.2846619308658855,-1.2650905594432467,-1.2480905905804927,-1.2343923984615193,-0.06671511941036788,-0.0667187236328462,-0.0667134076356887,-1.3351768255233765,-1.3319141373838832,-0.004254763254565974
-1.3333730928837175,-1.308207155497675,-1.285731969518227,-1.265938743204554,-1.2487185555968043,-0.06671627178109073,-0.06672603910156999,-0.0667134076356887,-1.3665927648544312,-1.3611336274185306,-0.007119079841784615
-1.363107842226495,-1.3350882004644073,-1.3096550996966492,-1.2868797063351742,-1.2667884866232029,-0.06671728331131108,-0.06673104797959166,0.0715973004698753,-1.3980087041854858,-1.3906215632028511,-0.009633325241466872
-1.3905847267773392,-1.3630758404238614,-1.3350611836026072,-1.3096336843361758,-1.2868638511658081,0.07159737278522608,-0.06671700760558076,0.0715973004698753,-1.4137166738510132,-1.4138545088360692,0.00017974602675296936
-1.4173712181725127,-1.3936398830945165,-1.3656550931286022,-1.3371056707392934,-1.3111473497194406,0.07159039664938359,0.07157105163971762,0.0715973004698753,-1.445132613182068,-1.4319737474099883,-0.017160039870531385
-1.4347168132083954,-1.419754268348309,-1.3956517240523418,-1.3672498119988286,-1.3382863437337995,0.07159191542605808,0.07156986591251803,0.0715973004698753,-1.4608405828475952,-1.4505765458766786,-0.013384989763118638
-1.4505315958711769,-1.434677762698351,-1.4197213007606648,-1.3956255917510196,-1.3672304645746327,0.07159738871338348,0.07159225185864954,0.0715973004698753,-1.4608405828475952,-1.4610087773249505,0.00021933683247543634
-1.4629390255061987,-1.4522085072563595,-1.4360934605471074,-1.420843476977015,-1.3964564110123066,0.0715935111072431,0.07158294158728193,0.0715973004698753,-1.4765485525131226,-1.4693259263891412,-0.009418786877546603
-1.4701607488082584,-1.4636642810628797,-1.4528207893008755,-1.436578795993974,-1.421202802038059,0.07159566159000988,0.07158726279944592,0.0715973004698753,-1.4765485525131226,-1.4734248038305553,-0.004073576922724698
-1.4740363969905055,-1.470692072988736,-1.464112840543089,-1.453176347360635,-1.4368420385045972,0.0715960998220576,0.07159108406283463,0.0715973004698753,-1.4765485525131226,-1.4742600857878505,-0.0029843134604643495
-1.4755363754872133,-1.4751451791400987,-1.471628139448651,-1.4648548290395482,-1.4537256891890662,0.0715947949244529,0.07158654731041277,0.0715973004698753,-1.4765485525131226,-1.4717729161913602,-0.006227748736710392
-1.4709763751036664,-1.4748443770013733,-1.4745609736916754,-1.4711650593780987,-1.4645119810656495,0.07159886419782595,0.07160075671198404,0.0807206407189369,-1.4608405828475952,-1.4638210899785908,0.003886780372120313
-1.462208841050949,-1.46957572693377,-1.4736619086738825,-1.473623670696645,-1.4704711136585342,0.08072380580200733,0.07161093122826846,0.0807206407189369,-1.445132613182068,-1.4511653458307874,0.00786708631073152
-1.4498038553278496,-1.4610260403378728,-1.4685771718283507,-1.4728703875233764,-1.4730376566571608,0.08072331352613653,0.08073399600717011,0.0807206407189369,-1.4294246435165403,-1.4345190852414964,0.00664349227604677
-1.4308274337340994,-1.44659671724943,-1.458318480165998,-1.4664309796646176,-1.4712814233642073,0.0807278879767813,0.08075094404296253,0.0807206407189369,-1.3980087041854858,-1.4118221707008232,0.018013682961671718
-1.4103641408506564,-1.4295607640491161,-1.4455273574943703,-1.4574708345438026,-1.4658034130673177,0.08072350304715174,0.08073880073987043,0.0807206407189369,-1.3823007345199585,-1.387756408348673,0.007114563066674018
-1.385531428592563,-1.4084311801458784,-1.4279289018435966,-1.4442338350404065,-1.4565131566372473,0.08072500868323657,0.08074015611975774,0.0807206407189369,-1.3508847951889038,-1.3592102515047946,0.01085695110776097
-1.3571128995505555,-1.3837093450879827,-1.4068929237296586,-1.4267095775602079,-1.4433310908139345,0.08072475813098741,0.08074070651342057,0.0807206407189369,-1.3194688558578491,-1.327316752912245,0.010234181933750142
-1.3255997387373468,-1.3556212361228273,-1.3824500390063594,-1.4058947140232978,-1.4259705386831005,0.08072401147168078,0.0807376092868874,-0.0119177028536796,-1.288053035736084,-1.2944777802613434,0.008378295980900896
-1.292813857685947,-1.324154198864365,-1.3544008689009484,-1.381482694828498,-1.4051785268830328,-0.011914436327596938,0.08073646525845467,-0.0119177028536796,-1.2566370964050293,-1.2628631821374716,0.008119231646297909
-1.2603083958322479,-1.290594376127276,-1.3222804473377612,-1.3529156088927117,-1.3803830612728378,-0.011912687430350991,-0.011895314786505677,-0.0119177028536796,-1.2252211570739746,-1.2347806875470808,0.012466266234748113
-1.2320071673742379,-1.257898888288059,-1.2885601990818984,-1.3206680233998613,-1.3517218276973444,-0.011912258023421664,-0.011891928754823406,-0.0119177028536796,-1.19380521774292,-1.2041832092625449,0.013533594105858526
-1.2008486531826685,-1.2291102574798538,-1.255453231861751,-1.2866216092356417,-1.3192327605948413,-0.011911156626968048,-0.011887300221286867,-0.0119177028536796,-1.1623892784118652,-1.1748665609128237,0.01627120976084684
-1.170849013673937,-1.1973583917899382,-1.226163676289609,-1.2531175757511326,-1.2848923727252157,-0.011909815814319597,-0.011881086912543254,-0.0119177028536796,-1.1309733390808103,-1.1460062462084055,0.019603914968634673
-1.1413767806352906,-1.1668271456041803,-1.1939630126275997,-1.2234722730747112,-1.2511249567682607,-0.011908614528136711,-0.01187516613892174,-0.0119177028536796,-1.099557399749756,-1.1168799903436932,0.02258981514072156
-1.1149362368478157,-1.1396881364501072,-1.1654015425810254,-1.1928329849116244,-1.2226356408430337,-0.01191388697811758,-0.011894066320223311,-0.0119177028536796,-1.0838494300842283,-1.0911225905587671,0.009484687045951734
-1.0878409483058284,-1.1120852960675005,-1.137281288500187,-1.1634937149127529,-1.1914204973264104,-0.011911260504635422,-0.011889325214553215,0.0130442380905151,-1.0524334907531738,-1.0647127796528588,0.01601301288044521
-1.0605410152913157,-1.084216710126442,-1.1090256077385432,-1.1348559761531942,-1.1616981001214572,0.01305242788089309,-0.01188003653748827,0.0130442380905151,-1.0210176706314087,-1.036627629264445,0.020356428674012328
-1.0353000281530995,-1.0593876561325175,-1.0832430104459567,-1.1082537886499797,-1.1342845488179287,0.013046844367827342,0.013062364437681221,0.0130442380905151,-1.0053097009658811,-1.010277334953149,0.006478126516390015
-1.0077508402474686,-1.0331051250428582,-1.0575346544540423,-1.081774198146589,-1.107166332391551,0.013049197973249936,0.01306575415775096,0.0130442380905151,-0.973893702030182,-0.9833473706519797,0.012328215309943324
-0.9832385018543193,-1.0076562600126255,-1.0330252776304156,-1.0574713620874834,-1.0817273387349713,0.013044451816064838,0.01305001281212071,0.0130442380905151,-0.9581857323646544,-0.9585930989560114,0.000531233243859619
-0.9571522948366108,-0.9819867970968106,-1.0065995340889176,-1.0321876464227202,-1.0568512098056324,0.013047066602073042,0.013055235651533676,0.0130442380905151,-0.9267698526382446,-0.9321610710180455,0.007030508856198159
-0.9329278235962094,-0.9578184144270512,-0.9825491548215739,-1.0070452962014789,-1.032517672797965,0.013042732841813896,0.01304132776947471,0.0130442380905151,-0.9110618829727172,-0.908192838849025,-0.0037414251657864606
-0.9073915263633321,-0.9322316799378957,-0.957230709502266,-0.982083300833447,-1.0067003945179074,0.013045811185425634,0.013048730341327178,0.0130442380905151,-0.8796459436416626,-0.8826443044477302,0.003910062756893207
-0.8837809139835687,-0.9083789607718558,-0.9330653010703462,-0.957891493022637,-0.9825725213928086,0.013042006757910136,0.0130373041232499,-0.0151367112994194,-0.8639379739761353,-0.8596849945893061,-0.0055461691843828875
-0.8619817263783759,-0.8857762095746836,-0.9100634479194382,-0.9344005375513686,-0.9588800545075832,-0.01514122012357072,0.013024816650389008,-0.0151367112994194,-0.8482300043106079,-0.8396360653650022,-0.011207070389335105
-0.8390548957702545,-0.861476832800637,-0.8853499635856755,-0.9097255770159826,-0.9341503899806669,-0.015135570377559355,-0.015136870304462861,-0.0151367112994194,-0.8168140649795532,-0.8189886924384816,0.0028358594536269655
-0.8193800266317426,-0.8393948690288571,-0.8617638482118813,-0.8855774710785401,-0.9098940154523039,-0.01513747954631275,-0.015138499355549237,-0.0151367112994194,-0.8011061549186707,-0.799641855874168,-0.0019095437571342577
-0.800448994991825,-0.8200812322015621,-0.8399868473680235,-0.8622330895923006,-0.8859248806665933,-0.015138295832870144,-0.015143520655807147,-0.0151367112994194,-0.7853981852531433,-0.7823780222847175,-0.0039384942328122285
-0.7832053238697007,-0.8011677167915993,-0.8206879982565759,-0.8404678104749628,-0.8625891775287508,-0.015138335414775207,-0.015144487850268926,-0.0151367112994194,-0.769690215587616,-0.7665946084536949,-0.004036878463666516
-0.7671943037847104,-0.7837263117602685,-0.8016075500722498,-0.8210366393505345,-0.8407259319107201,-0.015137888590039394,-0.015142823891518175,-0.0151367112994194,-0.7539822459220886,-0.7517382986378478,-0.0029262571358275036
-0.7519308452768982,-0.7673615795031072,-0.7838675308352752,-0.8017194896979309,-0.8211195154583704,-0.01513708929694638,-0.015139329723672787,-0.0151367112994194,-0.7382742762565613,-0.7375538029004399,-0.0009395453780618457
-0.7371710350317592,-0.7515983140495107,-0.767080846873216,-0.7836450034925275,-0.8015547383871974,-0.01513595986948802,-0.015134224434427574,-0.0151367112994194,-0.7225663065910339,-0.7239985520580221,0.001867743751140849
