{
    "slope": 0.10819854210561396,
    "intercept": -0.0015395072204302538,
    "inertia": 0.0002745,
    "mass": 0.09,
    "note": "Generated by estimate.py"
}