Input,Angle,Speed
-0.10000000149011612,-0.0,-2.9217593669891357
-0.10000000149011612,-0.0,-3.402137517929077
-0.10000000149011612,-0.015707964077591896,-3.8768651485443115
-0.10000000149011612,-0.03141592815518379,-4.345942497253418
-0.10000000149011612,-0.06283185631036758,-4.8093695640563965
-0.10000000149011612,-0.09424778074026108,-5.267146110534668
-0.10000000149011612,-0.14137166738510132,-5.719272613525391
-0.10000000149011612,-0.18849556148052216,-6.165748596191406
-0.10000000149011612,-0.235619455575943,-6.606574058532715
-0.10000000149011612,-0.29845130443573,-7.041749477386475
-0.10000000149011612,-0.36128315329551697,-7.4712748527526855
-0.10000000149011612,-0.4398229718208313,-7.8951497077941895
-0.10000000149011612,-0.5183627605438232,-8.313373565673828
-0.10000000149011612,-0.59690260887146,-8.725948333740234
-0.10000000149011612,-0.6754423975944519,-9.132871627807617
-0.10000000149011612,-0.769690215587616,-9.53414535522461
-0.10000000149011612,-0.8796459436416626,-9.929768562316895
-0.10000000149011612,-0.9738937020301819,-10.319741249084473
-0.10000000149011612,-1.0838494300842285,-10.70406436920166
-0.10000000149011612,-1.19380521774292,-11.082736015319824
-0.10000000149011612,-1.3037610054016113,-11.455758094787598
-0.10000000149011612,-1.4294246435165405,-11.823129653930664
-0.10000000149011612,-1.5550884008407593,-12.18485164642334
-0.10000000149011612,-1.6807520389556885,-12.540922164916992
-0.10000000149011612,-1.8064157962799072,-12.891343116760254
-0.10000000149011612,-1.9477874040603638,-13.236113548278809
-0.10000000149011612,-2.0891590118408203,-13.575233459472656
-0.10000000149011612,-2.2305307388305664,-13.908702850341797
-0.10000000149011612,-2.3719024658203125,-14.236522674560547
-0.10000000149011612,-2.528982162475586,-14.558691024780273
-0.10000000149011612,-2.670353651046753,-14.87520980834961
-0.10000000149011612,-2.8274333477020264,-15.186079025268555
-0.10000000149011612,-2.9845130443573,-15.491296768188477
-0.10000000149011612,-3.1415927410125732,-15.790864944458008
-0.10000000149011612,-3.314380168914795,-16.084781646728516
-0.10000000149011612,-3.4714598655700684,-16.373048782348633
-0.10000000149011612,-3.644247531890869,-16.65566635131836
-0.10000000149011612,-3.817034959793091,-16.932632446289062
-0.10000000149011612,-3.9898226261138916,-17.203948974609375
-0.10000000149011612,-4.162610054016113,-17.469614028930664
-0.10000000149011612,-4.335397720336914,-17.729629516601562
-0.10000000149011612,-4.523893356323242,-17.98399543762207
-0.10000000149011612,-4.696681022644043,-18.232709884643555
-0.10000000149011612,-4.885176658630371,-18.47577476501465
-0.10000000149011612,-5.073672294616699,-18.71319007873535
-0.10000000149011612,-5.262167930603027,-18.94495391845703
-0.10000000149011612,-5.450663089752197,-19.171066284179688
-0.10000000149011612,-5.639158725738525,-19.391530990600586
-0.10000000149011612,-5.843362331390381,-19.60634422302246
-0.10000000149011612,-6.031857967376709,-19.815505981445312
-0.10000000149011612,-6.2360615730285645,-20.019018173217773
-0.10000000149011612,-6.440264701843262,-20.185651779174805
-0.10000000149011612,-6.644468307495117,-20.3475284576416
-0.10000000149011612,-6.848671913146973,-20.503807067871094
-0.10000000149011612,-7.052875518798828,-20.655895233154297
-0.10000000149011612,-7.257079124450684,-20.804948806762695
-0.10000000149011612,-7.461282730102539,-20.949752807617188
-0.10000000149011612,-7.681193828582764,-21.08919906616211
-0.10000000149011612,-7.885397434234619,-21.224414825439453
-0.10000000149011612,-8.10530948638916,-21.356624603271484
-0.10000000149011612,-8.3095121383667,-21.484663009643555
-0.10000000149011612,-8.529423713684082,-21.609586715698242
-0.10000000149011612,-8.749335289001465,-21.73005485534668
-0.10000000149011612,-8.969246864318848,-21.846939086914062
-0.10000000149011612,-9.18915843963623,-21.96119499206543
-0.10000000149011612,-9.409070014953613,-22.073875427246094
-0.10000000149011612,-9.628981590270996,-22.183618545532227
-0.10000000149011612,-9.848893165588379,-22.288785934448242
-0.10000000149011612,-10.068804740905762,-22.392427444458008
-0.10000000149011612,-10.288716316223145,-22.49305534362793
-0.10000000149011612,-10.508627891540527,-22.59137725830078
-0.10000000149011612,-10.744246482849121,-22.688182830810547
-0.10000000149011612,-10.964158058166504,-22.781835556030273
-0.10000000149011612,-11.199777603149414,-22.87289810180664
-0.10000000149011612,-11.419689178466797,-22.961994171142578
-0.10000000149011612,-11.655308723449707,-23.049819946289062
-0.10000000149011612,-11.890928268432617,-23.134639739990234
-0.10000000149011612,-12.11083984375,-23.216909408569336
-0.10000000149011612,-12.34645938873291,-23.295005798339844
-0.10000000149011612,-12.58207893371582,-23.37198257446289
-0.10000000149011612,-12.81769847869873,-23.44595718383789
-0.10000000149011612,-13.053317070007324,-23.51972770690918
-0.10000000149011612,-13.288936614990234,-23.591522216796875
-0.10000000149011612,-13.524556159973145,-23.65962791442871
-0.10000000149011612,-13.760175704956055,-23.726993560791016
-0.10000000149011612,-13.995795249938965,-23.7916316986084
-0.10000000149011612,-14.231414794921875,-23.85408592224121
-0.10000000149011612,-14.467034339904785,-23.91495132446289
-0.10000000149011612,-14.718361854553223,-23.97235870361328
-0.10000000149011612,-14.953981399536133,-24.029104232788086
-0.10000000149011612,-15.189600944519043,-24.08553123474121
-0.10000000149011612,-15.440927505493164,-24.1398983001709
-0.10000000149011612,-15.676547050476074,-24.19263458251953
-0.10000000149011612,-15.912166595458984,-24.2463321685791
-0.10000000149011612,-16.163494110107422,-24.296876907348633
-0.10000000149011612,-16.399112701416016,-24.346939086914062
-0.10000000149011612,-16.650440216064453,-24.396730422973633
-0.10000000149011612,-16.88606071472168,-24.44437026977539
-0.10000000149011612,-17.137388229370117,-24.492633819580078
-0.10000000149011612,-17.37300682067871,-24.539344787597656
-0.10000000149011612,-17.62433433532715,-24.584854125976562
-0.10000000149011612,-17.859954833984375,-24.629541397094727
-0.10000000149011612,-18.111282348632812,-24.671314239501953
-0.10000000149011612,-18.36260986328125,-24.712730407714844
-0.10000000149011612,-18.613937377929688,-24.75387954711914
-0.10000000149011612,-18.84955596923828,-24.79275131225586
-0.10000000149011612,-19.10088348388672,-24.831985473632812
-0.10000000149011612,-19.352210998535156,-24.869625091552734
-0.10000000149011612,-19.603538513183594,-24.90373420715332
-0.10000000149011612,-19.85486602783203,-24.939144134521484
-0.10000000149011612,-20.10619354248047,-24.971460342407227
-0.10000000149011612,-20.357521057128906,-25.005558013916016
-0.10000000149011612,-20.608848571777344,-25.037090301513672
-0.10000000149011612,-20.86017608642578,-25.0684814453125
-0.10000000149011612,-21.111501693725586,-25.09754753112793
-0.10000000149011612,-21.362829208374023,-25.12674903869629
-0.10000000149011612,-21.61415672302246,-25.153940200805664
-0.10000000149011612,-21.8654842376709,-25.181615829467773
-0.10000000149011612,-22.116811752319336,-25.207670211791992
-0.10000000149011612,-22.368139266967773,-25.234642028808594
-0.10000000149011612,-22.61946678161621,-25.26046371459961
-0.10000000149011612,-22.87079429626465,-25.287723541259766
-0.10000000149011612,-23.122121810913086,-25.31190299987793
-0.10000000149011612,-23.373449325561523,-25.337749481201172
-0.10000000149011612,-23.62477684020996,-25.360776901245117
-0.10000000149011612,-23.8761043548584,-25.383630752563477
-0.10000000149011612,-24.127431869506836,-25.406475067138672
-0.10000000149011612,-24.378759384155273,-25.42699432373047
-0.10000000149011612,-24.645793914794922,-25.450000762939453
-0.10000000149011612,-24.89712142944336,-25.471084594726562
-0.10000000149011612,-25.148448944091797,-25.49260139465332
-0.10000000149011612,-25.399776458740234,-25.51229476928711
-0.10000000149011612,-25.651103973388672,-25.530410766601562
-0.10000000149011612,-25.91813850402832,-25.549331665039062
-0.10000000149011612,-26.169466018676758,-25.56683349609375
-0.10000000149011612,-26.420793533325195,-25.58319091796875
-0.10000000149011612,-26.687829971313477,-25.59868621826172
-0.10000000149011612,-26.939157485961914,-25.615741729736328
-0.10000000149011612,-27.206192016601562,-25.63217544555664
-0.10000000149011612,-27.45751953125,-25.647937774658203
-0.10000000149011612,-27.708847045898438,-25.662992477416992
-0.10000000149011612,-27.97588348388672,-25.677675247192383
-0.10000000149011612,-28.227209091186523,-25.69196891784668
-0.10000000149011612,-28.47853660583496,-25.70585823059082
-0.10000000149011612,-28.745573043823242,-25.721843719482422
-0.10000000149011612,-28.99690055847168,-25.735315322875977
-0.10000000149011612,-29.248228073120117,-25.74879264831543
-0.10000000149011612,-29.515262603759766,-25.762304306030273
-0.10000000149011612,-29.766590118408203,-25.775890350341797
-0.10000000149011612,-30.01791763305664,-25.7874698638916
-0.10000000149011612,-30.284954071044922,-25.801721572875977
-0.10000000149011612,-30.536279678344727,-25.8140869140625
-0.10000000149011612,-30.803316116333008,-25.829273223876953
-0.10000000149011612,-31.054643630981445,-25.84274673461914
-0.10000000149011612,-31.305971145629883,-25.85460662841797
-0.10000000149011612,-31.57300567626953,-25.864946365356445
-0.10000000149011612,-31.82433319091797,-25.878488540649414
-0.10000000149011612,-32.09136962890625,-25.89072036743164
-0.10000000149011612,-32.35840606689453,-25.901762008666992
-0.10000000149011612,-32.60973358154297,-25.911727905273438
-0.10000000149011612,-32.876766204833984,-25.92286491394043
-0.10000000149011612,-33.12809371948242,-25.93280029296875
-0.10000000149011612,-33.3951301574707,-25.941659927368164
-0.10000000149011612,-33.64645767211914,-25.951702117919922
-0.10000000149011612,-33.91349411010742,-25.9605655670166
-0.10000000149011612,-34.16482162475586,-25.96839141845703
-0.10000000149011612,-34.431854248046875,-25.977447509765625
-0.10000000149011612,-34.68318176269531,-25.98539161682129
-0.10000000149011612,-34.950218200683594,-25.992374420166016
-0.10000000149011612,-35.20154571533203,-26.00068473815918
-0.10000000149011612,-35.46858215332031,-26.007993698120117
-0.10000000149011612,-35.71990966796875,-26.01447105407715
-0.10000000149011612,-35.986942291259766,-26.022422790527344
-0.10000000149011612,-36.2382698059082,-26.029539108276367
-0.10000000149011612,-36.505306243896484,-26.0360107421875
-0.10000000149011612,-36.772342681884766,-26.04416275024414
-0.10000000149011612,-37.0236701965332,-26.051706314086914
-0.10000000149011612,-37.290706634521484,-26.058853149414062
-0.10000000149011612,-37.542030334472656,-26.06581687927246
-0.10000000149011612,-37.80906677246094,-26.072450637817383
-0.10000000149011612,-38.060394287109375,-26.078601837158203
-0.10000000149011612,-38.327430725097656,-26.084491729736328
-0.10000000149011612,-38.59446716308594,-26.090343475341797
-0.10000000149011612,-38.845794677734375,-26.098512649536133
-0.10000000149011612,-39.11282730102539,-26.104248046875
-0.10000000149011612,-39.37986373901367,-26.109912872314453
-0.10000000149011612,-39.64690017700195,-26.115739822387695
-0.10000000149011612,-39.89822769165039,-26.121599197387695
-0.10000000149011612,-40.165260314941406,-26.127365112304688
-0.10000000149011612,-40.416587829589844,-26.130783081054688
-0.10000000149011612,-40.683624267578125,-26.13421058654785
-0.10000000149011612,-40.950660705566406,-26.1400146484375
-0.10000000149011612,-41.201988220214844,-26.143451690673828
-0.10000000149011612,-41.469024658203125,-26.14902687072754
-0.10000000149011612,-41.72035217285156,-26.154504776000977
-0.10000000149011612,-41.98738479614258,-26.157649993896484
-0.10000000149011612,-42.25442123413086,-26.16084861755371
-0.10000000149011612,-42.5057487487793,-26.16649055480957
-0.10000000149011612,-42.77278518676758,-26.169858932495117
-0.10000000149011612,-43.039817810058594,-26.173351287841797
-0.10000000149011612,-43.29114532470703,-26.179372787475586
-0.10000000149011612,-43.55818176269531,-26.183218002319336
-0.10000000149011612,-43.80950927734375,-26.187301635742188
-0.10000000149011612,-44.07654571533203,-26.189411163330078
-0.10000000149011612,-44.34358215332031,-26.191951751708984
-0.10000000149011612,-44.61061477661133,-26.197336196899414
-0.10000000149011612,-44.861942291259766,-26.200868606567383
-0.10000000149011612,-45.12897872924805,-26.204973220825195
-0.10000000149011612,-45.39601516723633,-26.207443237304688
-0.10000000149011612,-45.663047790527344,-26.2103328704834
-0.10000000149011612,-45.91437530517578,-26.21356201171875
-0.10000000149011612,-46.18141174316406,-26.214927673339844
-0.10000000149011612,-46.448448181152344,-26.216848373413086
-0.10000000149011612,-46.69977569580078,-26.2192440032959
-0.10000000149011612,-46.9668083190918,-26.222043991088867
-0.10000000149011612,-47.23384475708008,-26.22304916381836
-0.10000000149011612,-47.485172271728516,-26.22681999206543
-0.10000000149011612,-47.7522087097168,-26.228668212890625
-0.10000000149011612,-48.01924514770508,-26.23103141784668
-0.10000000149011612,-48.270572662353516,-26.23385238647461
-0.10000000149011612,-48.53760528564453,-26.23708152770996
-0.10000000149011612,-48.80464172363281,-26.23853874206543
-0.10000000149011612,-49.05596923828125,-26.240673065185547
-0.10000000149011612,-49.32300567626953,-26.24343490600586
-0.10000000149011612,-49.59003829956055,-26.246782302856445
-0.10000000149011612,-49.841365814208984,-26.24854850769043
-0.10000000149011612,-50.108402252197266,-26.248685836791992
-0.10000000149011612,-50.37543869018555,-26.2496395111084
-0.10000000149011612,-50.64247512817383,-26.251359939575195
-0.10000000149011612,-50.893802642822266,-26.253801345825195
-0.10000000149011612,-51.16083526611328,-26.254798889160156
-0.10000000149011612,-51.42787170410156,-26.256805419921875
-0.10000000149011612,-51.694908142089844,-26.257648468017578
-0.10000000149011612,-51.94623565673828,-26.259414672851562
-0.10000000149011612,-52.2132682800293,-26.262062072753906
-0.10000000149011612,-52.48030471801758,-26.2634220123291
-0.10000000149011612,-52.74734115600586,-26.26345443725586
-0.10000000149011612,-52.9986686706543,-26.264232635498047
-0.10000000149011612,-53.26570510864258,-26.26571273803711
-0.10000000149011612,-53.532737731933594,-26.265722274780273
-0.10000000149011612,-53.799774169921875,-26.268844604492188
-0.10000000149011612,-54.05110168457031,-26.27042007446289
-0.10000000149011612,-54.318138122558594,-26.270418167114258
-0.10000000149011612,-54.56946563720703,-26.273426055908203
-0.10000000149011612,-54.83649826049805,-26.27479362487793
-0.10000000149011612,-55.10353469848633,-26.27699089050293
-0.10000000149011612,-55.37057113647461,-26.279998779296875
-0.10000000149011612,-55.62189865112305,-26.28130340576172
-0.10000000149011612,-55.88893508911133,-26.283382415771484
-0.10000000149011612,-56.155967712402344,-26.284090042114258
-0.10000000149011612,-56.40729522705078,-26.283395767211914
-0.10000000149011612,-56.67433166503906,-26.28590202331543
-0.10000000149011612,-56.941368103027344,-26.28696632385254
-0.10000000149011612,-57.20840072631836,-26.2890682220459
-0.10000000149011612,-57.47543716430664,-26.290063858032227
-0.10000000149011612,-57.72676467895508,-26.289934158325195
-0.10000000149011612,-57.99380111694336,-26.290782928466797
-0.10000000149011612,-58.26083755493164,-26.292585372924805
-0.10000000149011612,-58.527870178222656,-26.293195724487305
-0.10000000149011612,-58.779197692871094,-26.292591094970703
-0.10000000149011612,-59.046234130859375,-26.292871475219727
-0.10000000149011612,-59.313270568847656,-26.29401397705078
-0.10000000149011612,-59.58030319213867,-26.293865203857422
-0.10000000149011612,-59.83163070678711,-26.29453468322754
-0.10000000149011612,-60.09866714477539,-26.296005249023438
-0.10000000149011612,-60.36570358276367,-26.296131134033203
-0.10000000149011612,-60.61703109741211,-26.297029495239258
-0.10000000149011612,-60.884063720703125,-26.298688888549805
-0.10000000149011612,-61.151100158691406,-26.298974990844727
-0.10000000149011612,-61.402427673339844,-26.29787254333496
-0.10000000149011612,-61.669464111328125,-26.29999542236328
-0.10000000149011612,-61.936500549316406,-26.300716400146484
-0.10000000149011612,-62.20353317260742,-26.300029754638672
-0.10000000149011612,-62.45486068725586,-26.300418853759766
-0.10000000149011612,-62.72189712524414,-26.301881790161133
-0.10000000149011612,-62.98893356323242,-26.30191993713379
-0.10000000149011612,-63.25596618652344,-26.30302619934082
-0.10000000149011612,-63.52300262451172,-26.303070068359375
-0.10000000149011612,-63.774330139160156,-26.30204200744629
-0.10000000149011612,-64.04136657714844,-26.2999267578125
-0.10000000149011612,-64.30840301513672,-26.301332473754883
-0.10000000149011612,-64.575439453125,-26.301624298095703
-0.10000000149011612,-64.84247589111328,-26.300792694091797
-0.10000000149011612,-65.09380340576172,-26.29882049560547
-0.10000000149011612,-65.36083221435547,-26.300312042236328
-0.10000000149011612,-65.62786865234375,-26.300634384155273
-0.10000000149011612,-65.89490509033203,-26.299779891967773
-0.10000000149011612,-66.14623260498047,-26.297725677490234
-0.10000000149011612,-66.41326904296875,-26.299076080322266
-0.10000000149011612,-66.68030548095703,-26.299198150634766
-0.10000000149011612,-66.93163299560547,-26.29808235168457
-0.10000000149011612,-67.19866943359375,-26.29783821105957
-0.10000000149011612,-67.46570587158203,-26.29845428466797
-0.10000000149011612,-67.71703338623047,-26.29779624938965
-0.10000000149011612,-67.98406219482422,-26.30048370361328
-0.10000000149011612,-68.2510986328125,-26.30190086364746
-0.10000000149011612,-68.50242614746094,-26.302051544189453
-0.10000000149011612,-68.76946258544922,-26.300931930541992
-0.10000000149011612,-69.0364990234375,-26.3010311126709
-0.10000000149011612,-69.30353546142578,-26.302343368530273
-0.10000000149011612,-69.57057189941406,-26.302371978759766
-0.10000000149011612,-69.8218994140625,-26.30361557006836
-0.10000000149011612,-70.08893585205078,-26.303943634033203
-0.10000000149011612,-70.35596466064453,-26.30335235595703
-0.10000000149011612,-70.62300109863281,-26.3039608001709
-0.10000000149011612,-70.8900375366211,-26.303264617919922
-0.10000000149011612,-71.14136505126953,-26.30375099182129
-0.10000000149011612,-71.40840148925781,-26.303279876708984
-0.10000000149011612,-71.6754379272461,-26.301836013793945
-0.10000000149011612,-71.94247436523438,-26.301530838012695
-0.10000000149011612,-72.19380187988281,-26.302349090576172
-0.10000000149011612,-72.4608383178711,-26.302154541015625
-0.10000000149011612,-72.72786712646484,-26.303062438964844
-0.10000000149011612,-72.97919464111328,-26.30257225036621
-0.10000000149011612,-73.24623107910156,-26.303165435791016
-0.10000000149011612,-73.51326751708984,-26.304838180541992
-0.10000000149011612,-73.76459503173828,-26.305095672607422
-0.10000000149011612,-74.03163146972656,-26.306432723999023
-0.10000000149011612,-74.29866790771484,-26.306716918945312
-0.10000000149011612,-74.56570434570312,-26.30807876586914
-0.10000000149011612,-74.81703186035156,-26.31052017211914
-0.10000000149011612,-75.08406066894531,-26.311922073364258
-0.10000000149011612,-75.3510971069336,-26.312286376953125
-0.10000000149011612,-75.61813354492188,-26.311607360839844
-0.10000000149011612,-75.86946105957031,-26.31450653076172
-0.10000000149011612,-76.1364974975586,-26.316362380981445
-0.10000000149011612,-76.40353393554688,-26.31717872619629
-0.10000000149011612,-76.67057037353516,-26.31694984436035
-0.10000000149011612,-76.93760681152344,-26.315662384033203
-0.10000000149011612,-77.20464324951172,-26.31792449951172
-0.10000000149011612,-77.45596313476562,-26.319107055664062
-0.10000000149011612,-77.7229995727539,-26.319204330444336
-0.10000000149011612,-77.99003601074219,-26.318204879760742
-0.10000000149011612,-78.25707244873047,-26.31821632385254
-0.10000000149011612,-78.5083999633789,-26.319225311279297
-0.10000000149011612,-78.77543640136719,-26.319093704223633
-0.10000000149011612,-79.04247283935547,-26.3199405670166
-0.10000000149011612,-79.30950927734375,-26.319259643554688
-0.10000000149011612,-79.56083679199219,-26.319538116455078
-0.10000000149011612,-79.82786560058594,-26.318634033203125
-0.10000000149011612,-80.09490203857422,-26.31867027282715
-0.10000000149011612,-80.34622955322266,-26.319637298583984
-0.10000000149011612,-80.61326599121094,-26.31941032409668
-0.10000000149011612,-80.88030242919922,-26.31797981262207
-0.10000000149011612,-81.13162994384766,-26.319965362548828
-0.10000000149011612,-81.39866638183594,-26.32075309753418
-0.10000000149011612,-81.66570281982422,-26.320341110229492
-0.10000000149011612,-81.9327392578125,-26.321226119995117
-0.10000000149011612,-82.19976806640625,-26.321279525756836
-0.10000000149011612,-82.45109558105469,-26.3226318359375
-0.10000000149011612,-82.71813201904297,-26.322786331176758
-0.10000000149011612,-82.98516845703125,-26.321741104125977
-0.10000000149011612,-83.25220489501953,-26.321983337402344
-0.10000000149011612,-83.51924133300781,-26.32350730895996
-0.10000000149011612,-83.77056884765625,-26.323822021484375
-0.10000000149011612,-84.03760528564453,-26.322925567626953
-0.10000000149011612,-84.30464172363281,-26.32080078125
-0.10000000149011612,-84.57167053222656,-26.322063446044922
-0.10000000149011612,-84.83870697021484,-26.322084426879883
-0.10000000149011612,-85.09003448486328,-26.32086181640625
-0.10000000149011612,-85.35707092285156,-26.32051658630371
-0.10000000149011612,-85.62410736083984,-26.321046829223633
-0.10000000149011612,-85.87543487548828,-26.32032585144043
-0.10000000149011612,-86.14247131347656,-26.320484161376953
-0.10000000149011612,-86.40950775146484,-26.321531295776367
-0.10000000149011612,-86.66083526611328,-26.321346282958984
-0.10000000149011612,-86.92787170410156,-26.319936752319336
-0.10000000149011612,-87.19490051269531,-26.32193374633789
-0.10000000149011612,-87.4619369506836,-26.322731018066406
-0.10000000149011612,-87.71326446533203,-26.322341918945312
-0.10000000149011612,-87.98030090332031,-26.320775985717773
-0.10000000149011612,-88.2473373413086,-26.322664260864258
-0.10000000149011612,-88.51437377929688,-26.323400497436523
-0.10000000149011612,-88.78141021728516,-26.323001861572266
-0.10000000149011612,-89.0327377319336,-26.321474075317383
-0.10000000149011612,-89.29977416992188,-26.323450088500977
-0.10000000149011612,-89.56680297851562,-26.324321746826172
-0.10000000149011612,-89.8338394165039,-26.324106216430664
-0.10000000149011612,-90.10087585449219,-26.322813034057617
-0.10000000149011612,-90.35220336914062,-26.322572708129883
-0.10000000149011612,-90.6192398071289,-26.320894241333008
-0.10000000149011612,-90.88627624511719,-26.320276260375977
-0.10000000149011612,-91.15331268310547,-26.32072639465332
-0.10000000149011612,-91.4046401977539,-26.319761276245117
-0.10000000149011612,-91.67167663574219,-26.317386627197266
-0.10000000149011612,-91.93870544433594,-26.318235397338867
-0.10000000149011612,-92.19003295898438,-26.317697525024414
-0.10000000149011612,-92.45706939697266,-26.3157901763916
-0.10000000149011612,-92.72410583496094,-26.314651489257812
-0.10000000149011612,-92.99114227294922,-26.314298629760742
-0.10000000149011612,-93.24246978759766,-26.3126220703125
-0.10000000149011612,-93.50950622558594,-26.311769485473633
-0.10000000149011612,-93.77654266357422,-26.311763763427734
-0.10000000149011612,-94.0435791015625,-26.310503005981445
-0.10000000149011612,-94.29490661621094,-26.308012008666992
-0.10000000149011612,-94.56193542480469,-26.308935165405273
-0.10000000149011612,-94.82897186279297,-26.308679580688477
-0.10000000149011612,-95.09600830078125,-26.30727767944336
-0.10000000149011612,-95.36304473876953,-26.304750442504883
-0.10000000149011612,-95.61437225341797,-26.301111221313477
-0.10000000149011612,-95.88140869140625,-26.300994873046875
-0.10000000149011612,-96.14844512939453,-26.299795150756836
-0.10000000149011612,-96.41548156738281,-26.297536849975586
-0.10000000149011612,-96.66680908203125,-26.294227600097656
-0.10000000149011612,-96.933837890625,-26.292001724243164
-0.10000000149011612,-97.20087432861328,-26.290870666503906
-0.10000000149011612,-97.46791076660156,-26.28871726989746
-0.10000000149011612,-97.71923828125,-26.28768539428711
-0.10000000149011612,-97.98627471923828,-26.285295486450195
-0.10000000149011612,-98.25331115722656,-26.281553268432617
-0.10000000149011612,-98.504638671875,-26.28108787536621
-0.10000000149011612,-98.77167510986328,-26.279294967651367
-0.10000000149011612,-99.03871154785156,-26.27618980407715
-0.10000000149011612,-99.2900390625,-26.276411056518555
-0.10000000149011612,-99.55706787109375,-26.275354385375977
-0.10000000149011612,-99.82410430908203,-26.273048400878906
-0.10000000149011612,-100.09114074707031,-26.272001266479492
-0.10000000149011612,-100.34246826171875,-26.272235870361328
-0.10000000149011612,-100.60950469970703,-26.27128791809082
-0.10000000149011612,-100.87654113769531,-26.2691707611084
-0.10000000149011612,-101.1435775756836,-26.268400192260742
-0.10000000149011612,-101.39490509033203,-26.26899528503418
-0.10000000149011612,-101.66194152832031,-26.268484115600586
-0.10000000149011612,-101.92897033691406,-26.266883850097656
-0.10000000149011612,-102.19600677490234,-26.264202117919922
-0.10000000149011612,-102.44733428955078,-26.265073776245117
-0.10000000149011612,-102.71437072753906,-26.264888763427734
-0.10000000149011612,-102.98140716552734,-26.26366424560547
-0.10000000149011612,-103.24844360351562,-26.261404037475586
-0.10000000149011612,-103.49977111816406,-26.26024055480957
-0.10000000149011612,-103.76680755615234,-26.260175704956055
-0.10000000149011612,-104.03384399414062,-26.26122283935547
-0.10000000149011612,-104.28517150878906,-26.260902404785156
-0.10000000149011612,-104.55220031738281,-26.259225845336914
-0.10000000149011612,-104.8192367553711,-26.260828018188477
-0.10000000149011612,-105.07056427001953,-26.2611026763916
-0.10000000149011612,-105.33760070800781,-26.260066986083984
-0.10000000149011612,-105.6046371459961,-26.262361526489258
-0.10000000149011612,-105.85596466064453,-26.26338768005371
-0.10000000149011612,-106.12300109863281,-26.263166427612305
-0.10000000149011612,-106.3900375366211,-26.261714935302734
-0.10000000149011612,-106.64136505126953,-26.263668060302734
-0.10000000149011612,-106.90840148925781,-26.264421463012695
-0.10000000149011612,-107.17543029785156,-26.263994216918945
-0.10000000149011612,-107.44246673583984,-26.26239585876465
-0.10000000149011612,-107.69379425048828,-26.264257431030273
-0.10000000149011612,-107.96083068847656,-26.26497459411621
-0.10000000149011612,-108.22786712646484,-26.264562606811523
-0.10000000149011612,-108.49490356445312,-26.265155792236328
-0.10000000149011612,-108.7619400024414,-26.264270782470703
-0.10000000149011612,-109.01326751708984,-26.2644100189209
-0.10000000149011612,-109.28030395507812,-26.265583038330078
-0.10000000149011612,-109.54733276367188,-26.269575119018555
-0.10000000149011612,-109.81436920166016,-26.275699615478516
-0.10000000149011612,-110.0656967163086,-26.290063858032227
-0.10000000149011612,-110.33273315429688,-26.311355590820312
-0.10000000149011612,-110.59976959228516,-26.33797836303711
-0.10000000149011612,-110.8510971069336,-26.372678756713867
-0.10000000149011612,-111.11813354492188,-26.415822982788086
-0.10000000149011612,-111.38516998291016,-26.465402603149414
-0.10000000149011612,-111.6364974975586,-26.521310806274414
-0.10000000149011612,-111.90353393554688,-26.58571434020996
-0.10000000149011612,-112.17056274414062,-26.653825759887695
-0.10000000149011612,-112.42189025878906,-26.727418899536133
-0.10000000149011612,-112.68892669677734,-26.80595588684082
-0.10000000149011612,-112.95596313476562,-26.88446617126465
-0.10000000149011612,-113.2229995727539,-26.964570999145508
-0.10000000149011612,-113.47432708740234,-27.043094635009766
-0.10000000149011612,-113.74136352539062,-27.121715545654297
-0.10000000149011612,-114.0083999633789,-27.195215225219727
-0.10000000149011612,-114.27543640136719,-27.264995574951172
-0.10000000149011612,-114.52676391601562,-27.32557487487793
-0.10000000149011612,-114.79379272460938,-27.38096046447754
-0.10000000149011612,-115.06082916259766,-27.425806045532227
-0.10000000149011612,-115.32786560058594,-27.457149505615234
-0.10000000149011612,-115.57919311523438,-27.47439956665039
-0.10000000149011612,-115.84622955322266,-27.479360580444336
-0.10000000149011612,-116.11326599121094,-27.466981887817383
-0.10000000149011612,-116.38030242919922,-27.434616088867188
-0.10000000149011612,-116.63162994384766,-27.38199234008789
-0.10000000149011612,-116.89866638183594,-27.30910873413086
-0.10000000149011612,-117.14998626708984,-27.213735580444336
-0.10000000149011612,-117.41702270507812,-27.091413497924805
-0.10000000149011612,-117.6840591430664,-26.94505500793457
-0.10000000149011612,-117.93538665771484,-26.772838592529297
-0.10000000149011612,-118.20242309570312,-26.572845458984375
-0.10000000149011612,-118.4694595336914,-26.345901489257812
-0.10000000149011612,-118.72078704833984,-26.088470458984375
-0.10000000149011612,-118.98782348632812,-25.801513671875
-0.10000000149011612,-119.2548599243164,-25.48624038696289
-0.10000000149011612,-119.52188873291016,-25.139484405517578
-0.10000000149011612,-119.7732162475586,-24.7625732421875
-0.10000000149011612,-120.04025268554688,-24.354942321777344
-0.10000000149011612,-120.30728912353516,-23.916250228881836
-0.10000000149011612,-120.57432556152344,-23.44814682006836
-0.10000000149011612,-120.82565307617188,-22.947879791259766
-0.10000000149011612,-121.09268951416016,-22.420028686523438
-0.10000000149011612,-121.35972595214844,-21.862266540527344
-0.10000000149011612,-121.61105346679688,-21.274608612060547
-0.10000000149011612,-121.87808990478516,-20.65938949584961
0.10000000149011612,-122.1451187133789,-20.014509201049805
0.10000000149011612,-122.39644622802734,-19.345172882080078
0.10000000149011612,-122.63207244873047,-18.649658203125
0.10000000149011612,-122.86769104003906,-17.930675506591797
0.10000000149011612,-123.07189178466797,-17.18647575378418
0.10000000149011612,-123.26039123535156,-16.422603607177734
0.10000000149011612,-123.44888305664062,-15.635505676269531
0.10000000149011612,-123.60596466064453,-14.82852840423584
0.10000000149011612,-123.76304626464844,-14.00728988647461
0.10000000149011612,-123.90441131591797,-13.168306350708008
0.10000000149011612,-124.03007507324219,-12.312844276428223
0.10000000149011612,-124.14002990722656,-11.44690990447998
0.10000000149011612,-124.24999237060547,-10.569509506225586
0.10000000149011612,-124.32852935791016,-9.681890487670898
0.10000000149011612,-124.40706634521484,-8.785754203796387
0.10000000149011612,-124.48561096191406,-7.885021209716797
0.10000000149011612,-124.53273010253906,-6.978702545166016
0.10000000149011612,-124.5798568725586,-6.068370342254639
0.10000000149011612,-124.61127471923828,-5.160278797149658
0.10000000149011612,-124.64268493652344,-4.251493453979492
0.10000000149011612,-124.64268493652344,-3.345874309539795
0.10000000149011612,-124.65839385986328,-2.4448165893554688
0.10000000149011612,-124.64268493652344,-1.5501080751419067
0.10000000149011612,-124.62698364257812,-0.665682852268219
0.10000000149011612,-124.61127471923828,0.21163886785507202
0.10000000149011612,-124.5798568725586,1.0757944583892822
0.10000000149011612,-124.53273010253906,1.9253586530685425
0.10000000149011612,-124.48561096191406,2.7610514163970947
0.10000000149011612,-124.43848419189453,3.579366683959961
0.10000000149011612,-124.37565612792969,4.3814697265625
0.10000000149011612,-124.31282043457031,5.1614556312561035
0.10000000149011612,-124.23428344726562,5.922725200653076
0.10000000149011612,-124.17144775390625,6.659501552581787
0.10000000149011612,-124.09291076660156,7.373203754425049
0.10000000149011612,-123.99866485595703,8.063207626342773
0.10000000149011612,-123.90441131591797,8.726492881774902
0.10000000149011612,-123.81016540527344,9.364768981933594
0.10000000149011612,-123.7159194946289,9.977740287780762
0.10000000149011612,-123.60596466064453,10.560613632202148
0.10000000149011612,-123.49600982666016,11.117975234985352
0.10000000149011612,-123.38605499267578,11.649940490722656
0.10000000149011612,-123.26039123535156,12.1546630859375
0.10000000149011612,-123.15042877197266,12.630465507507324
0.10000000149011612,-123.02476501464844,13.082594871520996
0.10000000149011612,-122.8833999633789,13.509740829467773
0.10000000149011612,-122.75773620605469,13.915427207946777
0.10000000149011612,-122.61636352539062,14.296276092529297
0.10000000149011612,-122.47499084472656,14.65625286102295
0.10000000149011612,-122.3336181640625,14.997424125671387
0.10000000149011612,-122.1765365600586,15.319605827331543
0.10000000149011612,-122.03516387939453,15.627490043640137
0.10000000149011612,-121.87808990478516,15.923906326293945
0.10000000149011612,-121.72100830078125,16.211605072021484
0.10000000149011612,-121.5482177734375,16.488636016845703
0.10000000149011612,-121.39114379882812,16.75581169128418
0.10000000149011612,-121.21835327148438,17.013845443725586
0.10000000149011612,-121.06127166748047,17.262971878051758
0.10000000149011612,-120.88848876953125,17.50580596923828
0.10000000149011612,-120.69998931884766,17.740217208862305
0.10000000149011612,-120.5271987915039,17.968570709228516
0.10000000149011612,-120.35441589355469,18.188831329345703
0.10000000149011612,-120.1659164428711,18.4034481048584
0.10000000149011612,-119.97742462158203,18.610078811645508
0.10000000149011612,-119.78892517089844,18.813344955444336
0.10000000149011612,-119.61614227294922,19.008440017700195
0.10000000149011612,-119.41193389892578,19.199634552001953
0.10000000149011612,-119.22344207763672,19.386754989624023
0.10000000149011612,-119.03494262695312,19.569442749023438
0.10000000149011612,-118.83074188232422,19.747142791748047
0.10000000149011612,-118.64225006103516,19.919462203979492
0.10000000149011612,-118.43804168701172,20.08828353881836
0.10000000149011612,-118.23384094238281,20.252779006958008
0.10000000149011612,-118.04534149169922,20.414392471313477
0.10000000149011612,-117.82543182373047,20.570083618164062
0.10000000149011612,-117.6369400024414,20.72119140625
0.10000000149011612,-117.41702270507812,20.871307373046875
0.10000000149011612,-117.21282196044922,21.01703643798828
0.10000000149011612,-117.00862121582031,21.1572265625
0.10000000149011612,-116.78870391845703,21.29296112060547
0.10000000149011612,-116.58450317382812,21.425416946411133
0.10000000149011612,-116.36459350585938,21.555522918701172
0.10000000149011612,-116.16038513183594,21.681812286376953
0.10000000149011612,-115.94047546386719,21.802919387817383
0.10000000149011612,-115.72056579589844,21.922191619873047
0.10000000149011612,-115.50065612792969,22.038454055786133
0.10000000149011612,-115.2807388305664,22.150249481201172
0.10000000149011612,-115.06082916259766,22.258337020874023
0.10000000149011612,-114.8409194946289,22.36355209350586
0.10000000149011612,-114.60530090332031,22.466814041137695
0.10000000149011612,-114.38539123535156,22.564496994018555
0.10000000149011612,-114.16547393798828,22.659793853759766
0.10000000149011612,-113.92985534667969,22.753477096557617
0.10000000149011612,-113.6942367553711,22.843894958496094
0.10000000149011612,-113.47432708740234,22.934091567993164
0.10000000149011612,-113.23870849609375,23.020431518554688
0.10000000149011612,-113.018798828125,23.103599548339844
0.10000000149011612,-112.78317260742188,23.186466217041016
0.10000000149011612,-112.54755401611328,23.26734161376953
0.10000000149011612,-112.31193542480469,23.34673309326172
0.10000000149011612,-112.0763168334961,23.423072814941406
0.10000000149011612,-111.8406982421875,23.49697494506836
0.10000000149011612,-111.6050796508789,23.571237564086914
0.10000000149011612,-111.38516998291016,23.64409065246582
0.10000000149011612,-111.14955139160156,23.715957641601562
0.10000000149011612,-110.89822387695312,23.78267478942871
0.10000000149011612,-110.66259765625,23.849374771118164
0.10000000149011612,-110.4269790649414,23.914113998413086
0.10000000149011612,-110.19136047363281,23.979623794555664
0.10000000149011612,-109.95574188232422,24.041933059692383
0.10000000149011612,-109.72012329101562,24.101369857788086
0.10000000149011612,-109.46879577636719,24.160423278808594
0.10000000149011612,-109.2331771850586,24.217369079589844
0.10000000149011612,-108.98184967041016,24.272647857666016
0.10000000149011612,-108.74623107910156,24.326370239257812
0.10000000149011612,-108.49490356445312,24.37655258178711
0.10000000149011612,-108.25928497314453,24.428367614746094
0.10000000149011612,-108.0079574584961,24.47527503967285
0.10000000149011612,-107.7723388671875,24.522146224975586
0.10000000149011612,-107.52101135253906,24.567123413085938
0.10000000149011612,-107.26968383789062,24.610517501831055
0.10000000149011612,-107.01835632324219,24.65266227722168
0.10000000149011612,-106.7827377319336,24.69392204284668
0.10000000149011612,-106.53141021728516,24.732196807861328
0.10000000149011612,-106.28008270263672,24.77252960205078
0.10000000149011612,-106.02875518798828,24.810386657714844
0.10000000149011612,-105.79312896728516,24.8483829498291
0.10000000149011612,-105.54180145263672,24.88453483581543
0.10000000149011612,-105.29048156738281,24.919015884399414
0.10000000149011612,-105.03915405273438,24.95451545715332
0.10000000149011612,-104.78782653808594,24.98663330078125
0.10000000149011612,-104.55220031738281,25.020238876342773
0.10000000149011612,-104.30087280273438,25.053110122680664
0.10000000149011612,-104.04954528808594,25.085552215576172
0.10000000149011612,-103.7982177734375,25.117895126342773
0.10000000149011612,-103.54689025878906,25.14799690246582
0.10000000149011612,-103.29556274414062,25.178356170654297
0.10000000149011612,-103.04423522949219,25.206865310668945
0.10000000149011612,-102.79291534423828,25.236068725585938
0.10000000149011612,-102.54158782958984,25.263900756835938
0.10000000149011612,-102.27455139160156,25.288314819335938
0.10000000149011612,-102.02322387695312,25.31401824951172
0.10000000149011612,-101.77189636230469,25.338991165161133
0.10000000149011612,-101.52056884765625,25.363359451293945
0.10000000149011612,-101.26924133300781,25.384767532348633
0.10000000149011612,-101.00220489501953,25.405855178833008
0.10000000149011612,-100.7508773803711,25.42678451538086
0.10000000149011612,-100.49954986572266,25.447731018066406
0.10000000149011612,-100.24822235107422,25.468889236450195
0.10000000149011612,-99.99689483642578,25.487977981567383
0.10000000149011612,-99.7298583984375,25.50735092163086
0.10000000149011612,-99.47853088378906,25.524744033813477
0.10000000149011612,-99.22720336914062,25.54253387451172
0.10000000149011612,-98.97587585449219,25.558483123779297
0.10000000149011612,-98.72454833984375,25.577495574951172
0.10000000149011612,-98.45751190185547,25.595247268676758
0.10000000149011612,-98.20618438720703,25.61168670654297
0.10000000149011612,-97.9548568725586,25.62677001953125
0.10000000149011612,-97.70352935791016,25.642955780029297
0.10000000149011612,-97.43649291992188,25.658100128173828
0.10000000149011612,-97.18516540527344,25.67255973815918
0.10000000149011612,-96.933837890625,25.688840866088867
0.10000000149011612,-96.66680908203125,25.70233726501465
0.10000000149011612,-96.41548156738281,25.715566635131836
0.10000000149011612,-96.16415405273438,25.728559494018555
0.10000000149011612,-95.8971176147461,25.74135398864746
0.10000000149011612,-95.64579010009766,25.751863479614258
0.10000000149011612,-95.37875366210938,25.76476287841797
0.10000000149011612,-95.12742614746094,25.775489807128906
0.10000000149011612,-94.86038970947266,25.786605834960938
0.10000000149011612,-94.60906219482422,25.798185348510742
0.10000000149011612,-94.34202575683594,25.807815551757812
0.10000000149011612,-94.0906982421875,25.817712783813477
0.10000000149011612,-93.82366180419922,25.827970504760742
0.10000000149011612,-93.57233428955078,25.836563110351562
0.10000000149011612,-93.32100677490234,25.845722198486328
0.10000000149011612,-93.0539779663086,25.85306739807129
0.10000000149011612,-92.80265045166016,25.863338470458984
0.10000000149011612,-92.53561401367188,25.87204933166504
0.10000000149011612,-92.28428649902344,25.881473541259766
0.10000000149011612,-92.01725006103516,25.889266967773438
0.10000000149011612,-91.76592254638672,25.895580291748047
0.10000000149011612,-91.51459503173828,25.905193328857422
0.10000000149011612,-91.24755859375,25.91365623474121
0.10000000149011612,-90.99623107910156,25.92328453063965
0.10000000149011612,-90.72919464111328,25.93177604675293
0.10000000149011612,-90.47786712646484,25.93932342529297
0.10000000149011612,-90.21083068847656,25.94825553894043
0.10000000149011612,-89.95950317382812,25.956279754638672
0.10000000149011612,-89.69246673583984,25.963607788085938
0.10000000149011612,-89.4254379272461,25.97044563293457
0.10000000149011612,-89.17411041259766,25.976634979248047
0.10000000149011612,-88.90707397460938,25.982013702392578
0.10000000149011612,-88.65574645996094,25.986787796020508
0.10000000149011612,-88.38871002197266,25.993297576904297
0.10000000149011612,-88.12167358398438,25.999263763427734
0.10000000149011612,-87.87034606933594,26.002412796020508
0.10000000149011612,-87.60330963134766,26.007217407226562
0.10000000149011612,-87.35198211669922,26.01140022277832
0.10000000149011612,-87.08494567871094,26.015186309814453
0.10000000149011612,-86.8336181640625,26.020933151245117
0.10000000149011612,-86.56658935546875,26.023887634277344
0.10000000149011612,-86.31526184082031,26.02854347229004
0.10000000149011612,-86.04822540283203,26.03264808654785
0.10000000149011612,-85.7968978881836,26.03645133972168
0.10000000149011612,-85.52986145019531,26.042335510253906
0.10000000149011612,-85.27853393554688,26.04557228088379
0.10000000149011612,-85.0114974975586,26.048545837402344
0.10000000149011612,-84.76016998291016,26.053647994995117
0.10000000149011612,-84.49313354492188,26.058650970458984
0.10000000149011612,-84.2260971069336,26.061338424682617
0.10000000149011612,-83.97476959228516,26.066234588623047
0.10000000149011612,-83.70773315429688,26.07112693786621
0.10000000149011612,-83.44070434570312,26.07379913330078
0.10000000149011612,-83.18937683105469,26.076656341552734
0.10000000149011612,-82.9223403930664,26.08210563659668
0.10000000149011612,-82.65530395507812,26.085439682006836
0.10000000149011612,-82.40397644042969,26.089073181152344
0.10000000149011612,-82.1369400024414,26.09078598022461
0.10000000149011612,-81.86990356445312,26.095115661621094
0.10000000149011612,-81.61857604980469,26.09735107421875
0.10000000149011612,-81.3515396118164,26.102033615112305
0.10000000149011612,-81.10021209716797,26.104459762573242
0.10000000149011612,-80.83317565917969,26.107044219970703
0.10000000149011612,-80.56614685058594,26.109708786010742
0.10000000149011612,-80.3148193359375,26.11237335205078
0.10000000149011612,-80.04778289794922,26.115331649780273
0.10000000149011612,-79.79645538330078,26.11851692199707
0.10000000149011612,-79.5294189453125,26.12186050415039
0.10000000149011612,-79.27809143066406,26.123167037963867
0.10000000149011612,-79.01105499267578,26.126996994018555
0.10000000149011612,-78.7440185546875,26.128664016723633
0.10000000149011612,-78.49269104003906,26.130599975585938
0.10000000149011612,-78.22565460205078,26.13524055480957
0.10000000149011612,-77.97432708740234,26.137916564941406
0.10000000149011612,-77.70729064941406,26.141075134277344
0.10000000149011612,-77.44026184082031,26.144664764404297
0.10000000149011612,-77.18893432617188,26.148643493652344
0.10000000149011612,-76.9218978881836,26.150840759277344
0.10000000149011612,-76.65486145019531,26.153701782226562
0.10000000149011612,-76.38782501220703,26.155046463012695
0.10000000149011612,-76.1364974975586,26.156949996948242
0.10000000149011612,-75.86946105957031,26.15935516357422
0.10000000149011612,-75.60242462158203,26.160078048706055
0.10000000149011612,-75.3510971069336,26.16368865966797
0.10000000149011612,-75.08406066894531,26.16551399230957
0.10000000149011612,-74.81703186035156,26.16550064086914
0.10000000149011612,-74.56570434570312,26.168216705322266
0.10000000149011612,-74.29866790771484,26.168987274169922
0.10000000149011612,-74.03163146972656,26.170255661010742
0.10000000149011612,-73.78030395507812,26.171974182128906
0.10000000149011612,-73.51326751708984,26.174095153808594
0.10000000149011612,-73.2619400024414,26.176584243774414
0.10000000149011612,-72.99490356445312,26.179407119750977
0.10000000149011612,-72.72786712646484,26.180402755737305
0.10000000149011612,-72.4765396118164,26.18416404724121
0.10000000149011612,-72.20951080322266,26.1860408782959
0.10000000149011612,-71.94247436523438,26.188507080078125
0.10000000149011612,-71.69114685058594,26.189403533935547
0.10000000149011612,-71.42411041259766,26.193330764770508
0.10000000149011612,-71.15707397460938,26.19564437866211
0.10000000149011612,-70.90574645996094,26.196321487426758
0.10000000149011612,-70.63871002197266,26.19995880126953
0.10000000149011612,-70.37167358398438,26.20191192626953
0.10000000149011612,-70.1046371459961,26.20216178894043
0.10000000149011612,-69.85330963134766,26.203166961669922
0.10000000149011612,-69.5862808227539,26.20490074157715
0.10000000149011612,-69.31924438476562,26.204837799072266
0.10000000149011612,-69.05220794677734,26.205442428588867
0.10000000149011612,-68.8008804321289,26.204553604125977
0.10000000149011612,-68.53384399414062,26.20425796508789
0.10000000149011612,-68.28251647949219,26.20452308654785
0.10000000149011612,-68.0154800415039,26.20318603515625
0.10000000149011612,-67.74844360351562,26.204835891723633
0.10000000149011612,-67.49711608886719,26.20482635498047
0.10000000149011612,-67.2300796508789,26.20526123046875
0.10000000149011612,-66.96305084228516,26.206117630004883
0.10000000149011612,-66.71172332763672,26.205245971679688
0.10000000149011612,-66.44468688964844,26.207252502441406
0.10000000149011612,-66.17765045166016,26.207500457763672
0.10000000149011612,-65.92632293701172,26.20847511291504
0.10000000149011612,-65.65928649902344,26.208032608032227
0.10000000149011612,-65.39225006103516,26.208288192749023
0.10000000149011612,-65.14092254638672,26.209226608276367
0.10000000149011612,-64.87388610839844,26.208709716796875
0.10000000149011612,-64.60684967041016,26.21135139465332
0.10000000149011612,-64.35552215576172,26.2125244140625
0.10000000149011612,-64.08849334716797,26.21222496032715
0.10000000149011612,-63.82145309448242,26.212936401367188
0.10000000149011612,-63.554420471191406,26.212514877319336
0.10000000149011612,-63.287384033203125,26.213069915771484
0.10000000149011612,-63.03605651855469,26.21209144592285
0.10000000149011612,-62.769020080566406,26.21204948425293
0.10000000149011612,-62.50198745727539,26.21292495727539
0.10000000149011612,-62.25065994262695,26.212209701538086
0.10000000149011612,-61.98362350463867,26.21237564086914
0.10000000149011612,-61.71658706665039,26.213407516479492
0.10000000149011612,-61.46525955200195,26.21279525756836
0.10000000149011612,-61.19822311401367,26.2130184173584
0.10000000149011612,-60.931190490722656,26.214059829711914
0.10000000149011612,-60.67986297607422,26.21341323852539
0.10000000149011612,-60.41282653808594,26.21569061279297
0.10000000149011612,-60.1614990234375,26.21626853942871
0.10000000149011612,-59.89446258544922,26.21763801574707
0.10000000149011612,-59.6274299621582,26.219802856445312
0.10000000149011612,-59.376102447509766,26.22027015686035
0.10000000149011612,-59.109066009521484,26.22153663635254
0.10000000149011612,-58.8420295715332,26.221473693847656
0.10000000149011612,-58.57499313354492,26.222206115722656
0.10000000149011612,-58.32366943359375,26.22373390197754
0.10000000149011612,-58.05663299560547,26.223928451538086
0.10000000149011612,-57.78959655761719,26.22278594970703
0.10000000149011612,-57.53826904296875,26.22492218017578
0.10000000149011612,-57.27123260498047,26.225711822509766
0.10000000149011612,-57.00419998168945,26.225154876708984
0.10000000149011612,-56.73716354370117,26.225370407104492
0.10000000149011612,-56.485836029052734,26.226350784301758
0.10000000149011612,-56.21879959106445,26.225963592529297
0.10000000149011612,-55.95176696777344,26.226329803466797
0.10000000149011612,-55.684730529785156,26.22494888305664
0.10000000149011612,-55.43340301513672,26.224300384521484
0.10000000149011612,-55.16636657714844,26.224376678466797
0.10000000149011612,-54.899330139160156,26.225175857543945
0.10000000149011612,-54.64800262451172,26.22456932067871
0.10000000149011612,-54.3809700012207,26.224685668945312
0.10000000149011612,-54.129642486572266,26.22552490234375
0.10000000149011612,-53.862606048583984,26.224960327148438
0.10000000149011612,-53.5955696105957,26.22512435913086
0.10000000149011612,-53.344242095947266,26.226016998291016
0.10000000149011612,-53.07720947265625,26.22551727294922
0.10000000149011612,-52.81017303466797,26.225757598876953
0.10000000149011612,-52.54313659667969,26.226743698120117
0.10000000149011612,-52.29180908203125,26.226356506347656
0.10000000149011612,-52.02477264404297,26.224594116210938
0.10000000149011612,-51.75774002075195,26.22608184814453
0.10000000149011612,-51.506412506103516,26.22620391845703
0.10000000149011612,-51.239376068115234,26.224960327148438
0.10000000149011612,-50.97233963012695,26.224849700927734
0.10000000149011612,-50.70530700683594,26.225868225097656
0.10000000149011612,-50.438270568847656,26.225526809692383
0.10000000149011612,-50.18694305419922,26.223817825317383
0.10000000149011612,-49.91990661621094,26.222864151000977
0.10000000149011612,-49.652870178222656,26.222654342651367
0.10000000149011612,-49.40154266357422,26.221054077148438
0.10000000149011612,-49.1345100402832,26.220184326171875
0.10000000149011612,-48.86747360229492,26.22003936767578
0.10000000149011612,-48.616146087646484,26.218488693237305
0.10000000149011612,-48.3491096496582,26.217653274536133
0.10000000149011612,-48.08207702636719,26.217531204223633
0.10000000149011612,-47.83074951171875,26.21812629699707
0.10000000149011612,-47.56371307373047,26.216951370239258
0.10000000149011612,-47.31238555908203,26.216503143310547
0.10000000149011612,-47.04534912109375,26.21465492248535
0.10000000149011612,-46.778316497802734,26.21603775024414
0.10000000149011612,-46.5269889831543,26.216035842895508
0.10000000149011612,-46.259952545166016,26.21466064453125
0.10000000149011612,-45.992916107177734,26.216543197631836
0.10000000149011612,-45.72587966918945,26.217073440551758
0.10000000149011612,-45.474552154541016,26.216264724731445
0.10000000149011612,-45.20751953125,26.2141170501709
0.10000000149011612,-44.94048309326172,26.215251922607422
0.10000000149011612,-44.67344665527344,26.21505355834961
0.10000000149011612,-44.422119140625,26.213523864746094
0.10000000149011612,-44.155086517333984,26.215290069580078
0.10000000149011612,-43.8880500793457,26.215734481811523
0.10000000149011612,-43.636722564697266,26.214866638183594
0.10000000149011612,-43.369686126708984,26.214815139770508
0.10000000149011612,-43.1026496887207,26.2155818939209
0.10000000149011612,-42.851322174072266,26.21504020690918
0.10000000149011612,-42.58428955078125,26.21532440185547
0.10000000149011612,-42.31725311279297,26.213939666748047
0.10000000149011612,-42.06592559814453,26.213375091552734
0.10000000149011612,-41.79888916015625,26.213634490966797
0.10000000149011612,-41.531856536865234,26.21222496032715
0.10000000149011612,-41.2805290222168,26.21377182006836
0.10000000149011612,-41.013492584228516,26.213665008544922
0.10000000149011612,-40.746456146240234,26.214414596557617
0.10000000149011612,-40.4951286315918,26.216033935546875
0.10000000149011612,-40.228092193603516,26.216049194335938
0.10000000149011612,-39.9610595703125,26.216970443725586
0.10000000149011612,-39.70973205566406,26.21668243408203
0.10000000149011612,-39.44269561767578,26.21732521057129
0.10000000149011612,-39.1756591796875,26.216413497924805
0.10000000149011612,-38.908626556396484,26.216447830200195
0.10000000149011612,-38.65729904174805,26.217439651489258
0.10000000149011612,-38.390262603759766,26.216903686523438
0.10000000149011612,-38.123226165771484,26.217342376708984
0.10000000149011612,-37.8561897277832,26.21877098083496
0.10000000149011612,-37.604862213134766,26.218704223632812
0.10000000149011612,-37.33782958984375,26.217151641845703
0.10000000149011612,-37.07079315185547,26.21623992919922
0.10000000149011612,-36.81946563720703,26.21596908569336
0.10000000149011612,-36.55242919921875,26.214214324951172
0.10000000149011612,-36.285396575927734,26.213104248046875
0.10000000149011612,-36.0340690612793,26.212644577026367
0.10000000149011612,-35.767032623291016,26.212841033935547
0.10000000149011612,-35.499996185302734,26.211212158203125
0.10000000149011612,-35.2486686706543,26.21026039123535
0.10000000149011612,-34.98163604736328,26.20999526977539
0.10000000149011612,-34.730308532714844,26.207937240600586
0.10000000149011612,-34.46327209472656,26.20659065246582
0.10000000149011612,-34.19623565673828,26.205965042114258
0.10000000149011612,-33.92919921875,26.206079483032227
0.10000000149011612,-33.67787170410156,26.20482635498047
0.10000000149011612,-33.41083908081055,26.20435333251953
0.10000000149011612,-33.143802642822266,26.204679489135742
0.10000000149011612,-32.89247512817383,26.203697204589844
0.10000000149011612,-32.62543869018555,26.2014217376709
0.10000000149011612,-32.35840606689453,26.199989318847656
0.10000000149011612,-32.09136962890625,26.19940948486328
0.10000000149011612,-31.840042114257812,26.19756317138672
0.10000000149011612,-31.57300567626953,26.196592330932617
0.10000000149011612,-31.305971145629883,26.19400405883789
0.10000000149011612,-31.054643630981445,26.192298889160156
0.10000000149011612,-30.787607192993164,26.19148063659668
0.10000000149011612,-30.520572662353516,26.189062118530273
0.10000000149011612,-30.269245147705078,26.187543869018555
0.10000000149011612,-30.00221061706543,26.18692970275879
0.10000000149011612,-29.73517417907715,26.184736251831055
0.10000000149011612,-29.48384666442871,26.18559455871582
0.10000000149011612,-29.216812133789062,26.184900283813477
0.10000000149011612,-28.94977569580078,26.184799194335938
0.10000000149011612,-28.698448181152344,26.18531036376953
0.10000000149011612,-28.431413650512695,26.184329986572266
0.10000000149011612,-28.180086135864258,26.184005737304688
0.10000000149011612,-27.91305160522461,26.184356689453125
0.10000000149011612,-27.646015167236328,26.183277130126953
0.10000000149011612,-27.39468765258789,26.18291664123535
0.10000000149011612,-27.127653121948242,26.183292388916016
0.10000000149011612,-26.86061668395996,26.182302474975586
0.10000000149011612,-26.593582153320312,26.182092666625977
0.10000000149011612,-26.342254638671875,26.18268585205078
0.10000000149011612,-26.075218200683594,26.181978225708008
0.10000000149011612,-25.808183670043945,26.179981231689453
0.10000000149011612,-25.556856155395508,26.178834915161133
0.10000000149011612,-25.28982162475586,26.178546905517578
0.10000000149011612,-25.022785186767578,26.17913246154785
0.10000000149011612,-24.77145767211914,26.178115844726562
0.10000000149011612,-24.504423141479492,26.175504684448242
0.10000000149011612,-24.23738670349121,26.17593002319336
0.10000000149011612,-23.986059188842773,26.174779891967773
0.10000000149011612,-23.719024658203125,26.174198150634766
0.10000000149011612,-23.451988220214844,26.174198150634766
0.10000000149011612,-23.20066261291504,26.174800872802734
0.10000000149011612,-22.933626174926758,26.17353630065918
0.10000000149011612,-22.68229866027832,26.172916412353516
0.10000000149011612,-22.415264129638672,26.17296028137207
0.10000000149011612,-22.14822769165039,26.171194076538086
0.10000000149011612,-21.896900177001953,26.172266006469727
0.10000000149011612,-21.629865646362305,26.171579360961914
0.10000000149011612,-21.362829208374023,26.17165756225586
0.10000000149011612,-21.111501693725586,26.17253303527832
0.10000000149011612,-20.844467163085938,26.17173957824707
0.10000000149011612,-20.57743263244629,26.16930389404297
0.10000000149011612,-20.32610511779785,26.16986846923828
0.10000000149011612,-20.05906867980957,26.168832778930664
0.10000000149011612,-19.792034149169922,26.166221618652344
0.10000000149011612,-19.52499771118164,26.166675567626953
0.10000000149011612,-19.273670196533203,26.16559600830078
0.10000000149011612,-19.006635665893555,26.165136337280273
0.10000000149011612,-18.739599227905273,26.16282081604004
0.10000000149011612,-18.48827362060547,26.161163330078125
0.10000000149011612,-18.221237182617188,26.16018295288086
0.10000000149011612,-17.95420265197754,26.15740203857422
0.10000000149011612,-17.7028751373291,26.1574649810791
0.10000000149011612,-17.43583869934082,26.155771255493164
0.10000000149011612,-17.168804168701172,26.154478073120117
0.10000000149011612,-16.917476654052734,26.153610229492188
0.10000000149011612,-16.650440216064453,26.15106773376465
0.10000000149011612,-16.399112701416016,26.14900016784668
0.10000000149011612,-16.132078170776367,26.147430419921875
0.10000000149011612,-15.88075065612793,26.14638900756836
0.10000000149011612,-15.613715171813965,26.143409729003906
0.10000000149011612,-15.3466796875,26.143144607543945
0.10000000149011612,-15.095353126525879,26.141006469726562
0.10000000149011612,-14.828317642211914,26.139524459838867
0.10000000149011612,-14.56128215789795,26.13873291015625
0.10000000149011612,-14.309954643249512,26.136173248291016
0.10000000149011612,-14.042919158935547,26.13437271118164
0.10000000149011612,-13.775883674621582,26.13336181640625
0.10000000149011612,-13.524556159973145,26.130680084228516
0.10000000149011612,-13.25752067565918,26.12635040283203
0.10000000149011612,-12.990485191345215,26.125015258789062
0.10000000149011612,-12.723450660705566,26.122074127197266
0.10000000149011612,-12.472123146057129,26.119680404663086
0.10000000149011612,-12.205087661743164,26.11785888671875
0.10000000149011612,-11.953760147094727,26.116640090942383
0.10000000149011612,-11.686724662780762,26.113557815551758
0.10000000149011612,-11.419689178466797,26.111129760742188
0.10000000149011612,-11.16836166381836,26.10938262939453
0.10000000149011612,-10.901326179504395,26.10584831237793
0.10000000149011612,-10.649998664855957,26.10517120361328
0.10000000149011612,-10.382964134216309,26.102760314941406
0.10000000149011612,-10.131636619567871,26.10077476501465
0.10000000149011612,-9.864601135253906,26.099241256713867
0.10000000149011612,-9.597565650939941,26.098194122314453
0.10000000149011612,-9.346238136291504,26.097673416137695
0.10000000149011612,-9.079202651977539,26.097721099853516
0.10000000149011612,-8.827875137329102,26.095884323120117
0.10000000149011612,-8.560839653015137,26.094697952270508
0.10000000149011612,-8.293804168701172,26.09419822692871
0.10000000149011612,-8.04247760772705,26.0919246673584
0.10000000149011612,-7.775441646575928,26.09040641784668
0.10000000149011612,-7.508406639099121,26.089675903320312
0.10000000149011612,-7.257079124450684,26.087268829345703
0.10000000149011612,-6.990043640136719,26.087841033935547
0.10000000149011612,-6.723008155822754,26.086801528930664
0.10000000149011612,-6.471680641174316,26.08418083190918
0.10000000149011612,-6.20464563369751,26.082130432128906
0.10000000149011612,-5.953318119049072,26.08066749572754
0.10000000149011612,-5.686282634735107,26.079816818237305
0.10000000149011612,-5.419247150421143,26.077104568481445
0.10000000149011612,-5.167920112609863,26.077180862426758
0.10000000149011612,-4.900884628295898,26.0754451751709
0.10000000149011612,-4.649557113647461,26.074052810668945
0.10000000149011612,-4.382521629333496,26.073028564453125
0.10000000149011612,-4.131194114685059,26.072399139404297
0.10000000149011612,-3.864158868789673,26.069698333740234
0.10000000149011612,-3.597123622894287,26.0695743560791
0.10000000149011612,-3.3457961082458496,26.067434310913086
0.10000000149011612,-3.078760862350464,26.0658016204834
0.10000000149011612,-2.8274333477020264,26.06470489501953
0.10000000149011612,-2.5603981018066406,26.06417465209961
0.10000000149011612,-2.309070587158203,26.064245223999023
0.10000000149011612,-2.0420353412628174,26.062454223632812
0.10000000149011612,-1.7749998569488525,26.06346321105957
0.10000000149011612,-1.5236724615097046,26.062679290771484
0.10000000149011612,-1.2566370964050293,26.060136795043945
0.10000000149011612,-0.9896016716957092,26.060482025146484
0.10000000149011612,-0.7382742762565613,26.05912208557129
0.10000000149011612,-0.471238911151886,26.056076049804688
0.10000000149011612,-0.2042035162448883,26.055984497070312
0.10000000149011612,0.04712389037013054,26.054244995117188
0.10000000149011612,0.3141592741012573,26.05300521850586
0.10000000149011612,0.5654866695404053,26.049779891967773
0.10000000149011612,0.8325220346450806,26.04920768737793
0.10000000149011612,1.0838494300842285,26.046676635742188
0.10000000149011612,1.3508847951889038,26.04682731628418
0.10000000149011612,1.617920160293579,26.045059204101562
0.10000000149011612,1.8692476749420166,26.04351806640625
0.10000000149011612,2.1362829208374023,26.042221069335938
0.10000000149011612,2.38761043548584,26.041189193725586
0.10000000149011612,2.6546456813812256,26.040447235107422
0.10000000149011612,2.905973196029663,26.04001808166504
0.10000000149011612,3.173008680343628,26.039936065673828
0.10000000149011612,3.4243359565734863,26.038095474243164
0.10000000149011612,3.691371440887451,26.03664779663086
0.10000000149011612,3.9426987171173096,26.035615921020508
0.10000000149011612,4.209733963012695,26.035017013549805
0.10000000149011612,4.47676944732666,26.034879684448242
0.10000000149011612,4.728096961975098,26.033100128173828
0.10000000149011612,4.9951324462890625,26.031822204589844
0.10000000149011612,5.262167930603027,26.031063079833984
0.10000000149011612,5.513494968414307,26.030841827392578
0.10000000149011612,5.7805304527282715,26.02867889404297
0.10000000149011612,6.031857967376709,26.027080535888672
0.10000000149011612,6.298893451690674,26.026058197021484
0.10000000149011612,6.5659284591674805,26.02311897277832
0.10000000149011612,6.817255973815918,26.02289581298828
0.10000000149011612,7.084291458129883,26.020769119262695
0.10000000149011612,7.33561897277832,26.02137565612793
0.10000000149011612,7.602654457092285,26.020105361938477
0.10000000149011612,7.8539814949035645,26.01909828186035
0.10000000149011612,8.121017456054688,26.018362045288086
0.10000000149011612,8.372344017028809,26.01791000366211
0.10000000149011612,8.639379501342773,26.0198917388916
0.10000000149011612,8.890707015991211,26.01970672607422
0.10000000149011612,9.157742500305176,26.02201271057129
0.10000000149011612,9.409070014953613,26.0222110748291
0.10000000149011612,9.676105499267578,26.0224666595459
0.10000000149011612,9.943140983581543,26.02280044555664
0.10000000149011612,10.19446849822998,26.0211124420166
0.10000000149011612,10.461503982543945,26.022045135498047
0.10000000149011612,10.712830543518066,26.020999908447266
0.10000000149011612,10.979866027832031,26.022628784179688
0.10000000149011612,11.231193542480469,26.022336959838867
0.10000000149011612,11.498229026794434,26.022279739379883
0.10000000149011612,11.765264511108398,26.022480010986328
0.10000000149011612,12.016592025756836,26.02083396911621
0.10000000149011612,12.2836275100708,26.01948356628418
0.10000000149011612,12.550662994384766,26.018442153930664
0.10000000149011612,12.801990509033203,26.017723083496094
0.10000000149011612,13.069025039672852,26.01484489440918
0.10000000149011612,13.320352554321289,26.01443862915039
0.10000000149011612,13.587388038635254,26.01189422607422
0.10000000149011612,13.838715553283691,26.011850357055664
0.10000000149011612,14.105751037597656,26.00969696044922
0.10000000149011612,14.357078552246094,26.010074615478516
0.10000000149011612,14.624114036560059,26.010515213012695
0.10000000149011612,14.875441551208496,26.008548736572266
0.10000000149011612,15.142477035522461,26.00882339477539
0.10000000149011612,15.393803596496582,26.006738662719727
0.10000000149011612,15.660839080810547,26.006948471069336
0.10000000149011612,15.912166595458984,26.00485610961914
0.10000000149011612,16.179203033447266,26.00511360168457
0.10000000149011612,16.446237564086914,26.003131866455078
0.10000000149011612,16.69756507873535,26.001432418823242
0.10000000149011612,16.964599609375,26.000043869018555
0.10000000149011612,17.215927124023438,25.998992919921875
0.10000000149011612,17.48296356201172,25.998310089111328
0.10000000149011612,17.749998092651367,25.995525360107422
0.10000000149011612,18.001325607299805,25.993152618408203
0.10000000149011612,18.268362045288086,25.9912109375
0.10000000149011612,18.519689559936523,25.98721694946289
0.10000000149011612,18.786724090576172,25.98580551147461
0.10000000149011612,19.05375862121582,25.982362747192383
0.10000000149011612,19.305086135864258,25.981529235839844
0.10000000149011612,19.57212257385254,25.97869300842285
0.10000000149011612,19.823450088500977,25.975997924804688
0.10000000149011612,20.090484619140625,25.973453521728516
0.10000000149011612,20.341812133789062,25.971067428588867
0.10000000149011612,20.608848571777344,25.968852996826172
0.10000000149011612,20.86017608642578,25.96682357788086
0.10000000149011612,21.12721061706543,25.964994430541992
0.10000000149011612,21.378538131713867,25.963382720947266
0.10000000149011612,21.629865646362305,25.962007522583008
0.10000000149011612,21.896900177001953,25.960886001586914
0.10000000149011612,22.14822769165039,25.960041046142578
0.10000000149011612,22.415264129638672,25.95949363708496
0.10000000149011612,22.66659164428711,25.95926856994629
0.10000000149011612,22.933626174926758,25.957258224487305
0.10000000149011612,23.20066261291504,25.95560646057129
0.10000000149011612,23.451988220214844,25.95431900024414
0.10000000149011612,23.719024658203125,25.95340919494629
0.10000000149011612,23.970352172851562,25.952892303466797
0.10000000149011612,24.23738670349121,25.95064353942871
0.10000000149011612,24.48871421813965,25.951297760009766
0.10000000149011612,24.75575065612793,25.950239181518555
0.10000000149011612,25.022785186767578,25.94959831237793
0.10000000149011612,25.274112701416016,25.94938087463379
0.10000000149011612,25.541149139404297,25.949588775634766
0.10000000149011612,25.7924747467041,25.947725296020508
0.10000000149011612,26.059511184692383,25.948413848876953
0.10000000149011612,26.31083869934082,25.9470272064209
0.10000000149011612,26.57787322998047,25.94818878173828
0.10000000149011612,26.829200744628906,25.947275161743164
0.10000000149011612,27.096237182617188,25.948911666870117
0.10000000149011612,27.347564697265625,25.94847869873047
0.10000000149011612,27.598892211914062,25.950605392456055
0.10000000149011612,27.86592674255371,25.952804565429688
0.10000000149011612,28.11725425720215,25.955097198486328
0.10000000149011612,28.384288787841797,25.95536231994629
0.10000000149011612,28.635616302490234,25.95823860168457
0.10000000149011612,28.902652740478516,25.959108352661133
0.10000000149011612,29.153980255126953,25.962610244750977
0.10000000149011612,29.4210147857666,25.96413230895996
0.10000000149011612,29.688051223754883,25.9658145904541
0.10000000149011612,29.93937873840332,25.96766471862793
0.10000000149011612,30.20641326904297,25.96968650817871
0.10000000149011612,30.457740783691406,25.971893310546875
0.10000000149011612,30.724775314331055,25.972156524658203
0.10000000149011612,30.991811752319336,25.972604751586914
0.10000000149011612,31.243139266967773,25.973230361938477
0.10000000149011612,31.510173797607422,25.974027633666992
0.10000000149011612,31.76150131225586,25.974992752075195
0.10000000149011612,32.02853775024414,25.97612190246582
0.10000000149011612,32.27986526489258,25.974912643432617
0.10000000149011612,32.54690170288086,25.97597885131836
0.10000000149011612,32.79822540283203,25.974687576293945
0.10000000149011612,33.06526184082031,25.975650787353516
0.10000000149011612,33.31658935546875,25.97637176513672
0.10000000149011612,33.58362579345703,25.976852416992188
0.10000000149011612,33.83495330810547,25.977096557617188
0.10000000149011612,34.10198974609375,25.97710609436035
0.10000000149011612,34.35331726074219,25.97688865661621
0.10000000149011612,34.6203498840332,25.9764461517334
0.10000000149011612,34.87167739868164,25.976154327392578
0.10000000149011612,35.13871383666992,25.976016998291016
0.10000000149011612,35.39004135131836,25.976045608520508
0.10000000149011612,35.65707778930664,25.976245880126953
0.10000000149011612,35.924110412597656,25.976633071899414
0.10000000149011612,36.175437927246094,25.977214813232422
0.10000000149011612,36.442474365234375,25.975505828857422
0.10000000149011612,36.69380187988281,25.974000930786133
0.10000000149011612,36.960838317871094,25.972694396972656
0.10000000149011612,37.227874755859375,25.97158432006836
0.10000000149011612,37.47919845581055,25.970670700073242
0.10000000149011612,37.74623489379883,25.96994972229004
0.10000000149011612,37.997562408447266,25.969423294067383
0.10000000149011612,38.26459884643555,25.966590881347656
0.10000000149011612,38.515926361083984,25.96607208251953
0.10000000149011612,38.782962799072266,25.96323585510254
0.10000000149011612,39.0342903137207,25.96270179748535
0.10000000149011612,39.30132293701172,25.959840774536133
0.10000000149011612,39.552650451660156,25.959274291992188
0.10000000149011612,39.81968688964844,25.95637321472168
0.10000000149011612,40.071014404296875,25.955764770507812
0.10000000149011612,40.338050842285156,25.95281982421875
0.10000000149011612,40.589378356933594,25.952163696289062
0.10000000149011612,40.84070587158203,25.951677322387695
0.10000000149011612,41.10773849487305,25.951370239257812
0.10000000149011612,41.37477493286133,25.951255798339844
0.10000000149011612,41.626102447509766,25.95134735107422
0.10000000149011612,41.89313888549805,25.951662063598633
0.10000000149011612,42.144466400146484,25.95221710205078
0.10000000149011612,42.4114990234375,25.953025817871094
0.10000000149011612,42.66282653808594,25.95197868347168
0.10000000149011612,42.92986297607422,25.951208114624023
0.10000000149011612,43.181190490722656,25.95071792602539
0.10000000149011612,43.44822692871094,25.95050811767578
0.10000000149011612,43.71526336669922,25.950584411621094
0.10000000149011612,43.966590881347656,25.948822021484375
0.10000000149011612,44.23362350463867,25.94734001159668
0.10000000149011612,44.48495101928711,25.94612693786621
0.10000000149011612,44.75198745727539,25.945173263549805
0.10000000149011612,45.00331497192383,25.94447135925293
0.10000000149011612,45.27035140991211,25.944011688232422
0.10000000149011612,45.52167892456055,25.943790435791016
0.10000000149011612,45.78871154785156,25.94379997253418
0.10000000149011612,46.0400390625,25.9461727142334
0.10000000149011612,46.29136657714844,25.946287155151367
0.10000000149011612,46.55840301513672,25.94877815246582
0.10000000149011612,46.809730529785156,25.94902801513672
0.10000000149011612,47.07676696777344,25.951669692993164
0.10000000149011612,47.328094482421875,25.952089309692383
0.10000000149011612,47.59512710571289,25.952787399291992
0.10000000149011612,47.86216354370117,25.95376968383789
0.10000000149011612,48.11349105834961,25.95503807067871
0.10000000149011612,48.38052749633789,25.95659828186035
0.10000000149011612,48.63185501098633,25.958454132080078
0.10000000149011612,48.89889144897461,25.960615158081055
0.10000000149011612,49.15021896362305,25.960588455200195
0.10000000149011612,49.41725158691406,25.960865020751953
0.10000000149011612,49.684288024902344,25.961435317993164
0.10000000149011612,49.93561553955078,25.962291717529297
0.10000000149011612,50.20265197753906,25.963428497314453
0.10000000149011612,50.4539794921875,25.96234130859375
0.10000000149011612,50.721012115478516,25.963638305664062
0.10000000149011612,50.97233963012695,25.962684631347656
0.10000000149011612,51.239376068115234,25.964088439941406
0.10000000149011612,51.49070358276367,25.963220596313477
0.10000000149011612,51.75774002075195,25.964689254760742
0.10000000149011612,52.00906753540039,25.963865280151367
0.10000000149011612,52.276100158691406,25.965362548828125
0.10000000149011612,52.527427673339844,25.964550018310547
0.10000000149011612,52.794464111328125,25.966045379638672
0.10000000149011612,53.04579162597656,25.965221405029297
0.10000000149011612,53.312828063964844,25.966693878173828
0.10000000149011612,53.56415557861328,25.965837478637695
0.10000000149011612,53.83119201660156,25.96727180480957
0.10000000149011612,54.082515716552734,25.968873977661133
0.10000000149011612,54.349552154541016,25.970653533935547
0.10000000149011612,54.60087966918945,25.970117568969727
0.10000000149011612,54.867916107177734,25.971893310546875
0.10000000149011612,55.11924362182617,25.971359252929688
0.10000000149011612,55.38628005981445,25.971010208129883
0.10000000149011612,55.65331268310547,25.970840454101562
0.10000000149011612,55.904640197753906,25.970844268798828
0.10000000149011612,56.17167663574219,25.971023559570312
0.10000000149011612,56.423004150390625,25.971370697021484
0.10000000149011612,56.690040588378906,25.971891403198242
0.10000000149011612,56.95707321166992,25.970081329345703
0.10000000149011612,57.20840072631836,25.97056007385254
0.10000000149011612,57.47543716430664,25.96869468688965
0.10000000149011612,57.72676467895508,25.969104766845703
0.10000000149011612,57.99380111694336,25.9671630859375
0.10000000149011612,58.2451286315918,25.967485427856445
0.10000000149011612,58.51216506958008,25.9654483795166
0.10000000149011612,58.76348876953125,25.965669631958008
0.10000000149011612,59.01481628417969,25.965662002563477
0.10000000149011612,59.28185272216797,25.965431213378906
0.10000000149011612,59.533180236816406,25.967487335205078
0.10000000149011612,59.80021667480469,25.967227935791016
0.10000000149011612,60.051544189453125,25.96929931640625
0.10000000149011612,60.318580627441406,25.969097137451172
0.10000000149011612,60.58561325073242,25.971267700195312
0.10000000149011612,60.83694076538086,25.971214294433594
0.10000000149011612,61.10397720336914,25.971084594726562
0.10000000149011612,61.35530471801758,25.970895767211914
0.10000000149011612,61.62234115600586,25.968528747558594
0.10000000149011612,61.8736686706543,25.968618392944336
0.10000000149011612,62.14070129394531,25.9665470123291
0.10000000149011612,62.407737731933594,25.96695327758789
0.10000000149011612,62.65906524658203,25.965219497680664
0.10000000149011612,62.92610168457031,25.963485717773438
0.10000000149011612,63.17742919921875,25.961753845214844
0.10000000149011612,63.444461822509766,25.96002769470215
0.10000000149011612,63.6957893371582,25.95831298828125
0.10000000149011612,63.962825775146484,25.956613540649414
0.10000000149011612,64.21415710449219,25.954938888549805
0.10000000149011612,64.48118591308594,25.95329475402832
0.10000000149011612,64.73251342773438,25.953821182250977
0.10000000149011612,64.99954986572266,25.951913833618164
0.10000000149011612,65.2508773803711,25.95221519470215
0.10000000149011612,65.51791381835938,25.95012092590332
0.10000000149011612,65.76924133300781,25.950273513793945
0.10000000149011612,66.0362777709961,25.948068618774414
0.10000000149011612,66.28760528564453,25.948152542114258
0.10000000149011612,66.55464172363281,25.9459228515625
0.10000000149011612,66.80596923828125,25.94602394104004
0.10000000149011612,67.07300567626953,25.9438533782959
0.10000000149011612,67.32433319091797,25.944063186645508
0.10000000149011612,67.59136962890625,25.942049026489258
0.10000000149011612,67.84269714355469,25.942459106445312
0.10000000149011612,68.10972595214844,25.94069480895996
0.10000000149011612,68.37676239013672,25.939273834228516
0.10000000149011612,68.62808990478516,25.938209533691406
0.10000000149011612,68.89512634277344,25.935022354125977
0.10000000149011612,69.14645385742188,25.934343338012695
0.10000000149011612,69.41349029541016,25.931556701660156
0.10000000149011612,69.6648178100586,25.931297302246094
0.10000000149011612,69.93185424804688,25.9289493560791
0.10000000149011612,70.18318176269531,25.926651000976562
0.10000000149011612,70.4502182006836,25.926532745361328
0.10000000149011612,70.70154571533203,25.92398452758789
0.10000000149011612,70.96857452392578,25.923643112182617
0.10000000149011612,71.21990203857422,25.9208927154541
0.10000000149011612,71.4869384765625,25.92037010192871
0.10000000149011612,71.73826599121094,25.917465209960938
0.10000000149011612,71.98959350585938,25.91681480407715
0.10000000149011612,72.25662994384766,25.916303634643555
0.10000000149011612,72.5079574584961,25.91595458984375
0.10000000149011612,72.77499389648438,25.91579246520996
0.10000000149011612,73.02632141113281,25.91584014892578
0.10000000149011612,73.2933578491211,25.91611671447754
0.10000000149011612,73.54468536376953,25.916650772094727
0.10000000149011612,73.81172180175781,25.91496467590332
0.10000000149011612,74.06304931640625,25.915699005126953
0.10000000149011612,74.33008575439453,25.914241790771484
0.10000000149011612,74.59711456298828,25.915233612060547
0.10000000149011612,74.84844207763672,25.914064407348633
0.10000000149011612,75.115478515625,25.915376663208008
0.10000000149011612,75.36680603027344,25.914562225341797
0.10000000149011612,75.63384246826172,25.913759231567383
0.10000000149011612,75.88516998291016,25.912973403930664
0.10000000149011612,76.15220642089844,25.91221046447754
0.10000000149011612,76.40353393554688,25.911479949951172
0.10000000149011612,76.67057037353516,25.91078758239746
0.10000000149011612,76.9218978881836,25.910137176513672
0.10000000149011612,77.18893432617188,25.90953826904297
0.10000000149011612,77.44026184082031,25.911128997802734
0.10000000149011612,77.69158935546875,25.910301208496094
0.10000000149011612,77.9586181640625,25.91169548034668
0.10000000149011612,78.20994567871094,25.910703659057617
0.10000000149011612,78.47698211669922,25.911962509155273
0.10000000149011612,78.72830963134766,25.910863876342773
0.10000000149011612,78.99534606933594,25.912050247192383
0.10000000149011612,79.24667358398438,25.910905838012695
0.10000000149011612,79.51371002197266,25.912073135375977
0.10000000149011612,79.7650375366211,25.910940170288086
0.10000000149011612,80.03207397460938,25.912147521972656
0.10000000149011612,80.28340148925781,25.911083221435547
0.10000000149011612,80.5504379272461,25.912385940551758
0.10000000149011612,80.80176544189453,25.911441802978516
0.10000000149011612,81.06880187988281,25.912893295288086
0.10000000149011612,81.33583068847656,25.912128448486328
0.10000000149011612,81.587158203125,25.91128158569336
0.10000000149011612,81.85419464111328,25.910356521606445
0.10000000149011612,82.10552215576172,25.909358978271484
0.10000000149011612,82.37255859375,25.908287048339844
0.10000000149011612,82.62388610839844,25.907146453857422
0.10000000149011612,82.89092254638672,25.905935287475586
0.10000000149011612,83.14225006103516,25.90465545654297
0.10000000149011612,83.3935775756836,25.905441284179688
0.10000000149011612,83.66061401367188,25.90367889404297
0.10000000149011612,83.91194152832031,25.904003143310547
0.10000000149011612,84.1789779663086,25.901796340942383
0.10000000149011612,84.43030548095703,25.901691436767578
0.10000000149011612,84.69733428955078,25.899070739746094
0.10000000149011612,84.94866180419922,25.89856719970703
0.10000000149011612,85.2156982421875,25.898061752319336
0.10000000149011612,85.46702575683594,25.89756965637207
0.10000000149011612,85.73406219482422,25.897106170654297
0.10000000149011612,85.98538970947266,25.896686553955078
0.10000000149011612,86.25242614746094,25.896326065063477
0.10000000149011612,86.50375366210938,25.89603614807129
0.10000000149011612,86.77079010009766,25.895830154418945
0.10000000149011612,87.0221176147461,25.895723342895508
0.10000000149011612,87.28915405273438,25.895729064941406
0.10000000149011612,87.54048156738281,25.895856857299805
0.10000000149011612,87.8075180053711,25.89362144470215
0.10000000149011612,88.05884552001953,25.893648147583008
0.10000000149011612,88.32587432861328,25.891313552856445
0.10000000149011612,88.57720184326172,25.89124298095703
0.10000000149011612,88.84423828125,25.888813018798828
0.10000000149011612,89.09556579589844,25.888648986816406
0.10000000149011612,89.36260223388672,25.886123657226562
0.10000000149011612,89.61392974853516,25.8858585357666
0.10000000149011612,89.88096618652344,25.885364532470703
0.10000000149011612,90.13229370117188,25.884645462036133
0.10000000149011612,90.38362121582031,25.883710861206055
0.10000000149011612,90.6506576538086,25.88256072998047
0.10000000149011612,90.90198516845703,25.883703231811523
0.10000000149011612,91.16902160644531,25.88252830505371
0.10000000149011612,91.42034912109375,25.8836727142334
0.10000000149011612,91.6873779296875,25.882522583007812
0.10000000149011612,91.93870544433594,25.883716583251953
0.10000000149011612,92.20574188232422,25.882638931274414
0.10000000149011612,92.45706939697266,25.883926391601562
0.10000000149011612,92.72410583496094,25.882965087890625
0.10000000149011612,92.97543334960938,25.884387969970703
0.10000000149011612,93.24246978759766,25.88357925415039
0.10000000149011612,93.4937973022461,25.883037567138672
0.10000000149011612,93.76083374023438,25.882761001586914
0.10000000149011612,94.01216125488281,25.88275146484375
0.10000000149011612,94.2791976928711,25.88300132751465
0.10000000149011612,94.53052520751953,25.881011962890625
0.10000000149011612,94.79756164550781,25.88139533996582
0.10000000149011612,95.04888916015625,25.881643295288086
0.10000000149011612,95.31591796875,25.881755828857422
0.10000000149011612,95.56724548339844,25.881725311279297
0.10000000149011612,95.83428192138672,25.88154411315918
0.10000000149011612,96.08560943603516,25.881210327148438
0.10000000149011612,96.3369369506836,25.880712509155273
0.10000000149011612,96.60397338867188,25.882543563842773
0.10000000149011612,96.85530090332031,25.884212493896484
0.10000000149011612,97.1223373413086,25.885730743408203
0.10000000149011612,97.37366485595703,25.88710594177246
0.10000000149011612,97.64070129394531,25.888343811035156
0.10000000149011612,97.89202880859375,25.88945770263672
0.10000000149011612,98.15906524658203,25.89044761657715
0.10000000149011612,98.41039276123047,25.891321182250977
0.10000000149011612,98.67742156982422,25.892086029052734
0.10000000149011612,98.92874908447266,25.892742156982422
0.10000000149011612,99.19578552246094,25.893295288085938
0.10000000149011612,99.44711303710938,25.89161491394043
0.10000000149011612,99.71414947509766,25.892314910888672
0.10000000149011612,99.9654769897461,25.890766143798828
0.10000000149011612,100.23251342773438,25.891582489013672
0.10000000149011612,100.48384094238281,25.890132904052734
0.10000000149011612,100.7508773803711,25.891027450561523
0.10000000149011612,101.00220489501953,25.88963508605957
0.10000000149011612,101.26924133300781,25.890567779541016
0.10000000149011612,101.52056884765625,25.891324996948242
0.10000000149011612,101.78760528564453,25.891904830932617
0.10000000149011612,102.03893280029297,25.892301559448242
0.10000000149011612,102.30596160888672,25.89251136779785
0.10000000149011612,102.55728912353516,25.89253044128418
0.10000000149011612,102.8086166381836,25.892351150512695
0.10000000149011612,103.07565307617188,25.891969680786133
0.10000000149011612,103.32698059082031,25.89137840270996
0.10000000149011612,103.5940170288086,25.893068313598633
0.10000000149011612,103.84534454345703,25.894550323486328
0.10000000149011612,104.11238098144531,25.895832061767578
0.10000000149011612,104.36370849609375,25.894792556762695
0.10000000149011612,104.63074493408203,25.896053314208984
0.10000000149011612,104.88207244873047,25.894990921020508
0.10000000149011612,105.14910888671875,25.896223068237305
0.10000000149011612,105.40043640136719,25.895126342773438
0.10000000149011612,105.66746520996094,25.896318435668945
0.10000000149011612,105.91879272460938,25.895174026489258
0.10000000149011612,106.18582916259766,25.896312713623047
0.10000000149011612,106.45286560058594,25.895103454589844
0.10000000149011612,106.70419311523438,25.896167755126953
0.10000000149011612,106.97122955322266,25.894872665405273
0.10000000149011612,107.2225570678711,25.895835876464844
0.10000000149011612,107.48959350585938,25.894426345825195
0.10000000149011612,107.74092102050781,25.895261764526367
0.10000000149011612,107.99224853515625,25.893707275390625
0.10000000149011612,108.25928497314453,25.894378662109375
0.10000000149011612,108.51061248779297,25.89264488220215
0.10000000149011612,108.77764892578125,25.893115997314453
0.10000000149011612,109.02897644042969,25.89116096496582
0.10000000149011612,109.29600524902344,25.89139175415039
0.10000000149011612,109.54733276367188,25.89167022705078
0.10000000149011612,109.79866027832031,25.89199447631836
0.10000000149011612,110.0656967163086,25.892364501953125
0.10000000149011612,110.31702423095703,25.89277458190918
0.10000000149011612,110.58406066894531,25.893218994140625
0.10000000149011612,110.83538818359375,25.893695831298828
0.10000000149011612,111.10242462158203,25.894201278686523
0.10000000149011612,111.35375213623047,25.89472770690918
0.10000000149011612,111.62078857421875,25.895273208618164
0.10000000149011612,111.87211608886719,25.895830154418945
0.10000000149011612,112.13915252685547,25.896392822265625
0.10000000149011612,112.40618133544922,25.894821166992188
0.10000000149011612,112.65750885009766,25.895723342895508
0.10000000149011612,112.92454528808594,25.894458770751953
0.10000000149011612,113.17587280273438,25.8956356048584
0.10000000149011612,113.44290924072266,25.89461326599121
0.10000000149011612,113.6942367553711,25.895998001098633
0.10000000149011612,113.96127319335938,25.89514923095703
0.10000000149011612,114.21260070800781,25.896671295166016
0.10000000149011612,114.46392822265625,25.895925521850586
0.10000000149011612,114.73096466064453,25.897518157958984
0.10000000149011612,114.98229217529297,25.898941040039062
0.10000000149011612,115.24932861328125,25.900184631347656
0.10000000149011612,115.50065612792969,25.901241302490234
0.10000000149011612,115.76769256591797,25.902099609375
0.10000000149011612,116.0190200805664,25.905248641967773
0.10000000149011612,116.28604888916016,25.906068801879883
0.10000000149011612,116.5373764038086,25.9091796875
0.10000000149011612,116.78870391845703,25.909955978393555
0.10000000149011612,117.05574035644531,25.913022994995117
0.10000000149011612,117.3227767944336,25.913753509521484
0.10000000149011612,117.57410430908203,25.91463851928711
0.10000000149011612,117.84114074707031,25.915664672851562
0.10000000149011612,118.09246826171875,25.91682243347168
0.10000000149011612,118.35950469970703,25.918102264404297
0.10000000149011612,118.61083221435547,25.919490814208984
0.10000000149011612,118.87786865234375,25.92098045349121
0.10000000149011612,119.12919616699219,25.922555923461914
0.10000000149011612,119.39623260498047,25.924209594726562
0.10000000149011612,119.64755249023438,25.923429489135742
0.10000000149011612,119.91458892822266,25.92481803894043
0.10000000149011612,120.1659164428711,25.923728942871094
0.10000000149011612,120.43295288085938,25.924768447875977
0.10000000149011612,120.68428039550781,25.92329216003418
0.10000000149011612,120.9513168334961,25.923898696899414
0.10000000149011612,121.20264434814453,25.92444610595703
0.10000000149011612,121.46968078613281,25.92491912841797
0.10000000149011612,121.72100830078125,25.925308227539062
0.10000000149011612,121.98804473876953,25.925600051879883
0.10000000149011612,122.23937225341797,25.925783157348633
0.10000000149011612,122.50640869140625,25.925846099853516
0.10000000149011612,122.75773620605469,25.9257755279541
0.10000000149011612,123.02476501464844,25.92806053161621
0.10000000149011612,123.27609252929688,25.928071975708008
0.10000000149011612,123.54312896728516,25.930437088012695
0.10000000149011612,123.7944564819336,25.930522918701172
0.10000000149011612,124.06149291992188,25.932954788208008
0.10000000149011612,124.31282043457031,25.9331111907959
0.10000000149011612,124.5798568725586,25.933473587036133
0.10000000149011612,124.83118438720703,25.934036254882812
0.10000000149011612,125.09822082519531,25.934789657592773
0.10000000149011612,125.3652572631836,25.935720443725586
0.10000000149011612,125.61658477783203,25.934324264526367
0.10000000149011612,125.88362121582031,25.935203552246094
0.10000000149011612,126.13494873046875,25.933713912963867
0.10000000149011612,126.4019775390625,25.93446159362793
0.10000000149011612,126.65330505371094,25.93280601501465
0.10000000149011612,126.92034149169922,25.933353424072266
0.10000000149011612,127.17166900634766,25.931459426879883
0.10000000149011612,127.43870544433594,25.931732177734375
0.10000000149011612,127.69003295898438,25.93416404724121
0.10000000149011612,127.94136047363281,25.934133529663086
0.10000000149011612,128.20838928222656,25.93626594543457
0.10000000149011612,128.459716796875,25.935937881469727
0.10000000149011612,128.7267608642578,25.93777847290039
0.10000000149011612,128.97808837890625,25.93716049194336
0.10000000149011612,129.2451171875,25.938716888427734
0.10000000149011612,129.49644470214844,25.939958572387695
0.10000000149011612,129.76348876953125,25.940898895263672
0.10000000149011612,130.0148162841797,25.941913604736328
0.10000000149011612,130.28184509277344,25.943016052246094
0.10000000149011612,130.54888916015625,25.941722869873047
0.10000000149011612,130.8002166748047,25.942657470703125
0.10000000149011612,131.06724548339844,25.941204071044922
0.10000000149011612,131.31857299804688,25.941986083984375
0.10000000149011612,131.58560180664062,25.94038963317871
0.10000000149011612,131.83692932128906,25.941038131713867
0.10000000149011612,132.10397338867188,25.93931770324707
0.10000000149011612,132.3553009033203,25.93985366821289
0.10000000149011612,132.62232971191406,25.938024520874023
0.10000000149011612,132.8736572265625,25.938467025756836
0.10000000149011612,133.1407012939453,25.93655776977539
0.10000000149011612,133.39202880859375,25.936927795410156
0.10000000149011612,133.6590576171875,25.937091827392578
0.10000000149011612,133.91038513183594,25.93706512451172
0.10000000149011612,134.17742919921875,25.93686294555664
0.10000000149011612,134.4287567138672,25.936504364013672
0.10000000149011612,134.69578552246094,25.93600082397461
0.10000000149011612,134.94711303710938,25.935367584228516
0.10000000149011612,135.21414184570312,25.934621810913086
0.10000000149011612,135.46546936035156,25.933778762817383
0.10000000149011612,135.73251342773438,25.9328556060791
0.10000000149011612,135.9838409423828,25.931865692138672
0.10000000149011612,136.25086975097656,25.93082618713379
0.10000000149011612,136.502197265625,25.929750442504883
0.10000000149011612,136.7692413330078,25.928653717041016
0.10000000149011612,137.02056884765625,25.927553176879883
0.10000000149011612,137.28759765625,25.926464080810547
0.10000000149011612,137.5546417236328,25.925399780273438
0.10000000149011612,137.80596923828125,25.922243118286133
0.10000000149011612,138.072998046875,25.921627044677734
0.10000000149011612,138.32432556152344,25.918930053710938
0.10000000149011612,138.5913543701172,25.916282653808594
0.10000000149011612,138.84268188476562,25.91581916809082
0.10000000149011612,139.10972595214844,25.912919998168945
0.10000000149011612,139.36105346679688,25.912214279174805
0.10000000149011612,139.62808227539062,25.909088134765625
0.10000000149011612,139.87940979003906,25.908164978027344
0.10000000149011612,140.14645385742188,25.904830932617188
0.10000000149011612,140.3977813720703,25.90371322631836
0.10000000149011612,140.64910888671875,25.900192260742188
0.10000000149011612,140.9161376953125,25.898900985717773
0.10000000149011612,141.16746520996094,25.897714614868164
0.10000000149011612,141.4344940185547,25.896652221679688
0.10000000149011612,141.68582153320312,25.895727157592773
0.10000000149011612,141.95286560058594,25.89495277404785
0.10000000149011612,142.20419311523438,25.89434242248535
0.10000000149011612,142.4555206298828,25.89391326904297
0.10000000149011612,142.72254943847656,25.8936767578125
0.10000000149011612,142.98959350585938,25.893648147583008
0.10000000149011612,143.2409210205078,25.893842697143555
0.10000000149011612,143.50794982910156,25.892139434814453
0.10000000149011612,143.75927734375,25.890666961669922
0.10000000149011612,144.0263214111328,25.889421463012695
0.10000000149011612,144.27764892578125,25.888402938842773
0.10000000149011612,144.544677734375,25.88759994506836
0.10000000149011612,144.79600524902344,25.887012481689453
0.10000000149011612,145.0630340576172,25.88663673400879
0.10000000149011612,145.31436157226562,25.886465072631836
0.10000000149011612,145.58140563964844,25.886493682861328
0.10000000149011612,145.83273315429688,25.88671875
0.10000000149011612,146.09976196289062,25.889270782470703
0.10000000149011612,146.35108947753906,25.889524459838867
0.10000000149011612,146.6024169921875,25.892114639282227
0.10000000149011612,146.8694610595703,25.892419815063477
0.10000000149011612,147.12078857421875,25.895069122314453
0.10000000149011612,147.3878173828125,25.89543914794922
0.10000000149011612,147.63914489746094,25.89815902709961
0.10000000149011612,147.90618896484375,25.89861297607422
0.10000000149011612,148.1575164794922,25.901424407958984
0.10000000149011612,148.42454528808594,25.901973724365234
0.10000000149011612,148.67587280273438,25.904888153076172
0.10000000149011612,148.94290161132812,25.90554428100586
0.10000000149011612,149.19422912597656,25.908573150634766
0.10000000149011612,149.46127319335938,25.909351348876953
0.10000000149011612,149.7126007080078,25.912504196166992
0.10000000149011612,149.97962951660156,25.913410186767578
0.10000000149011612,150.23095703125,25.91669273376465
0.10000000149011612,150.4980010986328,25.917736053466797
0.10000000149011612,150.76502990722656,25.916526794433594
0.10000000149011612,151.016357421875,25.91767120361328
0.10000000149011612,151.2834014892578,25.918664932250977
0.10000000149011612,151.53472900390625,25.919498443603516
0.10000000149011612,151.7860565185547,25.920162200927734
0.10000000149011612,152.05308532714844,25.92064666748047
0.10000000149011612,152.30441284179688,25.92093849182129
0.10000000149011612,152.57144165039062,25.921031951904297
0.10000000149011612,152.82276916503906,25.920917510986328
0.10000000149011612,153.08981323242188,25.92057991027832
0.10000000149011612,153.3411407470703,25.920011520385742
0.10000000149011612,153.60816955566406,25.9191951751709
0.10000000149011612,153.8594970703125,25.920623779296875
0.10000000149011612,154.1265411376953,25.91967010498047
0.10000000149011612,154.37786865234375,25.920955657958984
0.10000000149011612,154.6448974609375,25.919851303100586
0.10000000149011612,154.89622497558594,25.920978546142578
0.10000000149011612,155.1632537841797,25.919710159301758
0.10000000149011612,155.41458129882812,25.920665740966797
0.10000000149011612,155.68162536621094,25.92171859741211
0.10000000149011612,155.93295288085938,25.920740127563477
0.10000000149011612,156.19998168945312,25.919849395751953
0.10000000149011612,156.46702575683594,25.919034957885742
0.10000000149011612,156.71835327148438,25.918283462524414
0.10000000149011612,156.98538208007812,25.917579650878906
0.10000000149011612,157.23670959472656,25.916912078857422
0.10000000149011612,157.50375366210938,25.91626739501953
0.10000000149011612,157.7550811767578,25.915634155273438
0.10000000149011612,158.02210998535156,25.914997100830078
0.10000000149011612,158.2734375,25.914342880249023
0.10000000149011612,158.54046630859375,25.913660049438477
0.10000000149011612,158.7917938232422,25.912933349609375
0.10000000149011612,159.04312133789062,25.912151336669922
0.10000000149011612,159.31016540527344,25.911300659179688
0.10000000149011612,159.56149291992188,25.910367965698242
0.10000000149011612,159.82852172851562,25.911836624145508
0.10000000149011612,160.07984924316406,25.911083221435547
0.10000000149011612,160.34689331054688,25.91272735595703
0.10000000149011612,160.5982208251953,25.912141799926758
0.10000000149011612,160.86524963378906,25.9139461517334
0.10000000149011612,161.1165771484375,25.913515090942383
0.10000000149011612,161.3836212158203,25.915470123291016
0.10000000149011612,161.63494873046875,25.915185928344727
0.10000000149011612,161.9019775390625,25.915149688720703
0.10000000149011612,162.15330505371094,25.91534996032715
0.10000000149011612,162.4203338623047,25.91577911376953
0.10000000149011612,162.67166137695312,25.916419982910156
0.10000000149011612,162.93870544433594,25.917264938354492
0.10000000149011612,163.19003295898438,25.918306350708008
0.10000000149011612,163.45706176757812,25.91953468322754
0.10000000149011612,163.72410583496094,25.92093849182129
0.10000000149011612,163.97543334960938,25.920011520385742
0.10000000149011612,164.2267608642578,25.921356201171875
0.10000000149011612,164.49378967285156,25.920333862304688
0.10000000149011612,164.7451171875,25.919414520263672
0.10000000149011612,165.0121612548828,25.92107582092285
0.10000000149011612,165.26348876953125,25.922807693481445
0.10000000149011612,165.530517578125,25.924604415893555
0.10000000149011612,165.78184509277344,25.92646026611328
0.10000000149011612,166.0488739013672,25.928369522094727
0.10000000149011612,166.30020141601562,25.930322647094727
0.10000000149011612,166.56724548339844,25.932315826416016
0.10000000149011612,166.81857299804688,25.932214736938477
0.10000000149011612,167.08560180664062,25.93462371826172
0.10000000149011612,167.33692932128906,25.934907913208008
0.10000000149011612,167.60397338867188,25.93767738342285
0.10000000149011612,167.8553009033203,25.93829917907715
0.10000000149011612,168.12232971191406,25.941383361816406
0.10000000149011612,168.3736572265625,25.942296981811523
0.10000000149011612,168.64068603515625,25.943517684936523
0.10000000149011612,168.90773010253906,25.945026397705078
0.10000000149011612,169.1590576171875,25.946805953979492
0.10000000149011612,169.42608642578125,25.94883918762207
0.10000000149011612,169.6774139404297,25.948606491088867
0.10000000149011612,169.9444580078125,25.95070457458496
0.10000000149011612,170.19578552246094,25.950490951538086
0.10000000149011612,170.4628143310547,25.952558517456055
0.10000000149011612,170.71414184570312,25.952260971069336
0.10000000149011612,170.98118591308594,25.95419692993164
0.10000000149011612,171.23251342773438,25.953725814819336
0.10000000149011612,171.49954223632812,25.955442428588867
0.10000000149011612,171.75086975097656,25.954702377319336
0.10000000149011612,172.0178985595703,25.956111907958984
0.10000000149011612,172.26922607421875,25.957523345947266
0.10000000149011612,172.53627014160156,25.95892333984375
0.10000000149011612,172.78759765625,25.960304260253906
0.10000000149011612,173.05462646484375,25.961660385131836
0.10000000149011612,173.3059539794922,25.96297836303711
0.10000000149011612,173.572998046875,25.96211814880371
0.10000000149011612,173.82432556152344,25.96368980407715
0.10000000149011612,174.0913543701172,25.96305274963379
0.10000000149011612,174.34268188476562,25.964815139770508
0.10000000149011612,174.60972595214844,25.964344024658203
0.10000000149011612,174.8767547607422,25.966245651245117
0.10000000149011612,175.12808227539062,25.965890884399414
0.10000000149011612,175.39511108398438,25.965755462646484
0.10000000149011612,175.6464385986328,25.9658203125
0.10000000149011612,175.91348266601562,25.96607208251953
0.10000000149011612,176.16481018066406,25.966487884521484
0.10000000149011612,176.4318389892578,25.96705436706543
0.10000000149011612,176.68316650390625,25.96776008605957
0.10000000149011612,176.95021057128906,25.966089248657227
0.10000000149011612,177.2015380859375,25.966644287109375
0.10000000149011612,177.46856689453125,25.9672794342041
0.10000000149011612,177.73561096191406,25.967987060546875
0.10000000149011612,177.9869384765625,25.96875762939453
0.10000000149011612,178.23826599121094,25.969581604003906
0.10000000149011612,178.5052947998047,25.9704532623291
0.10000000149011612,178.75662231445312,25.97136878967285
0.10000000149011612,179.02365112304688,25.97445297241211
0.10000000149011612,179.2749786376953,25.9750919342041
0.10000000149011612,179.54202270507812,25.975780487060547
0.10000000149011612,179.80905151367188,25.976516723632812
0.10000000149011612,180.0603790283203,25.977298736572266
0.10000000149011612,180.32742309570312,25.978132247924805
0.10000000149011612,180.57875061035156,25.97901725769043
0.10000000149011612,180.8457794189453,25.979955673217773
0.10000000149011612,181.09710693359375,25.98094940185547
0.10000000149011612,181.36415100097656,25.982009887695312
0.10000000149011612,181.6311798095703,25.983139038085938
0.10000000149011612,181.88250732421875,25.984346389770508
0.10000000149011612,182.1495361328125,25.98314094543457
0.10000000149011612,182.40086364746094,25.982009887695312
0.10000000149011612,182.66790771484375,25.980947494506836
0.10000000149011612,182.9192352294922,25.982080459594727
0.10000000149011612,183.18626403808594,25.98078727722168
0.10000000149011612,183.43759155273438,25.98169708251953
0.10000000149011612,183.7046356201172,25.980188369750977
0.10000000149011612,183.95596313476562,25.980894088745117
0.10000000149011612,184.22299194335938,25.97919464111328
0.10000000149011612,184.4743194580078,25.979724884033203
0.10000000149011612,184.74136352539062,25.977869033813477
0.10000000149011612,184.99267578125,25.978260040283203
0.10000000149011612,185.2597198486328,25.976285934448242
0.10000000149011612,185.51104736328125,25.97658348083496
0.10000000149011612,185.778076171875,25.97454071044922
0.10000000149011612,186.02940368652344,25.97479248046875
0.10000000149011612,186.29644775390625,25.97273063659668
0.10000000149011612,186.5634765625,25.972997665405273
0.10000000149011612,186.81480407714844,25.97098159790039
0.10000000149011612,187.08184814453125,25.97132682800293
0.10000000149011612,187.3331756591797,25.96942710876465
0.10000000149011612,187.60020446777344,25.967790603637695
0.10000000149011612,187.85153198242188,25.9664306640625
0.10000000149011612,188.11856079101562,25.962858200073242
0.10000000149011612,188.38560485839844,25.961700439453125
0.10000000149011612,188.63693237304688,25.95833969116211
0.10000000149011612,188.90396118164062,25.95740509033203
0.10000000149011612,189.15528869628906,25.95427703857422
0.10000000149011612,189.42233276367188,25.953588485717773
0.10000000149011612,189.6736602783203,25.950721740722656
0.10000000149011612,189.94068908691406,25.9503116607666
0.10000000149011612,190.1920166015625,25.947742462158203
0.10000000149011612,190.4590606689453,25.947650909423828
0.10000000149011612,190.71038818359375,25.94755744934082
0.10000000149011612,190.9774169921875,25.944982528686523
0.10000000149011612,191.22874450683594,25.94456672668457
0.10000000149011612,191.4957733154297,25.94420051574707
0.10000000149011612,191.74710083007812,25.943906784057617
0.10000000149011612,191.99842834472656,25.943710327148438
0.10000000149011612,192.26547241210938,25.943635940551758
0.10000000149011612,192.53250122070312,25.94371223449707
0.10000000149011612,192.78382873535156,25.941829681396484
0.10000000149011612,193.05087280273438,25.94013214111328
0.10000000149011612,193.3022003173828,25.938629150390625
0.10000000149011612,193.56922912597656,25.937332153320312
0.10000000149011612,193.820556640625,25.936250686645508
0.10000000149011612,194.0876007080078,25.935400009155273
0.10000000149011612,194.33892822265625,25.934789657592773
0.10000000149011612,194.60595703125,25.932300567626953
0.10000000149011612,194.85728454589844,25.930065155029297
0.10000000149011612,195.1243133544922,25.930208206176758
0.10000000149011612,195.391357421875,25.928115844726562
0.10000000149011612,195.64268493652344,25.92841911315918
0.10000000149011612,195.89401245117188,25.926496505737305
0.10000000149011612,196.16104125976562,25.926982879638672
0.10000000149011612,196.41236877441406,25.925264358520508
0.10000000149011612,196.67941284179688,25.925973892211914
0.10000000149011612,196.9307403564453,25.92449378967285
0.10000000149011612,197.19776916503906,25.925460815429688
0.10000000149011612,197.4490966796875,25.926395416259766
0.10000000149011612,197.7161407470703,25.92732048034668
0.10000000149011612,197.96746826171875,25.928251266479492
0.10000000149011612,198.2344970703125,25.929216384887695
0.10000000149011612,198.48582458496094,25.93023109436035
0.10000000149011612,198.7528533935547,25.931324005126953
0.10000000149011612,199.00418090820312,25.932512283325195
0.10000000149011612,199.27122497558594,25.93382453918457
0.10000000149011612,199.52255249023438,25.935277938842773
0.10000000149011612,199.78958129882812,25.93440055847168
0.10000000149011612,200.04090881347656,25.93369483947754
0.10000000149011612,200.30795288085938,25.93316650390625
0.10000000149011612,200.57498168945312,25.932819366455078
0.10000000149011612,200.82630920410156,25.932662963867188
0.10000000149011612,201.09335327148438,25.93270492553711
0.10000000149011612,201.3446807861328,25.93294906616211
0.10000000149011612,201.61170959472656,25.933034896850586
0.10000000149011612,201.863037109375,25.932971954345703
0.10000000149011612,202.13006591796875,25.932767868041992
0.10000000149011612,202.3813934326172,25.93242835998535
0.10000000149011612,202.6484375,25.931961059570312
0.10000000149011612,202.89976501464844,25.931373596191406
0.10000000149011612,203.1667938232422,25.930673599243164
0.10000000149011612,203.41812133789062,25.92986488342285
0.10000000149011612,203.66944885253906,25.928956985473633
0.10000000149011612,203.93649291992188,25.930089950561523
0.10000000149011612,204.1878204345703,25.928659439086914
0.10000000149011612,204.45484924316406,25.929304122924805
0.10000000149011612,204.7061767578125,25.927413940429688
0.10000000149011612,204.97320556640625,25.927629470825195
0.10000000149011612,205.2245330810547,25.927845001220703
0.10000000149011612,205.4915771484375,25.92595100402832
0.10000000149011612,205.75860595703125,25.92408561706543
0.10000000149011612,206.0099334716797,25.922256469726562
0.10000000149011612,206.2769775390625,25.920469284057617
0.10000000149011612,206.52830505371094,25.918731689453125
0.10000000149011612,206.7953338623047,25.917049407958984
0.10000000149011612,207.04666137695312,25.915428161621094
0.10000000149011612,207.31370544433594,25.91387367248535
0.10000000149011612,207.5807342529297,25.912395477294922
0.10000000149011612,207.83206176757812,25.91099739074707
0.10000000149011612,208.08338928222656,25.909687042236328
0.10000000149011612,208.3504180908203,25.908472061157227
0.10000000149011612,208.60174560546875,25.904855728149414
0.10000000149011612,208.86878967285156,25.903461456298828
0.10000000149011612,209.1201171875,25.902162551879883
0.10000000149011612,209.38714599609375,25.900962829589844
0.10000000149011612,209.6384735107422,25.899866104125977
0.10000000149011612,209.905517578125,25.898881912231445
0.10000000149011612,210.15684509277344,25.900148391723633
0.10000000149011612,210.40817260742188,25.899059295654297
0.10000000149011612,210.67520141601562,25.898115158081055
0.10000000149011612,210.92652893066406,25.89732551574707
0.10000000149011612,211.19357299804688,25.896696090698242
0.10000000149011612,211.4449005126953,25.89623260498047
0.10000000149011612,211.71192932128906,25.895938873291016
0.10000000149011612,211.9632568359375,25.895822525024414
0.10000000149011612,212.23028564453125,25.895889282226562
0.10000000149011612,212.4816131591797,25.896142959594727
0.10000000149011612,212.7486572265625,25.896589279174805
0.10000000149011612,213.01568603515625,25.895103454589844
0.10000000149011612,213.2670135498047,25.89630126953125
0.10000000149011612,213.5340576171875,25.895557403564453
0.10000000149011612,213.78538513183594,25.894994735717773
0.10000000149011612,214.0524139404297,25.894596099853516
0.10000000149011612,214.30374145507812,25.894350051879883
0.10000000149011612,214.55506896972656,25.894245147705078
0.10000000149011612,214.82211303710938,25.894268035888672
0.10000000149011612,215.0734405517578,25.894405364990234
0.10000000149011612,215.34046936035156,25.89464569091797
0.10000000149011612,215.591796875,25.897109985351562
0.10000000149011612,215.85882568359375,25.89716911315918
0.10000000149011612,216.1101531982422,25.899444580078125
0.10000000149011612,216.377197265625,25.899309158325195
0.10000000149011612,216.62852478027344,25.90138053894043
0.10000000149011612,216.87985229492188,25.903532028198242
0.10000000149011612,217.14688110351562,25.905765533447266
0.10000000149011612,217.39820861816406,25.908090591430664
0.10000000149011612,217.66525268554688,25.910512924194336
0.10000000149011612,217.9165802001953,25.91303253173828
0.10000000149011612,218.18360900878906,25.913528442382812
0.10000000149011612,218.4506378173828,25.916614532470703
0.10000000149011612,218.70196533203125,25.91766357421875
0.10000000149011612,218.96900939941406,25.91880226135254
0.10000000149011612,219.2203369140625,25.92000961303711
0.10000000149011612,219.48736572265625,25.921274185180664
0.10000000149011612,219.7386932373047,25.922584533691406
0.10000000149011612,220.0057373046875,25.92392921447754
0.10000000149011612,220.25706481933594,25.925291061401367
0.10000000149011612,220.5240936279297,25.92665672302246
0.10000000149011612,220.77542114257812,25.92551612854004
0.10000000149011612,221.04246520996094,25.926469802856445
0.10000000149011612,221.29379272460938,25.9273681640625
0.10000000149011612,221.56082153320312,25.92820167541504
0.10000000149011612,221.81214904785156,25.928955078125
0.10000000149011612,222.0791778564453,25.92961311340332
0.10000000149011612,222.33050537109375,25.930164337158203
0.10000000149011612,222.59754943847656,25.930593490600586
0.10000000149011612,222.848876953125,25.930889129638672
0.10000000149011612,223.10020446777344,25.931032180786133
0.10000000149011612,223.3672332763672,25.931015014648438
0.10000000149011612,223.63427734375,25.93332290649414
0.10000000149011612,223.88560485839844,25.933324813842773
0.10000000149011612,224.1526336669922,25.935646057128906
0.10000000149011612,224.40396118164062,25.935653686523438
0.10000000149011612,224.67100524902344,25.937973022460938
0.10000000149011612,224.92233276367188,25.937973022460938
0.10000000149011612,225.18936157226562,25.93814468383789
0.10000000149011612,225.44068908691406,25.9384765625
0.10000000149011612,225.7077178955078,25.938955307006836
0.10000000149011612,225.97476196289062,25.9395694732666
0.10000000149011612,226.22608947753906,25.93780517578125
0.10000000149011612,226.4931182861328,25.938270568847656
0.10000000149011612,226.74444580078125,25.93631935119629
0.10000000149011612,227.01148986816406,25.936555862426758
0.10000000149011612,227.2628173828125,25.934335708618164
0.10000000149011612,227.52984619140625,25.934267044067383
0.10000000149011612,227.7811737060547,25.934202194213867
0.10000000149011612,228.0482177734375,25.934133529663086
0.10000000149011612,228.29954528808594,25.934051513671875
0.10000000149011612,228.55087280273438,25.93394660949707
0.10000000149011612,228.81790161132812,25.933815002441406
0.10000000149011612,229.06922912597656,25.933645248413086
0.10000000149011612,229.3362579345703,25.935564041137695
0.10000000149011612,229.58758544921875,25.934947967529297
0.10000000149011612,229.85462951660156,25.934289932250977
0.10000000149011612,230.10595703125,25.936084747314453
0.10000000149011612,230.37298583984375,25.935714721679688
0.10000000149011612,230.6243133544922,25.937801361083984
0.10000000149011612,230.891357421875,25.937726974487305
0.10000000149011612,231.15838623046875,25.940120697021484
0.10000000149011612,231.4097137451172,25.940366744995117
0.10000000149011612,231.6767578125,25.938461303710938
0.10000000149011612,231.92807006835938,25.93901252746582
0.10000000149011612,232.1951141357422,25.93951988220215
0.10000000149011612,232.44644165039062,25.939983367919922
0.10000000149011612,232.71347045898438,25.940401077270508
0.10000000149011612,232.9647979736328,25.940773010253906
0.10000000149011612,233.23184204101562,25.941091537475586
0.10000000149011612,233.48316955566406,25.941362380981445
0.10000000149011612,233.7501983642578,25.94158363342285
0.10000000149011612,234.00152587890625,25.941757202148438
0.10000000149011612,234.26856994628906,25.94188117980957
0.10000000149011612,234.5198974609375,25.941957473754883
0.10000000149011612,234.78692626953125,25.94198989868164
0.10000000149011612,235.0382537841797,25.941978454589844
0.10000000149011612,235.30528259277344,25.94192886352539
0.10000000149011612,235.55661010742188,25.94183921813965
0.10000000149011612,235.8236541748047,25.941715240478516
0.10000000149011612,236.07498168945312,25.94155502319336
0.10000000149011612,236.34201049804688,25.94386863708496
0.10000000149011612,236.5933380126953,25.94404411315918
0.10000000149011612,236.86038208007812,25.944217681884766
0.10000000149011612,237.11170959472656,25.94439697265625
0.10000000149011612,237.3787384033203,25.9445858001709
0.10000000149011612,237.63006591796875,25.944793701171875
0.10000000149011612,237.89710998535156,25.942888259887695
0.10000000149011612,238.1641387939453,25.94349479675293
0.10000000149011612,238.41546630859375,25.943408966064453
0.10000000149011612,238.6824951171875,25.943288803100586
0.10000000149011612,238.93382263183594,25.94313621520996
0.10000000149011612,239.20086669921875,25.942951202392578
0.10000000149011612,239.4521942138672,25.942731857299805
0.10000000149011612,239.71922302246094,25.94247817993164
0.10000000149011612,239.97055053710938,25.94219398498535
0.10000000149011612,240.2375946044922,25.94187355041504
0.10000000149011612,240.48892211914062,25.9415225982666
0.10000000149011612,240.75595092773438,25.94113540649414
0.10000000149011612,241.0072784423828,25.940717697143555
0.10000000149011612,241.27432250976562,25.940265655517578
0.10000000149011612,241.52565002441406,25.93977928161621
0.10000000149011612,241.7926788330078,25.939260482788086
0.10000000149011612,242.04400634765625,25.938709259033203
0.10000000149011612,242.2953338623047,25.93812370300293
0.10000000149011612,242.56236267089844,25.9375057220459
0.10000000149011612,242.82940673828125,25.936853408813477
0.10000000149011612,243.0807342529297,25.936168670654297
0.10000000149011612,243.34776306152344,25.935449600219727
0.10000000149011612,243.59909057617188,25.9346981048584
0.10000000149011612,243.8661346435547,25.933914184570312
0.10000000149011612,244.11746215820312,25.933095932006836
0.10000000149011612,244.38449096679688,25.93224334716797
0.10000000149011612,244.6515350341797,25.931358337402344
0.10000000149011612,244.90286254882812,25.93044090270996
0.10000000149011612,245.15419006347656,25.929489135742188
0.10000000149011612,245.4212188720703,25.928504943847656
0.10000000149011612,245.67254638671875,25.927486419677734
0.10000000149011612,245.9395751953125,25.926435470581055
0.10000000149011612,246.19090270996094,25.925352096557617
0.10000000149011612,246.45794677734375,25.92423439025879
0.10000000149011612,246.7092742919922,25.92308235168457
0.10000000149011612,246.97630310058594,25.921897888183594
0.10000000149011612,247.22763061523438,25.92068099975586
0.10000000149011612,247.4946746826172,25.919429779052734
0.10000000149011612,247.74600219726562,25.91814613342285
0.10000000149011612,248.01303100585938,25.916828155517578
0.10000000149011612,248.2643585205078,25.915477752685547
0.10000000149011612,248.53138732910156,25.914093017578125
0.10000000149011612,248.78271484375,25.912675857543945
0.10000000149011612,249.0497589111328,25.911226272583008
0.10000000149011612,249.30108642578125,25.90974235534668
0.10000000149011612,249.568115234375,25.90822410583496
0.10000000149011612,249.81944274902344,25.906673431396484
0.10000000149011612,250.08648681640625,25.90509033203125
0.10000000149011612,250.3378143310547,25.903472900390625
0.10000000149011612,250.60484313964844,25.901823043823242
0.10000000149011612,250.87188720703125,25.9001407623291
0.10000000149011612,251.1232147216797,25.89842414855957
